MRELG_ID,TITLE,DISPLAY_ARTIST,GENRES,FIRST_SALE_DATE,WEEK_END_DATE,WEEKS_SINCE_RELEASE,WEEKLY_ALBUM_EQUIVALENTS,PRODUCT_SALES
MRELG36199D992D5E4AAC85DE2536CE532993,NEW WORLD DEPRESSION,$UICIDEBOY$,"[
  {
    ""CLIENT_DOMAIN"": ""Billboard"",
    ""GENRES"": [
      ""R&B/Hip-Hop"",
      ""Rap""
    ],
    ""IS_APPROVED"": true,
    ""MAIN_GENRE"": ""Rap""
  },
  {
    ""CLIENT_DOMAIN"": ""Luminate"",
    ""GENRES"": [
      ""Rap"",
      ""R&B/Hip-Hop""
    ],
    ""MAIN_GENRE"": ""Rap""
  }
]",2024-06-14,2024-06-20,1,67474.53458371,19595
MRELG36199D992D5E4AAC85DE2536CE532993,NEW WORLD DEPRESSION,$UICIDEBOY$,"[
  {
    ""CLIENT_DOMAIN"": ""Billboard"",
    ""GENRES"": [
      ""R&B/Hip-Hop"",
      ""Rap""
    ],
    ""IS_APPROVED"": true,
    ""MAIN_GENRE"": ""Rap""
  },
  {
    ""CLIENT_DOMAIN"": ""Luminate"",
    ""GENRES"": [
      ""Rap"",
      ""R&B/Hip-Hop""
    ],
    ""MAIN_GENRE"": ""Rap""
  }
]",2024-06-14,2024-06-27,2,37438.97830119,8035
MRELGAF374FFA24F146D1A3C84F5C195466D1,"SING ME A LULLABY, MY SWEET TEMPTATION",$UICIDEBOY$,"[
  {
    ""CLIENT_DOMAIN"": ""Luminate"",
    ""GENRES"": [
      ""Rap"",
      ""R&B/Hip-Hop""
    ],
    ""MAIN_GENRE"": ""Rap""
  },
  {
    ""CLIENT_DOMAIN"": ""Billboard"",
    ""GENRES"": [
      ""Rap"",
      ""R&B/Hip-Hop""
    ],
    ""IS_APPROVED"": true,
    ""MAIN_GENRE"": ""Rap""
  }
]",2022-07-29,2022-08-04,1,36482.78417078,3664
MRELGAF374FFA24F146D1A3C84F5C195466D1,"SING ME A LULLABY, MY SWEET TEMPTATION",$UICIDEBOY$,"[
  {
    ""CLIENT_DOMAIN"": ""Luminate"",
    ""GENRES"": [
      ""Rap"",
      ""R&B/Hip-Hop""
    ],
    ""MAIN_GENRE"": ""Rap""
  },
  {
    ""CLIENT_DOMAIN"": ""Billboard"",
    ""GENRES"": [
      ""Rap"",
      ""R&B/Hip-Hop""
    ],
    ""IS_APPROVED"": true,
    ""MAIN_GENRE"": ""Rap""
  }
]",2022-07-29,2022-08-11,2,21700.33273325,1340
MRELG0758D1589EEC40BAB851B028A68A00FD,THY KINGDOM COME,$UICIDEBOY$,"[
  {
    ""CLIENT_DOMAIN"": ""Billboard"",
    ""GENRES"": [
      ""R&B/Hip-Hop"",
      ""Rap""
    ],
    ""IS_APPROVED"": true,
    ""MAIN_GENRE"": ""Rap""
  },
  {
    ""CLIENT_DOMAIN"": ""Luminate"",
    ""GENRES"": [
      ""Rock"",
      ""Rap"",
      ""R&B/Hip-Hop""
    ],
    ""MAIN_GENRE"": ""Rap""
  }
]",2025-08-01,2025-08-07,1,57908.34190116,23687
MRELG0758D1589EEC40BAB851B028A68A00FD,THY KINGDOM COME,$UICIDEBOY$,"[
  {
    ""CLIENT_DOMAIN"": ""Billboard"",
    ""GENRES"": [
      ""R&B/Hip-Hop"",
      ""Rap""
    ],
    ""IS_APPROVED"": true,
    ""MAIN_GENRE"": ""Rap""
  },
  {
    ""CLIENT_DOMAIN"": ""Luminate"",
    ""GENRES"": [
      ""Rock"",
      ""Rap"",
      ""R&B/Hip-Hop""
    ],
    ""MAIN_GENRE"": ""Rap""
  }
]",2025-08-01,2025-08-14,2,25969.54955604,6394
MRELG9762943F72D64945AC15E227D8F3A9D9,THY WILL BE DONE,$UICIDEBOY$,"[
  {
    ""CLIENT_DOMAIN"": ""Luminate"",
    ""GENRES"": [
      ""Rap"",
      ""R&B/Hip-Hop""
    ],
    ""MAIN_GENRE"": ""R&B/Hip-Hop""
  },
  {
    ""CLIENT_DOMAIN"": ""Billboard"",
    ""GENRES"": [
      ""R&B/Hip-Hop"",
      ""Rap""
    ],
    ""IS_APPROVED"": true,
    ""MAIN_GENRE"": ""Rap""
  }
]",2025-12-25,2026-01-01,1,20253.02302231,383
MRELG9762943F72D64945AC15E227D8F3A9D9,THY WILL BE DONE,$UICIDEBOY$,"[
  {
    ""CLIENT_DOMAIN"": ""Luminate"",
    ""GENRES"": [
      ""Rap"",
      ""R&B/Hip-Hop""
    ],
    ""MAIN_GENRE"": ""R&B/Hip-Hop""
  },
  {
    ""CLIENT_DOMAIN"": ""Billboard"",
    ""GENRES"": [
      ""R&B/Hip-Hop"",
      ""Rap""
    ],
    ""IS_APPROVED"": true,
    ""MAIN_GENRE"": ""Rap""
  }
]",2025-12-25,2026-01-08,2,18137.55060000,203
MRELG9514724A75F747008E8069FD5671DBC2,I WANT TO DIE IN NEW ORLEANS,$uicideboy$,"[
  {
    ""CLIENT_DOMAIN"": ""Luminate"",
    ""GENRES"": [
      ""Rap"",
      ""R&B/Hip-Hop""
    ],
    ""MAIN_GENRE"": ""Rap""
  },
  {
    ""CLIENT_DOMAIN"": ""Billboard"",
    ""GENRES"": [
      ""Rap"",
      ""R&B/Hip-Hop""
    ],
    ""IS_APPROVED"": true,
    ""MAIN_GENRE"": ""Rap""
  }
]",2018-09-07,2018-09-13,1,46603.63814847,30672
MRELG9514724A75F747008E8069FD5671DBC2,I WANT TO DIE IN NEW ORLEANS,$uicideboy$,"[
  {
    ""CLIENT_DOMAIN"": ""Luminate"",
    ""GENRES"": [
      ""Rap"",
      ""R&B/Hip-Hop""
    ],
    ""MAIN_GENRE"": ""Rap""
  },
  {
    ""CLIENT_DOMAIN"": ""Billboard"",
    ""GENRES"": [
      ""Rap"",
      ""R&B/Hip-Hop""
    ],
    ""IS_APPROVED"": true,
    ""MAIN_GENRE"": ""Rap""
  }
]",2018-09-07,2018-09-20,2,10327.87238942,1356
MRELG8C299F7AA1E5465C909F860418110ED5,LONG TERM EFFECTS OF SUFFERING,$uicideboy$,"[
  {
    ""CLIENT_DOMAIN"": ""Billboard"",
    ""GENRES"": [
      ""Rap"",
      ""R&B/Hip-Hop""
    ],
    ""IS_APPROVED"": true,
    ""MAIN_GENRE"": ""Rap""
  },
  {
    ""CLIENT_DOMAIN"": ""Luminate"",
    ""GENRES"": [
      ""Rap"",
      ""R&B/Hip-Hop""
    ],
    ""MAIN_GENRE"": ""Rap""
  }
]",2021-08-13,2021-08-19,1,31793.46181485,5756
MRELG8C299F7AA1E5465C909F860418110ED5,LONG TERM EFFECTS OF SUFFERING,$uicideboy$,"[
  {
    ""CLIENT_DOMAIN"": ""Billboard"",
    ""GENRES"": [
      ""Rap"",
      ""R&B/Hip-Hop""
    ],
    ""IS_APPROVED"": true,
    ""MAIN_GENRE"": ""Rap""
  },
  {
    ""CLIENT_DOMAIN"": ""Luminate"",
    ""GENRES"": [
      ""Rap"",
      ""R&B/Hip-Hop""
    ],
    ""MAIN_GENRE"": ""Rap""
  }
]",2021-08-13,2021-08-26,2,15908.03253571,1474
MRELG5D923E3069794632930C9D23529AA85D,Rap Or Go To The League,2 Chainz,"[
  {
    ""CLIENT_DOMAIN"": ""Luminate"",
    ""GENRES"": [
      ""Rap"",
      ""R&B/Hip-Hop""
    ],
    ""MAIN_GENRE"": ""Rap""
  },
  {
    ""CLIENT_DOMAIN"": ""Billboard"",
    ""GENRES"": [
      ""R&B/Hip-Hop"",
      ""Rap""
    ],
    ""IS_APPROVED"": true,
    ""MAIN_GENRE"": ""Rap""
  }
]",2019-03-01,2019-03-07,1,67692.09816111,12716
MRELG5D923E3069794632930C9D23529AA85D,Rap Or Go To The League,2 Chainz,"[
  {
    ""CLIENT_DOMAIN"": ""Luminate"",
    ""GENRES"": [
      ""Rap"",
      ""R&B/Hip-Hop""
    ],
    ""MAIN_GENRE"": ""Rap""
  },
  {
    ""CLIENT_DOMAIN"": ""Billboard"",
    ""GENRES"": [
      ""R&B/Hip-Hop"",
      ""Rap""
    ],
    ""IS_APPROVED"": true,
    ""MAIN_GENRE"": ""Rap""
  }
]",2019-03-01,2019-03-14,2,27154.99765341,3020
MRELG95A31FFD80FA4D0CAEA45785A6D78EC4,So Help Me God!,2 Chainz,"[
  {
    ""CLIENT_DOMAIN"": ""Billboard"",
    ""GENRES"": [
      ""R&B/Hip-Hop"",
      ""Rap""
    ],
    ""IS_APPROVED"": true,
    ""MAIN_GENRE"": ""Rap""
  },
  {
    ""CLIENT_DOMAIN"": ""Luminate"",
    ""GENRES"": [
      ""Rap"",
      ""R&B/Hip-Hop""
    ],
    ""MAIN_GENRE"": ""Rap""
  }
]",2020-11-13,2020-11-19,1,27978.61466935,2050
MRELG95A31FFD80FA4D0CAEA45785A6D78EC4,So Help Me God!,2 Chainz,"[
  {
    ""CLIENT_DOMAIN"": ""Billboard"",
    ""GENRES"": [
      ""R&B/Hip-Hop"",
      ""Rap""
    ],
    ""IS_APPROVED"": true,
    ""MAIN_GENRE"": ""Rap""
  },
  {
    ""CLIENT_DOMAIN"": ""Luminate"",
    ""GENRES"": [
      ""Rap"",
      ""R&B/Hip-Hop""
    ],
    ""MAIN_GENRE"": ""Rap""
  }
]",2020-11-13,2020-11-26,2,12315.06919507,396
MRELG280AC95C405442D48EB885BDE92D4391,Welcome 2 Collegrove,2 Chainz Feat. Lil Wayne,"[
  {
    ""CLIENT_DOMAIN"": ""Billboard"",
    ""GENRES"": [
      ""R&B/Hip-Hop"",
      ""Rap""
    ],
    ""IS_APPROVED"": true,
    ""MAIN_GENRE"": ""Rap""
  },
  {
    ""CLIENT_DOMAIN"": ""Luminate"",
    ""GENRES"": [
      ""Rap"",
      ""R&B/Hip-Hop""
    ],
    ""MAIN_GENRE"": ""Rap""
  }
]",2023-11-17,2023-11-23,1,31889.37692686,3117
MRELG280AC95C405442D48EB885BDE92D4391,Welcome 2 Collegrove,2 Chainz Feat. Lil Wayne,"[
  {
    ""CLIENT_DOMAIN"": ""Billboard"",
    ""GENRES"": [
      ""R&B/Hip-Hop"",
      ""Rap""
    ],
    ""IS_APPROVED"": true,
    ""MAIN_GENRE"": ""Rap""
  },
  {
    ""CLIENT_DOMAIN"": ""Luminate"",
    ""GENRES"": [
      ""Rap"",
      ""R&B/Hip-Hop""
    ],
    ""MAIN_GENRE"": ""Rap""
  }
]",2023-11-17,2023-11-30,2,11989.57252256,549
MRELG8D59236967804280BC54D651D1E81D59,AMERICAN DREAM,21 Savage,"[
  {
    ""CLIENT_DOMAIN"": ""Luminate"",
    ""GENRES"": [
      ""Rap"",
      ""R&B/Hip-Hop""
    ],
    ""MAIN_GENRE"": ""Rap""
  },
  {
    ""CLIENT_DOMAIN"": ""Billboard"",
    ""GENRES"": [
      ""Rap"",
      ""R&B/Hip-Hop""
    ],
    ""IS_APPROVED"": true,
    ""MAIN_GENRE"": ""Rap""
  }
]",2024-01-12,2024-01-18,1,132914.01800241,3920
MRELG8D59236967804280BC54D651D1E81D59,AMERICAN DREAM,21 Savage,"[
  {
    ""CLIENT_DOMAIN"": ""Luminate"",
    ""GENRES"": [
      ""Rap"",
      ""R&B/Hip-Hop""
    ],
    ""MAIN_GENRE"": ""Rap""
  },
  {
    ""CLIENT_DOMAIN"": ""Billboard"",
    ""GENRES"": [
      ""Rap"",
      ""R&B/Hip-Hop""
    ],
    ""IS_APPROVED"": true,
    ""MAIN_GENRE"": ""Rap""
  }
]",2024-01-12,2024-01-25,2,78153.98133521,1117
MRELG36F124BA151744859549F3BFC39A44B9,WHAT HAPPENED TO THE STREETS?,21 Savage,"[
  {
    ""CLIENT_DOMAIN"": ""Luminate"",
    ""GENRES"": [
      ""Rap"",
      ""R&B/Hip-Hop""
    ],
    ""MAIN_GENRE"": ""Rap""
  },
  {
    ""CLIENT_DOMAIN"": ""Billboard"",
    ""GENRES"": [
      ""Rap"",
      ""R&B/Hip-Hop""
    ],
    ""IS_APPROVED"": true,
    ""MAIN_GENRE"": ""Rap""
  }
]",2025-12-12,2025-12-18,1,73120.23182895,24689
MRELG36F124BA151744859549F3BFC39A44B9,WHAT HAPPENED TO THE STREETS?,21 Savage,"[
  {
    ""CLIENT_DOMAIN"": ""Luminate"",
    ""GENRES"": [
      ""Rap"",
      ""R&B/Hip-Hop""
    ],
    ""MAIN_GENRE"": ""Rap""
  },
  {
    ""CLIENT_DOMAIN"": ""Billboard"",
    ""GENRES"": [
      ""Rap"",
      ""R&B/Hip-Hop""
    ],
    ""IS_APPROVED"": true,
    ""MAIN_GENRE"": ""Rap""
  }
]",2025-12-12,2025-12-25,2,26699.01796375,3834
MRELGD19A88D6AF64453EB7BAA430851DEE4D,i am > i was,21 Savage,"[
  {
    ""CLIENT_DOMAIN"": ""Billboard"",
    ""GENRES"": [
      ""R&B/Hip-Hop"",
      ""Rap""
    ],
    ""IS_APPROVED"": true,
    ""MAIN_GENRE"": ""Rap""
  },
  {
    ""CLIENT_DOMAIN"": ""Luminate"",
    ""GENRES"": [
      ""Rap"",
      ""R&B/Hip-Hop""
    ],
    ""MAIN_GENRE"": ""Rap""
  }
]",2018-12-21,2018-12-27,1,133960.90712818,17871
MRELGD19A88D6AF64453EB7BAA430851DEE4D,i am > i was,21 Savage,"[
  {
    ""CLIENT_DOMAIN"": ""Billboard"",
    ""GENRES"": [
      ""R&B/Hip-Hop"",
      ""Rap""
    ],
    ""IS_APPROVED"": true,
    ""MAIN_GENRE"": ""Rap""
  },
  {
    ""CLIENT_DOMAIN"": ""Luminate"",
    ""GENRES"": [
      ""Rap"",
      ""R&B/Hip-Hop""
    ],
    ""MAIN_GENRE"": ""Rap""
  }
]",2018-12-21,2019-01-03,2,66990.16226571,3482
MRELG8B2276D4168048F2AA1FFB4543D732DE,SAVAGE MODE II,21 Savage & Metro Boomin,"[
  {
    ""CLIENT_DOMAIN"": ""Luminate"",
    ""GENRES"": [
      ""Rap"",
      ""R&B/Hip-Hop""
    ],
    ""MAIN_GENRE"": ""Rap""
  },
  {
    ""CLIENT_DOMAIN"": ""Billboard"",
    ""GENRES"": [
      ""Rap"",
      ""R&B/Hip-Hop""
    ],
    ""IS_APPROVED"": true,
    ""MAIN_GENRE"": ""Rap""
  }
]",2020-10-02,2020-10-08,1,172172.22768249,21978
MRELG8B2276D4168048F2AA1FFB4543D732DE,SAVAGE MODE II,21 Savage & Metro Boomin,"[
  {
    ""CLIENT_DOMAIN"": ""Luminate"",
    ""GENRES"": [
      ""Rap"",
      ""R&B/Hip-Hop""
    ],
    ""MAIN_GENRE"": ""Rap""
  },
  {
    ""CLIENT_DOMAIN"": ""Billboard"",
    ""GENRES"": [
      ""Rap"",
      ""R&B/Hip-Hop""
    ],
    ""IS_APPROVED"": true,
    ""MAIN_GENRE"": ""Rap""
  }
]",2020-10-02,2020-10-15,2,66744.41790641,1375
MRELGFDAAE65FEDB74041B2FE7C06F765DD98,Free Dem Boyz,42 Dugg,"[
  {
    ""CLIENT_DOMAIN"": ""Luminate"",
    ""GENRES"": [
      ""Rap"",
      ""R&B/Hip-Hop""
    ],
    ""MAIN_GENRE"": ""Rap""
  },
  {
    ""CLIENT_DOMAIN"": ""Billboard"",
    ""GENRES"": [
      ""R&B/Hip-Hop"",
      ""Rap""
    ],
    ""IS_APPROVED"": true,
    ""MAIN_GENRE"": ""Rap""
  }
]",2021-05-21,2021-05-27,1,32276.36355134,1146
MRELGFDAAE65FEDB74041B2FE7C06F765DD98,Free Dem Boyz,42 Dugg,"[
  {
    ""CLIENT_DOMAIN"": ""Luminate"",
    ""GENRES"": [
      ""Rap"",
      ""R&B/Hip-Hop""
    ],
    ""MAIN_GENRE"": ""Rap""
  },
  {
    ""CLIENT_DOMAIN"": ""Billboard"",
    ""GENRES"": [
      ""R&B/Hip-Hop"",
      ""Rap""
    ],
    ""IS_APPROVED"": true,
    ""MAIN_GENRE"": ""Rap""
  }
]",2021-05-21,2021-06-03,2,22743.77281672,138
MRELG1DED997FFB1349F3B09D71073F6E8E26,CALM,5 SECONDS OF SUMMER,"[
  {
    ""CLIENT_DOMAIN"": ""Billboard"",
    ""GENRES"": [
      ""Pop""
    ],
    ""IS_APPROVED"": true,
    ""MAIN_GENRE"": ""Pop""
  },
  {
    ""CLIENT_DOMAIN"": ""Luminate"",
    ""GENRES"": [
      ""Punk"",
      ""Pop""
    ],
    ""MAIN_GENRE"": ""Pop""
  }
]",2020-03-27,2020-04-02,1,131992.31499662,113009
MRELG1DED997FFB1349F3B09D71073F6E8E26,CALM,5 SECONDS OF SUMMER,"[
  {
    ""CLIENT_DOMAIN"": ""Billboard"",
    ""GENRES"": [
      ""Pop""
    ],
    ""IS_APPROVED"": true,
    ""MAIN_GENRE"": ""Pop""
  },
  {
    ""CLIENT_DOMAIN"": ""Luminate"",
    ""GENRES"": [
      ""Punk"",
      ""Pop""
    ],
    ""MAIN_GENRE"": ""Pop""
  }
]",2020-03-27,2020-04-09,2,17896.73023950,7067
MRELG7A128D84654C488F950462D3FF3CC0E1,Youngblood,5 SECONDS OF SUMMER,"[
  {
    ""CLIENT_DOMAIN"": ""Luminate"",
    ""GENRES"": [
      ""Punk"",
      ""Rock"",
      ""Pop""
    ],
    ""MAIN_GENRE"": ""Pop""
  },
  {
    ""CLIENT_DOMAIN"": ""Billboard"",
    ""GENRES"": [
      ""Pop""
    ],
    ""IS_APPROVED"": true,
    ""MAIN_GENRE"": ""Pop""
  }
]",2018-06-15,2018-06-21,1,142797.61029415,116745
MRELG7A128D84654C488F950462D3FF3CC0E1,Youngblood,5 SECONDS OF SUMMER,"[
  {
    ""CLIENT_DOMAIN"": ""Luminate"",
    ""GENRES"": [
      ""Punk"",
      ""Rock"",
      ""Pop""
    ],
    ""MAIN_GENRE"": ""Pop""
  },
  {
    ""CLIENT_DOMAIN"": ""Billboard"",
    ""GENRES"": [
      ""Pop""
    ],
    ""IS_APPROVED"": true,
    ""MAIN_GENRE"": ""Pop""
  }
]",2018-06-15,2018-06-28,2,30889.85003907,14028
MRELGEE54A7E56CA34B6AB42FE2D73E5722ED,EVERYONE'S A STAR!,5 Seconds Of Summer,"[
  {
    ""CLIENT_DOMAIN"": ""Luminate"",
    ""GENRES"": [
      ""Pop""
    ],
    ""MAIN_GENRE"": ""Pop""
  },
  {
    ""CLIENT_DOMAIN"": ""Billboard"",
    ""GENRES"": [
      ""Pop""
    ],
    ""IS_APPROVED"": true,
    ""MAIN_GENRE"": ""Pop""
  }
]",2025-11-14,2025-11-20,1,51353.23524010,41823
MRELGEE54A7E56CA34B6AB42FE2D73E5722ED,EVERYONE'S A STAR!,5 Seconds Of Summer,"[
  {
    ""CLIENT_DOMAIN"": ""Luminate"",
    ""GENRES"": [
      ""Pop""
    ],
    ""MAIN_GENRE"": ""Pop""
  },
  {
    ""CLIENT_DOMAIN"": ""Billboard"",
    ""GENRES"": [
      ""Pop""
    ],
    ""IS_APPROVED"": true,
    ""MAIN_GENRE"": ""Pop""
  }
]",2025-11-14,2025-11-27,2,7918.73071257,2565
MRELG763BA860D3D7428D991632C848F783CD,East Atlanta Love Letter,6LACK,"[
  {
    ""CLIENT_DOMAIN"": ""Billboard"",
    ""GENRES"": [
      ""R&B"",
      ""R&B/Hip-Hop""
    ],
    ""IS_APPROVED"": true,
    ""MAIN_GENRE"": ""R&B""
  },
  {
    ""CLIENT_DOMAIN"": ""Luminate"",
    ""GENRES"": [
      ""R&B/Hip-Hop""
    ],
    ""MAIN_GENRE"": ""R&B/Hip-Hop""
  }
]",2018-09-14,2018-09-20,1,77816.50532077,20227
MRELG763BA860D3D7428D991632C848F783CD,East Atlanta Love Letter,6LACK,"[
  {
    ""CLIENT_DOMAIN"": ""Billboard"",
    ""GENRES"": [
      ""R&B"",
      ""R&B/Hip-Hop""
    ],
    ""IS_APPROVED"": true,
    ""MAIN_GENRE"": ""R&B""
  },
  {
    ""CLIENT_DOMAIN"": ""Luminate"",
    ""GENRES"": [
      ""R&B/Hip-Hop""
    ],
    ""MAIN_GENRE"": ""R&B/Hip-Hop""
  }
]",2018-09-14,2018-09-27,2,33190.29610588,1473
MRELGD5E9DF2120634DACA1CC9FE4AA185C6E,DUMMY BOY,6ix9ine,"[
  {
    ""CLIENT_DOMAIN"": ""Luminate"",
    ""GENRES"": [
      ""Rap"",
      ""R&B/Hip-Hop""
    ],
    ""MAIN_GENRE"": ""Rap""
  },
  {
    ""CLIENT_DOMAIN"": ""Billboard"",
    ""GENRES"": [
      ""R&B/Hip-Hop"",
      ""Rap""
    ],
    ""IS_APPROVED"": true,
    ""MAIN_GENRE"": ""Rap""
  }
]",2018-11-23,2018-11-29,1,84890.07920673,10137
MRELGD5E9DF2120634DACA1CC9FE4AA185C6E,DUMMY BOY,6ix9ine,"[
  {
    ""CLIENT_DOMAIN"": ""Luminate"",
    ""GENRES"": [
      ""Rap"",
      ""R&B/Hip-Hop""
    ],
    ""MAIN_GENRE"": ""Rap""
  },
  {
    ""CLIENT_DOMAIN"": ""Billboard"",
    ""GENRES"": [
      ""R&B/Hip-Hop"",
      ""Rap""
    ],
    ""IS_APPROVED"": true,
    ""MAIN_GENRE"": ""Rap""
  }
]",2018-11-23,2018-12-06,2,90825.69439651,4605
MRELG01C43233D82244679472E135C1523889,FEFE,6ix9ine,"[
  {
    ""CLIENT_DOMAIN"": ""Billboard"",
    ""GENRES"": [
      ""Rap"",
      ""R&B/Hip-Hop""
    ],
    ""IS_APPROVED"": true,
    ""MAIN_GENRE"": ""Rap""
  },
  {
    ""CLIENT_DOMAIN"": ""Luminate"",
    ""GENRES"": [
      ""Rap"",
      ""R&B/Hip-Hop""
    ],
    ""MAIN_GENRE"": ""Rap""
  }
]",2018-07-22,2018-07-26,1,26139.60991532,40
MRELG01C43233D82244679472E135C1523889,FEFE,6ix9ine,"[
  {
    ""CLIENT_DOMAIN"": ""Billboard"",
    ""GENRES"": [
      ""Rap"",
      ""R&B/Hip-Hop""
    ],
    ""IS_APPROVED"": true,
    ""MAIN_GENRE"": ""Rap""
  },
  {
    ""CLIENT_DOMAIN"": ""Luminate"",
    ""GENRES"": [
      ""Rap"",
      ""R&B/Hip-Hop""
    ],
    ""MAIN_GENRE"": ""Rap""
  }
]",2018-07-22,2018-08-02,2,34558.23934113,46
MRELGB56E2BB765FB48C0B1DCE4D9D953848F,HOODIE SZN,A BOOGIE WIT DA HOODIE,"[
  {
    ""CLIENT_DOMAIN"": ""Luminate"",
    ""GENRES"": [
      ""Rap"",
      ""R&B/Hip-Hop""
    ],
    ""MAIN_GENRE"": ""Rap""
  },
  {
    ""CLIENT_DOMAIN"": ""Billboard"",
    ""GENRES"": [
      ""Rap"",
      ""R&B/Hip-Hop""
    ],
    ""IS_APPROVED"": true,
    ""MAIN_GENRE"": ""Rap""
  }
]",2018-12-21,2018-12-27,1,92889.88896555,6312
MRELGB56E2BB765FB48C0B1DCE4D9D953848F,HOODIE SZN,A BOOGIE WIT DA HOODIE,"[
  {
    ""CLIENT_DOMAIN"": ""Luminate"",
    ""GENRES"": [
      ""Rap"",
      ""R&B/Hip-Hop""
    ],
    ""MAIN_GENRE"": ""Rap""
  },
  {
    ""CLIENT_DOMAIN"": ""Billboard"",
    ""GENRES"": [
      ""Rap"",
      ""R&B/Hip-Hop""
    ],
    ""IS_APPROVED"": true,
    ""MAIN_GENRE"": ""Rap""
  }
]",2018-12-21,2019-01-03,2,61580.79763770,1374
MRELG5168810BF2D14866935BC7C7C4FE5F67,ARTIST 2.0,A Boogie Wit Da Hoodie,"[
  {
    ""CLIENT_DOMAIN"": ""Luminate"",
    ""GENRES"": [
      ""Rap"",
      ""R&B/Hip-Hop""
    ],
    ""MAIN_GENRE"": ""Rap""
  },
  {
    ""CLIENT_DOMAIN"": ""Billboard"",
    ""GENRES"": [
      ""R&B/Hip-Hop"",
      ""Rap""
    ],
    ""IS_APPROVED"": true,
    ""MAIN_GENRE"": ""Rap""
  }
]",2020-02-13,2020-02-20,1,115437.38089979,3263
MRELG5168810BF2D14866935BC7C7C4FE5F67,ARTIST 2.0,A Boogie Wit Da Hoodie,"[
  {
    ""CLIENT_DOMAIN"": ""Luminate"",
    ""GENRES"": [
      ""Rap"",
      ""R&B/Hip-Hop""
    ],
    ""MAIN_GENRE"": ""Rap""
  },
  {
    ""CLIENT_DOMAIN"": ""Billboard"",
    ""GENRES"": [
      ""R&B/Hip-Hop"",
      ""Rap""
    ],
    ""IS_APPROVED"": true,
    ""MAIN_GENRE"": ""Rap""
  }
]",2020-02-13,2020-02-27,2,58771.04711990,721
MRELG8DD624EC5B9A4257B79670F7CD5DAC4C,B4 AVA,A Boogie Wit Da Hoodie,"[
  {
    ""CLIENT_DOMAIN"": ""Billboard"",
    ""GENRES"": [
      ""R&B/Hip-Hop"",
      ""Rap""
    ],
    ""IS_APPROVED"": true,
    ""MAIN_GENRE"": ""Rap""
  },
  {
    ""CLIENT_DOMAIN"": ""Luminate"",
    ""GENRES"": [
      ""Rap"",
      ""R&B/Hip-Hop""
    ],
    ""MAIN_GENRE"": ""Rap""
  }
]",2021-12-09,2021-12-16,1,26971.51288103,1324
MRELG8DD624EC5B9A4257B79670F7CD5DAC4C,B4 AVA,A Boogie Wit Da Hoodie,"[
  {
    ""CLIENT_DOMAIN"": ""Billboard"",
    ""GENRES"": [
      ""R&B/Hip-Hop"",
      ""Rap""
    ],
    ""IS_APPROVED"": true,
    ""MAIN_GENRE"": ""Rap""
  },
  {
    ""CLIENT_DOMAIN"": ""Luminate"",
    ""GENRES"": [
      ""Rap"",
      ""R&B/Hip-Hop""
    ],
    ""MAIN_GENRE"": ""Rap""
  }
]",2021-12-09,2021-12-23,2,13378.08422895,1276
MRELG1CDB683FA9E3465BA5D41F895E9C3CB0,EAT THE ELEPHANT,A PERFECT CIRCLE,"[
  {
    ""CLIENT_DOMAIN"": ""Billboard"",
    ""GENRES"": [
      ""Alt. Rock"",
      ""Rock""
    ],
    ""IS_APPROVED"": true,
    ""MAIN_GENRE"": ""Alt. Rock""
  },
  {
    ""CLIENT_DOMAIN"": ""Luminate"",
    ""GENRES"": [
      ""Rock""
    ],
    ""MAIN_GENRE"": ""Rock""
  }
]",2018-04-20,2018-04-26,1,67654.06264647,62541
MRELG1CDB683FA9E3465BA5D41F895E9C3CB0,EAT THE ELEPHANT,A PERFECT CIRCLE,"[
  {
    ""CLIENT_DOMAIN"": ""Billboard"",
    ""GENRES"": [
      ""Alt. Rock"",
      ""Rock""
    ],
    ""IS_APPROVED"": true,
    ""MAIN_GENRE"": ""Alt. Rock""
  },
  {
    ""CLIENT_DOMAIN"": ""Luminate"",
    ""GENRES"": [
      ""Rock""
    ],
    ""MAIN_GENRE"": ""Rock""
  }
]",2018-04-20,2018-05-03,2,16206.67005305,13452
MRELG5E74D54C3FD64AB8AC899DCA7F951F63,TESTING,A$AP Rocky,"[
  {
    ""CLIENT_DOMAIN"": ""Luminate"",
    ""GENRES"": [
      ""Rap"",
      ""R&B/Hip-Hop""
    ],
    ""MAIN_GENRE"": ""Rap""
  },
  {
    ""CLIENT_DOMAIN"": ""Billboard"",
    ""GENRES"": [
      ""R&B/Hip-Hop"",
      ""Rap""
    ],
    ""IS_APPROVED"": true,
    ""MAIN_GENRE"": ""Rap""
  }
]",2018-05-25,2018-05-31,1,82969.89408694,13359
MRELG5E74D54C3FD64AB8AC899DCA7F951F63,TESTING,A$AP Rocky,"[
  {
    ""CLIENT_DOMAIN"": ""Luminate"",
    ""GENRES"": [
      ""Rap"",
      ""R&B/Hip-Hop""
    ],
    ""MAIN_GENRE"": ""Rap""
  },
  {
    ""CLIENT_DOMAIN"": ""Billboard"",
    ""GENRES"": [
      ""R&B/Hip-Hop"",
      ""Rap""
    ],
    ""IS_APPROVED"": true,
    ""MAIN_GENRE"": ""Rap""
  }
]",2018-05-25,2018-06-07,2,30397.90152518,1401
MRELG1288E67EE027414C95B12B40E7943FE3,Voyage,ABBA,"[
  {
    ""CLIENT_DOMAIN"": ""Billboard"",
    ""GENRES"": [
      ""Pop""
    ],
    ""IS_APPROVED"": true,
    ""MAIN_GENRE"": ""Pop""
  },
  {
    ""CLIENT_DOMAIN"": ""Luminate"",
    ""GENRES"": [
      ""Euro Pop"",
      ""Dance & House"",
      ""Pop""
    ],
    ""MAIN_GENRE"": ""Pop""
  }
]",2021-11-05,2021-11-11,1,80271.98721619,76604
MRELG1288E67EE027414C95B12B40E7943FE3,Voyage,ABBA,"[
  {
    ""CLIENT_DOMAIN"": ""Billboard"",
    ""GENRES"": [
      ""Pop""
    ],
    ""IS_APPROVED"": true,
    ""MAIN_GENRE"": ""Pop""
  },
  {
    ""CLIENT_DOMAIN"": ""Luminate"",
    ""GENRES"": [
      ""Euro Pop"",
      ""Dance & House"",
      ""Pop""
    ],
    ""MAIN_GENRE"": ""Pop""
  }
]",2021-11-05,2021-11-18,2,20644.29118128,19378
MRELG0EC8D4E5C3D747EA8F394EE3D1D0C53B,EASY ON ME,ADELE,"[
  {
    ""CLIENT_DOMAIN"": ""Billboard"",
    ""GENRES"": [
      ""Pop""
    ],
    ""IS_APPROVED"": true,
    ""MAIN_GENRE"": ""Pop""
  },
  {
    ""CLIENT_DOMAIN"": ""Luminate"",
    ""GENRES"": [
      ""R&B/Hip-Hop"",
      ""Pop""
    ],
    ""MAIN_GENRE"": ""Pop""
  }
]",2021-10-14,2021-10-21,1,45105.05480172,103
MRELG0EC8D4E5C3D747EA8F394EE3D1D0C53B,EASY ON ME,ADELE,"[
  {
    ""CLIENT_DOMAIN"": ""Billboard"",
    ""GENRES"": [
      ""Pop""
    ],
    ""IS_APPROVED"": true,
    ""MAIN_GENRE"": ""Pop""
  },
  {
    ""CLIENT_DOMAIN"": ""Luminate"",
    ""GENRES"": [
      ""R&B/Hip-Hop"",
      ""Pop""
    ],
    ""MAIN_GENRE"": ""Pop""
  }
]",2021-10-14,2021-10-28,2,24304.26933824,73
MRELG616A311BA0D34649B4B38DE0797CB1E6,DRAMA - THE 4TH MINI ALBUM,AESPA,"[
  {
    ""CLIENT_DOMAIN"": ""Billboard"",
    ""GENRES"": [
      ""World Music"",
      ""K-Pop""
    ],
    ""IS_APPROVED"": true,
    ""MAIN_GENRE"": ""K-Pop""
  },
  {
    ""CLIENT_DOMAIN"": ""Luminate"",
    ""GENRES"": [
      ""K-Pop""
    ],
    ""MAIN_GENRE"": ""K-Pop""
  }
]",2023-11-10,2023-11-16,1,24644.43996421,21413
MRELG616A311BA0D34649B4B38DE0797CB1E6,DRAMA - THE 4TH MINI ALBUM,AESPA,"[
  {
    ""CLIENT_DOMAIN"": ""Billboard"",
    ""GENRES"": [
      ""World Music"",
      ""K-Pop""
    ],
    ""IS_APPROVED"": true,
    ""MAIN_GENRE"": ""K-Pop""
  },
  {
    ""CLIENT_DOMAIN"": ""Luminate"",
    ""GENRES"": [
      ""K-Pop""
    ],
    ""MAIN_GENRE"": ""K-Pop""
  }
]",2023-11-10,2023-11-23,2,10817.14221252,9115
MRELGCC567D00B1394A05B8511941D75E8337,GIRLS - THE 2ND MINI ALBUM,AESPA,"[
  {
    ""CLIENT_DOMAIN"": ""Luminate"",
    ""GENRES"": [
      ""K-Pop""
    ],
    ""MAIN_GENRE"": ""K-Pop""
  },
  {
    ""CLIENT_DOMAIN"": ""Billboard"",
    ""GENRES"": [
      ""K-Pop"",
      ""World Music""
    ],
    ""IS_APPROVED"": true,
    ""MAIN_GENRE"": ""K-Pop""
  }
]",2022-07-08,2022-07-14,1,30042.40481739,27120
MRELGCC567D00B1394A05B8511941D75E8337,GIRLS - THE 2ND MINI ALBUM,AESPA,"[
  {
    ""CLIENT_DOMAIN"": ""Luminate"",
    ""GENRES"": [
      ""K-Pop""
    ],
    ""MAIN_GENRE"": ""K-Pop""
  },
  {
    ""CLIENT_DOMAIN"": ""Billboard"",
    ""GENRES"": [
      ""K-Pop"",
      ""World Music""
    ],
    ""IS_APPROVED"": true,
    ""MAIN_GENRE"": ""K-Pop""
  }
]",2022-07-08,2022-07-21,2,8369.07089477,6530
MRELG97FAB206334342B4924B0883A4B83A15,D-Day,AGUST D,"[
  {
    ""CLIENT_DOMAIN"": ""Billboard"",
    ""GENRES"": [
      ""K-Pop"",
      ""Rap"",
      ""World Music""
    ],
    ""IS_APPROVED"": false,
    ""MAIN_GENRE"": ""World Music""
  },
  {
    ""CLIENT_DOMAIN"": ""Luminate"",
    ""GENRES"": [
      ""Rap"",
      ""K-Pop""
    ],
    ""MAIN_GENRE"": ""Rap""
  }
]",2023-04-21,2023-04-27,1,139714.05870084,121888
MRELG97FAB206334342B4924B0883A4B83A15,D-Day,AGUST D,"[
  {
    ""CLIENT_DOMAIN"": ""Billboard"",
    ""GENRES"": [
      ""K-Pop"",
      ""Rap"",
      ""World Music""
    ],
    ""IS_APPROVED"": false,
    ""MAIN_GENRE"": ""World Music""
  },
  {
    ""CLIENT_DOMAIN"": ""Luminate"",
    ""GENRES"": [
      ""Rap"",
      ""K-Pop""
    ],
    ""MAIN_GENRE"": ""Rap""
  }
]",2023-04-21,2023-05-04,2,32103.42498179,25387
MRELGA7701E1A7E3444FCAF714B3CA68DE351,OK ORCHESTRA,AJR,"[
  {
    ""CLIENT_DOMAIN"": ""Billboard"",
    ""GENRES"": [
      ""Pop"",
      ""Alt. Rock"",
      ""Rock""
    ],
    ""IS_APPROVED"": true,
    ""MAIN_GENRE"": ""Pop""
  },
  {
    ""CLIENT_DOMAIN"": ""Luminate"",
    ""GENRES"": [
      ""Indie Rock"",
      ""Rock"",
      ""Others"",
      ""Pop""
    ],
    ""MAIN_GENRE"": ""Pop""
  }
]",2021-03-26,2021-04-01,1,31387.43619697,13003
MRELGA7701E1A7E3444FCAF714B3CA68DE351,OK ORCHESTRA,AJR,"[
  {
    ""CLIENT_DOMAIN"": ""Billboard"",
    ""GENRES"": [
      ""Pop"",
      ""Alt. Rock"",
      ""Rock""
    ],
    ""IS_APPROVED"": true,
    ""MAIN_GENRE"": ""Pop""
  },
  {
    ""CLIENT_DOMAIN"": ""Luminate"",
    ""GENRES"": [
      ""Indie Rock"",
      ""Rock"",
      ""Others"",
      ""Pop""
    ],
    ""MAIN_GENRE"": ""Pop""
  }
]",2021-03-26,2021-04-08,2,14486.53574193,2026
MRELGFB2C8E4D4D3E49E3B325A3705946388E,The Maybe Man,AJR,"[
  {
    ""CLIENT_DOMAIN"": ""Billboard"",
    ""GENRES"": [
      ""Pop"",
      ""Alt. Rock""
    ],
    ""IS_APPROVED"": true,
    ""MAIN_GENRE"": ""Pop""
  },
  {
    ""CLIENT_DOMAIN"": ""Luminate"",
    ""GENRES"": [
      ""Indie Rock"",
      ""Rock"",
      ""Pop""
    ],
    ""MAIN_GENRE"": ""Rock""
  }
]",2023-11-10,2023-11-16,1,26751.59306538,13438
MRELGFB2C8E4D4D3E49E3B325A3705946388E,The Maybe Man,AJR,"[
  {
    ""CLIENT_DOMAIN"": ""Billboard"",
    ""GENRES"": [
      ""Pop"",
      ""Alt. Rock""
    ],
    ""IS_APPROVED"": true,
    ""MAIN_GENRE"": ""Pop""
  },
  {
    ""CLIENT_DOMAIN"": ""Luminate"",
    ""GENRES"": [
      ""Indie Rock"",
      ""Rock"",
      ""Pop""
    ],
    ""MAIN_GENRE"": ""Rock""
  }
]",2023-11-10,2023-11-23,2,10053.91304125,2292
MRELGE646E1256C24424196498150D7E3C3B2,WHERE HAVE YOU GONE,ALAN JACKSON,"[
  {
    ""CLIENT_DOMAIN"": ""Billboard"",
    ""GENRES"": [
      ""Country""
    ],
    ""IS_APPROVED"": true,
    ""MAIN_GENRE"": ""Country""
  },
  {
    ""CLIENT_DOMAIN"": ""Luminate"",
    ""GENRES"": [
      ""Country""
    ],
    ""MAIN_GENRE"": ""Country""
  }
]",2021-05-14,2021-05-20,1,31279.69330694,26531
MRELGE646E1256C24424196498150D7E3C3B2,WHERE HAVE YOU GONE,ALAN JACKSON,"[
  {
    ""CLIENT_DOMAIN"": ""Billboard"",
    ""GENRES"": [
      ""Country""
    ],
    ""IS_APPROVED"": true,
    ""MAIN_GENRE"": ""Country""
  },
  {
    ""CLIENT_DOMAIN"": ""Luminate"",
    ""GENRES"": [
      ""Country""
    ],
    ""MAIN_GENRE"": ""Country""
  }
]",2021-05-14,2021-05-27,2,13593.81791460,10810
MRELGB7B898B9E0C9416ABE619698DBEC61AE,Rainier Fog,ALICE IN CHAINS,"[
  {
    ""CLIENT_DOMAIN"": ""Billboard"",
    ""GENRES"": [
      ""Alt. Rock"",
      ""Hard Rock"",
      ""Rock""
    ],
    ""IS_APPROVED"": true,
    ""MAIN_GENRE"": ""Alt. Rock""
  },
  {
    ""CLIENT_DOMAIN"": ""Luminate"",
    ""GENRES"": [
      ""Rock"",
      ""Alternative"",
      ""Metal""
    ],
    ""MAIN_GENRE"": ""Rock""
  }
]",2018-08-24,2018-08-30,1,30283.86003942,28651
MRELGB7B898B9E0C9416ABE619698DBEC61AE,Rainier Fog,ALICE IN CHAINS,"[
  {
    ""CLIENT_DOMAIN"": ""Billboard"",
    ""GENRES"": [
      ""Alt. Rock"",
      ""Hard Rock"",
      ""Rock""
    ],
    ""IS_APPROVED"": true,
    ""MAIN_GENRE"": ""Alt. Rock""
  },
  {
    ""CLIENT_DOMAIN"": ""Luminate"",
    ""GENRES"": [
      ""Rock"",
      ""Alternative"",
      ""Metal""
    ],
    ""MAIN_GENRE"": ""Rock""
  }
]",2018-08-24,2018-09-06,2,8040.63749382,7306
MRELGABAB44329A4B4DDABA049FA2B74F079C,OXNARD,ANDERSON .PAAK,"[
  {
    ""CLIENT_DOMAIN"": ""Luminate"",
    ""GENRES"": [
      ""Rap"",
      ""R&B/Hip-Hop"",
      ""Others""
    ],
    ""MAIN_GENRE"": ""Rap""
  },
  {
    ""CLIENT_DOMAIN"": ""Billboard"",
    ""GENRES"": [
      ""R&B/Hip-Hop"",
      ""Rap""
    ],
    ""IS_APPROVED"": false,
    ""MAIN_GENRE"": ""Rap""
  }
]",2018-11-15,2018-11-22,1,39226.46317231,16482
MRELGABAB44329A4B4DDABA049FA2B74F079C,OXNARD,ANDERSON .PAAK,"[
  {
    ""CLIENT_DOMAIN"": ""Luminate"",
    ""GENRES"": [
      ""Rap"",
      ""R&B/Hip-Hop"",
      ""Others""
    ],
    ""MAIN_GENRE"": ""Rap""
  },
  {
    ""CLIENT_DOMAIN"": ""Billboard"",
    ""GENRES"": [
      ""R&B/Hip-Hop"",
      ""Rap""
    ],
    ""IS_APPROVED"": false,
    ""MAIN_GENRE"": ""Rap""
  }
]",2018-11-15,2018-11-29,2,11991.42974351,3196
MRELGA4D73254D8574B2C872F20CF06294B46,VENTURA,ANDERSON .PAAK,"[
  {
    ""CLIENT_DOMAIN"": ""Billboard"",
    ""GENRES"": [
      ""R&B/Hip-Hop"",
      ""R&B""
    ],
    ""IS_APPROVED"": false,
    ""MAIN_GENRE"": ""R&B""
  },
  {
    ""CLIENT_DOMAIN"": ""Luminate"",
    ""GENRES"": [
      ""Latin"",
      ""R&B/Hip-Hop"",
      ""Reggaeton""
    ],
    ""MAIN_GENRE"": ""R&B/Hip-Hop""
  }
]",2019-04-12,2019-04-18,1,55646.31069568,38699
MRELGA4D73254D8574B2C872F20CF06294B46,VENTURA,ANDERSON .PAAK,"[
  {
    ""CLIENT_DOMAIN"": ""Billboard"",
    ""GENRES"": [
      ""R&B/Hip-Hop"",
      ""R&B""
    ],
    ""IS_APPROVED"": false,
    ""MAIN_GENRE"": ""R&B""
  },
  {
    ""CLIENT_DOMAIN"": ""Luminate"",
    ""GENRES"": [
      ""Latin"",
      ""R&B/Hip-Hop"",
      ""Reggaeton""
    ],
    ""MAIN_GENRE"": ""R&B/Hip-Hop""
  }
]",2019-04-12,2019-04-25,2,10140.40444946,2500
MRELGEB0B4643892846979C74B23FFA14CCA3,Naive,ANDY GRAMMER,"[
  {
    ""CLIENT_DOMAIN"": ""Billboard"",
    ""GENRES"": [
      ""Pop""
    ],
    ""IS_APPROVED"": true,
    ""MAIN_GENRE"": ""Pop""
  },
  {
    ""CLIENT_DOMAIN"": ""Luminate"",
    ""GENRES"": [
      ""Rock"",
      ""Pop""
    ],
    ""MAIN_GENRE"": ""Pop""
  }
]",2019-07-26,2019-08-01,1,16141.04451857,11334
MRELGEB0B4643892846979C74B23FFA14CCA3,Naive,ANDY GRAMMER,"[
  {
    ""CLIENT_DOMAIN"": ""Billboard"",
    ""GENRES"": [
      ""Pop""
    ],
    ""IS_APPROVED"": true,
    ""MAIN_GENRE"": ""Pop""
  },
  {
    ""CLIENT_DOMAIN"": ""Luminate"",
    ""GENRES"": [
      ""Rock"",
      ""Pop""
    ],
    ""MAIN_GENRE"": ""Pop""
  }
]",2019-07-26,2019-08-08,2,4437.03812688,1166
MRELGA1E956E39434413498BF2AFC9E6F3061,EMMANUEL,ANUEL AA,"[
  {
    ""CLIENT_DOMAIN"": ""Luminate"",
    ""GENRES"": [
      ""Latin""
    ],
    ""MAIN_GENRE"": ""Latin""
  },
  {
    ""CLIENT_DOMAIN"": ""Billboard"",
    ""GENRES"": [
      ""Latin - Rhythm"",
      ""Latin""
    ],
    ""IS_APPROVED"": true,
    ""MAIN_GENRE"": ""Latin - Rhythm""
  }
]",2020-05-29,2020-06-04,1,39289.00467236,3153
MRELGA1E956E39434413498BF2AFC9E6F3061,EMMANUEL,ANUEL AA,"[
  {
    ""CLIENT_DOMAIN"": ""Luminate"",
    ""GENRES"": [
      ""Latin""
    ],
    ""MAIN_GENRE"": ""Latin""
  },
  {
    ""CLIENT_DOMAIN"": ""Billboard"",
    ""GENRES"": [
      ""Latin - Rhythm"",
      ""Latin""
    ],
    ""IS_APPROVED"": true,
    ""MAIN_GENRE"": ""Latin - Rhythm""
  }
]",2020-05-29,2020-06-11,2,21700.86023018,942
MRELGB3C54439D69E472DB9C1051DACEB8C57,LLNM2,ANUEL AA,"[
  {
    ""CLIENT_DOMAIN"": ""Billboard"",
    ""GENRES"": [
      ""Latin - Rhythm"",
      ""Latin""
    ],
    ""IS_APPROVED"": true,
    ""MAIN_GENRE"": ""Latin - Rhythm""
  },
  {
    ""CLIENT_DOMAIN"": ""Luminate"",
    ""GENRES"": [
      ""Latin""
    ],
    ""MAIN_GENRE"": ""Latin""
  }
]",2022-12-09,2022-12-15,1,22406.06264710,852
MRELGB3C54439D69E472DB9C1051DACEB8C57,LLNM2,ANUEL AA,"[
  {
    ""CLIENT_DOMAIN"": ""Billboard"",
    ""GENRES"": [
      ""Latin - Rhythm"",
      ""Latin""
    ],
    ""IS_APPROVED"": true,
    ""MAIN_GENRE"": ""Latin - Rhythm""
  },
  {
    ""CLIENT_DOMAIN"": ""Luminate"",
    ""GENRES"": [
      ""Latin""
    ],
    ""MAIN_GENRE"": ""Latin""
  }
]",2022-12-09,2022-12-22,2,12135.27348051,84
MRELG11A196B374744188AAD1EBE505D23129,LOS DIOSES,ANUEL AA & OZUNA,"[
  {
    ""CLIENT_DOMAIN"": ""Billboard"",
    ""GENRES"": [
      ""Latin - Rhythm"",
      ""Latin""
    ],
    ""IS_APPROVED"": true,
    ""MAIN_GENRE"": ""Latin - Rhythm""
  },
  {
    ""CLIENT_DOMAIN"": ""Luminate"",
    ""GENRES"": [
      ""Latin""
    ],
    ""MAIN_GENRE"": ""Latin""
  }
]",2021-01-22,2021-01-28,1,28640.37110236,5615
MRELG11A196B374744188AAD1EBE505D23129,LOS DIOSES,ANUEL AA & OZUNA,"[
  {
    ""CLIENT_DOMAIN"": ""Billboard"",
    ""GENRES"": [
      ""Latin - Rhythm"",
      ""Latin""
    ],
    ""IS_APPROVED"": true,
    ""MAIN_GENRE"": ""Latin - Rhythm""
  },
  {
    ""CLIENT_DOMAIN"": ""Luminate"",
    ""GENRES"": [
      ""Latin""
    ],
    ""MAIN_GENRE"": ""Latin""
  }
]",2021-01-22,2021-02-04,2,14501.41276016,2742
MRELG7B877F71E68F4CFE87938AD744A21C54,GOLDEN HOUR : PART.3,ATEEZ,"[
  {
    ""CLIENT_DOMAIN"": ""Luminate"",
    ""GENRES"": [
      ""K-Pop"",
      ""Pop""
    ],
    ""MAIN_GENRE"": ""K-Pop""
  },
  {
    ""CLIENT_DOMAIN"": ""Billboard"",
    ""GENRES"": [
      ""K-Pop"",
      ""World Music""
    ],
    ""IS_APPROVED"": true,
    ""MAIN_GENRE"": ""K-Pop""
  }
]",2025-06-13,2025-06-19,1,105275.76386827,101879
MRELG7B877F71E68F4CFE87938AD744A21C54,GOLDEN HOUR : PART.3,ATEEZ,"[
  {
    ""CLIENT_DOMAIN"": ""Luminate"",
    ""GENRES"": [
      ""K-Pop"",
      ""Pop""
    ],
    ""MAIN_GENRE"": ""K-Pop""
  },
  {
    ""CLIENT_DOMAIN"": ""Billboard"",
    ""GENRES"": [
      ""K-Pop"",
      ""World Music""
    ],
    ""IS_APPROVED"": true,
    ""MAIN_GENRE"": ""K-Pop""
  }
]",2025-06-13,2025-06-26,2,11802.98313791,10228
MRELGC51AF4747A964648A4A973D099C4934A,GOLDEN HOUR : Part.1,ATEEZ,"[
  {
    ""CLIENT_DOMAIN"": ""Luminate"",
    ""GENRES"": [
      ""K-Pop""
    ],
    ""MAIN_GENRE"": ""K-Pop""
  },
  {
    ""CLIENT_DOMAIN"": ""Billboard"",
    ""GENRES"": [
      ""K-Pop"",
      ""World Music""
    ],
    ""IS_APPROVED"": true,
    ""MAIN_GENRE"": ""K-Pop""
  }
]",2024-05-31,2024-06-06,1,123941.30283486,119371
MRELGC51AF4747A964648A4A973D099C4934A,GOLDEN HOUR : Part.1,ATEEZ,"[
  {
    ""CLIENT_DOMAIN"": ""Luminate"",
    ""GENRES"": [
      ""K-Pop""
    ],
    ""MAIN_GENRE"": ""K-Pop""
  },
  {
    ""CLIENT_DOMAIN"": ""Billboard"",
    ""GENRES"": [
      ""K-Pop"",
      ""World Music""
    ],
    ""IS_APPROVED"": true,
    ""MAIN_GENRE"": ""K-Pop""
  }
]",2024-05-31,2024-06-13,2,48139.09147580,45961
MRELG7038BA34BC09414D9B0AB40D82927E9D,THE WORLD EP.1 : MOVEMENT,ATEEZ,"[
  {
    ""CLIENT_DOMAIN"": ""Luminate"",
    ""GENRES"": [
      ""K-Pop"",
      ""Pop""
    ],
    ""MAIN_GENRE"": ""K-Pop""
  },
  {
    ""CLIENT_DOMAIN"": ""Billboard"",
    ""GENRES"": [
      ""World Music"",
      ""K-Pop""
    ],
    ""IS_APPROVED"": true,
    ""MAIN_GENRE"": ""K-Pop""
  }
]",2022-07-28,2022-08-04,1,49766.20494311,46893
MRELG7038BA34BC09414D9B0AB40D82927E9D,THE WORLD EP.1 : MOVEMENT,ATEEZ,"[
  {
    ""CLIENT_DOMAIN"": ""Luminate"",
    ""GENRES"": [
      ""K-Pop"",
      ""Pop""
    ],
    ""MAIN_GENRE"": ""K-Pop""
  },
  {
    ""CLIENT_DOMAIN"": ""Billboard"",
    ""GENRES"": [
      ""World Music"",
      ""K-Pop""
    ],
    ""IS_APPROVED"": true,
    ""MAIN_GENRE"": ""K-Pop""
  }
]",2022-07-28,2022-08-11,2,5877.45814036,4495
MRELGCF1DC8459D4048C1830012F6122CE1F8,THE WORLD EP.2 : OUTLAW,ATEEZ,"[
  {
    ""CLIENT_DOMAIN"": ""Luminate"",
    ""GENRES"": [
      ""K-Pop""
    ],
    ""MAIN_GENRE"": ""K-Pop""
  },
  {
    ""CLIENT_DOMAIN"": ""Billboard"",
    ""GENRES"": [
      ""K-Pop"",
      ""World Music""
    ],
    ""IS_APPROVED"": true,
    ""MAIN_GENRE"": ""K-Pop""
  }
]",2023-06-16,2023-06-22,1,105348.89434103,100668
MRELGCF1DC8459D4048C1830012F6122CE1F8,THE WORLD EP.2 : OUTLAW,ATEEZ,"[
  {
    ""CLIENT_DOMAIN"": ""Luminate"",
    ""GENRES"": [
      ""K-Pop""
    ],
    ""MAIN_GENRE"": ""K-Pop""
  },
  {
    ""CLIENT_DOMAIN"": ""Billboard"",
    ""GENRES"": [
      ""K-Pop"",
      ""World Music""
    ],
    ""IS_APPROVED"": true,
    ""MAIN_GENRE"": ""K-Pop""
  }
]",2023-06-16,2023-06-29,2,34549.01589831,31983
MRELGC07FD72AE0D24A42B58171B5C963513F,LIFE IS BUT A DREAM…,AVENGED SEVENFOLD,"[
  {
    ""CLIENT_DOMAIN"": ""Luminate"",
    ""GENRES"": [
      ""Punk"",
      ""Rock"",
      ""Metal""
    ],
    ""MAIN_GENRE"": ""Rock""
  },
  {
    ""CLIENT_DOMAIN"": ""Billboard"",
    ""GENRES"": [
      ""Rock"",
      ""Hard Rock"",
      ""Alt. Rock""
    ],
    ""IS_APPROVED"": true,
    ""MAIN_GENRE"": ""Alt. Rock""
  }
]",2023-06-02,2023-06-08,1,36773.83201617,29151
MRELGC07FD72AE0D24A42B58171B5C963513F,LIFE IS BUT A DREAM…,AVENGED SEVENFOLD,"[
  {
    ""CLIENT_DOMAIN"": ""Luminate"",
    ""GENRES"": [
      ""Punk"",
      ""Rock"",
      ""Metal""
    ],
    ""MAIN_GENRE"": ""Rock""
  },
  {
    ""CLIENT_DOMAIN"": ""Billboard"",
    ""GENRES"": [
      ""Rock"",
      ""Hard Rock"",
      ""Alt. Rock""
    ],
    ""IS_APPROVED"": true,
    ""MAIN_GENRE"": ""Alt. Rock""
  }
]",2023-06-02,2023-06-15,2,8165.15219539,4601
MRELG221909F4E4794DE8A17A26E7AA70D439,LOVE SUX,AVRIL LAVIGNE,"[
  {
    ""CLIENT_DOMAIN"": ""Billboard"",
    ""GENRES"": [
      ""Alt. Rock"",
      ""Rock""
    ],
    ""IS_APPROVED"": true,
    ""MAIN_GENRE"": ""Alt. Rock""
  },
  {
    ""CLIENT_DOMAIN"": ""Luminate"",
    ""GENRES"": [
      ""Punk"",
      ""Rock"",
      ""Alternative"",
      ""Electronica"",
      ""Pop""
    ],
    ""MAIN_GENRE"": ""Rock""
  }
]",2022-02-25,2022-03-03,1,24193.13535144,13823
MRELG221909F4E4794DE8A17A26E7AA70D439,LOVE SUX,AVRIL LAVIGNE,"[
  {
    ""CLIENT_DOMAIN"": ""Billboard"",
    ""GENRES"": [
      ""Alt. Rock"",
      ""Rock""
    ],
    ""IS_APPROVED"": true,
    ""MAIN_GENRE"": ""Alt. Rock""
  },
  {
    ""CLIENT_DOMAIN"": ""Luminate"",
    ""GENRES"": [
      ""Punk"",
      ""Rock"",
      ""Alternative"",
      ""Electronica"",
      ""Pop""
    ],
    ""MAIN_GENRE"": ""Rock""
  }
]",2022-02-25,2022-03-10,2,7816.08943110,2004
MRELG9C146302E1324F82B031EEDCD7229740,Common Ground,Above & Beyond,"[
  {
    ""CLIENT_DOMAIN"": ""Luminate"",
    ""GENRES"": [
      ""EDM"",
      ""Electronica""
    ],
    ""MAIN_GENRE"": ""EDM""
  },
  {
    ""CLIENT_DOMAIN"": ""Billboard"",
    ""GENRES"": [
      ""Dance/Electronic""
    ],
    ""IS_APPROVED"": true,
    ""MAIN_GENRE"": ""Dance/Electronic""
  }
]",2018-01-26,2018-02-01,1,64037.16955597,62027
MRELG9C146302E1324F82B031EEDCD7229740,Common Ground,Above & Beyond,"[
  {
    ""CLIENT_DOMAIN"": ""Luminate"",
    ""GENRES"": [
      ""EDM"",
      ""Electronica""
    ],
    ""MAIN_GENRE"": ""EDM""
  },
  {
    ""CLIENT_DOMAIN"": ""Billboard"",
    ""GENRES"": [
      ""Dance/Electronic""
    ],
    ""IS_APPROVED"": true,
    ""MAIN_GENRE"": ""Dance/Electronic""
  }
]",2018-01-26,2018-02-08,2,2607.45306085,1564
MRELG81B479B0C2B346A88AD5D7E02D253A2D,Spaceman,Ace Frehley,"[
  {
    ""CLIENT_DOMAIN"": ""Luminate"",
    ""GENRES"": [
      ""Rock""
    ],
    ""MAIN_GENRE"": ""Rock""
  },
  {
    ""CLIENT_DOMAIN"": ""Billboard"",
    ""GENRES"": [
      ""Rock"",
      ""Hard Rock""
    ],
    ""IS_APPROVED"": true,
    ""MAIN_GENRE"": ""Hard Rock""
  }
]",2018-10-19,2018-10-25,1,13160.40157893,13065
MRELG81B479B0C2B346A88AD5D7E02D253A2D,Spaceman,Ace Frehley,"[
  {
    ""CLIENT_DOMAIN"": ""Luminate"",
    ""GENRES"": [
      ""Rock""
    ],
    ""MAIN_GENRE"": ""Rock""
  },
  {
    ""CLIENT_DOMAIN"": ""Billboard"",
    ""GENRES"": [
      ""Rock"",
      ""Hard Rock""
    ],
    ""IS_APPROVED"": true,
    ""MAIN_GENRE"": ""Hard Rock""
  }
]",2018-10-19,2018-11-01,2,2979.70927932,2930
MRELG3328B006034E491B860DDD84D6B6D542,Addison,Addison Rae,"[
  {
    ""CLIENT_DOMAIN"": ""Luminate"",
    ""GENRES"": [
      ""Pop""
    ],
    ""MAIN_GENRE"": ""Pop""
  },
  {
    ""CLIENT_DOMAIN"": ""Billboard"",
    ""GENRES"": [
      ""Pop""
    ],
    ""IS_APPROVED"": true,
    ""MAIN_GENRE"": ""Pop""
  }
]",2025-06-06,2025-06-12,1,48695.00948410,23296
MRELG3328B006034E491B860DDD84D6B6D542,Addison,Addison Rae,"[
  {
    ""CLIENT_DOMAIN"": ""Luminate"",
    ""GENRES"": [
      ""Pop""
    ],
    ""MAIN_GENRE"": ""Pop""
  },
  {
    ""CLIENT_DOMAIN"": ""Billboard"",
    ""GENRES"": [
      ""Pop""
    ],
    ""IS_APPROVED"": true,
    ""MAIN_GENRE"": ""Pop""
  }
]",2025-06-06,2025-06-19,2,16946.88112052,2521
MRELG6555068AEC3344F9A22BF372FC31AEA5,30,Adele,"[
  {
    ""CLIENT_DOMAIN"": ""Luminate"",
    ""GENRES"": [
      ""R&B/Hip-Hop"",
      ""Pop""
    ],
    ""MAIN_GENRE"": ""Pop""
  },
  {
    ""CLIENT_DOMAIN"": ""Billboard"",
    ""GENRES"": [
      ""Pop""
    ],
    ""IS_APPROVED"": true,
    ""MAIN_GENRE"": ""Pop""
  }
]",2021-10-14,2021-10-21,1,45105.05480172,0
MRELG6555068AEC3344F9A22BF372FC31AEA5,30,Adele,"[
  {
    ""CLIENT_DOMAIN"": ""Luminate"",
    ""GENRES"": [
      ""R&B/Hip-Hop"",
      ""Pop""
    ],
    ""MAIN_GENRE"": ""Pop""
  },
  {
    ""CLIENT_DOMAIN"": ""Billboard"",
    ""GENRES"": [
      ""Pop""
    ],
    ""IS_APPROVED"": true,
    ""MAIN_GENRE"": ""Pop""
  }
]",2021-10-14,2021-10-28,2,24304.26933824,0
MRELG37A33F4842944CF0859DF9806A5ECA5B,D-2,Agust D,"[
  {
    ""CLIENT_DOMAIN"": ""Luminate"",
    ""GENRES"": [
      ""Rap""
    ],
    ""MAIN_GENRE"": ""Rap""
  },
  {
    ""CLIENT_DOMAIN"": ""Billboard"",
    ""GENRES"": [
      ""Rap"",
      ""World Music""
    ],
    ""IS_APPROVED"": false,
    ""MAIN_GENRE"": ""World Music""
  }
]",2020-05-22,2020-05-28,1,32885.93711842,14041
MRELG37A33F4842944CF0859DF9806A5ECA5B,D-2,Agust D,"[
  {
    ""CLIENT_DOMAIN"": ""Luminate"",
    ""GENRES"": [
      ""Rap""
    ],
    ""MAIN_GENRE"": ""Rap""
  },
  {
    ""CLIENT_DOMAIN"": ""Billboard"",
    ""GENRES"": [
      ""Rap"",
      ""World Music""
    ],
    ""IS_APPROVED"": false,
    ""MAIN_GENRE"": ""World Music""
  }
]",2020-05-22,2020-06-04,2,4931.16018118,907
MRELG09AA78D9BC15445B8B7ED6B5C36B3FAD,Such Pretty Forks In The Road,Alanis Morissette,"[
  {
    ""CLIENT_DOMAIN"": ""Luminate"",
    ""GENRES"": [
      ""Rock"",
      ""New Age"",
      ""Pop""
    ],
    ""MAIN_GENRE"": ""Rock""
  },
  {
    ""CLIENT_DOMAIN"": ""Billboard"",
    ""GENRES"": [
      ""Alt. Rock"",
      ""Rock""
    ],
    ""IS_APPROVED"": true,
    ""MAIN_GENRE"": ""Alt. Rock""
  }
]",2020-07-31,2020-08-06,1,22307.92390078,20095
MRELG09AA78D9BC15445B8B7ED6B5C36B3FAD,Such Pretty Forks In The Road,Alanis Morissette,"[
  {
    ""CLIENT_DOMAIN"": ""Luminate"",
    ""GENRES"": [
      ""Rock"",
      ""New Age"",
      ""Pop""
    ],
    ""MAIN_GENRE"": ""Rock""
  },
  {
    ""CLIENT_DOMAIN"": ""Billboard"",
    ""GENRES"": [
      ""Alt. Rock"",
      ""Rock""
    ],
    ""IS_APPROVED"": true,
    ""MAIN_GENRE"": ""Alt. Rock""
  }
]",2020-07-31,2020-08-13,2,4989.31175067,4054
MRELG9E676B2D97B24C66A9250033E11465C0,"You'll Be Alright, Kid (Chapter 1)",Alex Warren,"[
  {
    ""CLIENT_DOMAIN"": ""Billboard"",
    ""GENRES"": [
      ""Pop""
    ],
    ""IS_APPROVED"": true,
    ""MAIN_GENRE"": ""Pop""
  },
  {
    ""CLIENT_DOMAIN"": ""Luminate"",
    ""GENRES"": [
      ""Indie Rock"",
      ""Pop""
    ],
    ""MAIN_GENRE"": ""Pop""
  }
]",2024-09-26,2024-10-03,1,13615.61374531,775
MRELG9E676B2D97B24C66A9250033E11465C0,"You'll Be Alright, Kid (Chapter 1)",Alex Warren,"[
  {
    ""CLIENT_DOMAIN"": ""Billboard"",
    ""GENRES"": [
      ""Pop""
    ],
    ""IS_APPROVED"": true,
    ""MAIN_GENRE"": ""Pop""
  },
  {
    ""CLIENT_DOMAIN"": ""Luminate"",
    ""GENRES"": [
      ""Indie Rock"",
      ""Pop""
    ],
    ""MAIN_GENRE"": ""Pop""
  }
]",2024-09-26,2024-10-10,2,10636.93487389,81
MRELG777665980BD3449998012758FD64F296,"Blood, Hair, And Eyeballs",Alkaline Trio,"[
  {
    ""CLIENT_DOMAIN"": ""Luminate"",
    ""GENRES"": [
      ""Punk"",
      ""Rock""
    ],
    ""MAIN_GENRE"": ""Rock""
  },
  {
    ""CLIENT_DOMAIN"": ""Billboard"",
    ""GENRES"": [
      ""Rock"",
      ""Alt. Rock""
    ],
    ""IS_APPROVED"": true,
    ""MAIN_GENRE"": ""Alt. Rock""
  }
]",2024-01-26,2024-02-01,1,10118.11772988,8287
MRELG777665980BD3449998012758FD64F296,"Blood, Hair, And Eyeballs",Alkaline Trio,"[
  {
    ""CLIENT_DOMAIN"": ""Luminate"",
    ""GENRES"": [
      ""Punk"",
      ""Rock""
    ],
    ""MAIN_GENRE"": ""Rock""
  },
  {
    ""CLIENT_DOMAIN"": ""Billboard"",
    ""GENRES"": [
      ""Rock"",
      ""Alt. Rock""
    ],
    ""IS_APPROVED"": true,
    ""MAIN_GENRE"": ""Alt. Rock""
  }
]",2024-01-26,2024-02-08,2,2202.69193227,1277
MRELGBE3B9B781EBB466F856117E462AC21C3,WALK THE SKY,Alter Bridge,"[
  {
    ""CLIENT_DOMAIN"": ""Luminate"",
    ""GENRES"": [
      ""Rock"",
      ""Alternative"",
      ""Metal""
    ],
    ""MAIN_GENRE"": ""Rock""
  },
  {
    ""CLIENT_DOMAIN"": ""Billboard"",
    ""GENRES"": [
      ""Hard Rock"",
      ""Rock"",
      ""Alt. Rock""
    ],
    ""IS_APPROVED"": true,
    ""MAIN_GENRE"": ""Alt. Rock""
  }
]",2019-10-18,2019-10-24,1,21372.83012452,20206
MRELGBE3B9B781EBB466F856117E462AC21C3,WALK THE SKY,Alter Bridge,"[
  {
    ""CLIENT_DOMAIN"": ""Luminate"",
    ""GENRES"": [
      ""Rock"",
      ""Alternative"",
      ""Metal""
    ],
    ""MAIN_GENRE"": ""Rock""
  },
  {
    ""CLIENT_DOMAIN"": ""Billboard"",
    ""GENRES"": [
      ""Hard Rock"",
      ""Rock"",
      ""Alt. Rock""
    ],
    ""IS_APPROVED"": true,
    ""MAIN_GENRE"": ""Alt. Rock""
  }
]",2019-10-18,2019-10-31,2,3593.31745329,3015
MRELGADB5D8FFBEB54BB4915387EA65F40485,Limbo,Aminé,"[
  {
    ""CLIENT_DOMAIN"": ""Billboard"",
    ""GENRES"": [
      ""R&B/Hip-Hop"",
      ""Rap""
    ],
    ""IS_APPROVED"": true,
    ""MAIN_GENRE"": ""Rap""
  },
  {
    ""CLIENT_DOMAIN"": ""Luminate"",
    ""GENRES"": [
      ""Rap"",
      ""R&B/Hip-Hop""
    ],
    ""MAIN_GENRE"": ""Rap""
  }
]",2020-08-07,2020-08-13,1,25816.83036113,7505
MRELGADB5D8FFBEB54BB4915387EA65F40485,Limbo,Aminé,"[
  {
    ""CLIENT_DOMAIN"": ""Billboard"",
    ""GENRES"": [
      ""R&B/Hip-Hop"",
      ""Rap""
    ],
    ""IS_APPROVED"": true,
    ""MAIN_GENRE"": ""Rap""
  },
  {
    ""CLIENT_DOMAIN"": ""Luminate"",
    ""GENRES"": [
      ""Rap"",
      ""R&B/Hip-Hop""
    ],
    ""MAIN_GENRE"": ""Rap""
  }
]",2020-08-07,2020-08-20,2,9040.50690072,965
MRELGB487673E20904C98AB097EEEC95D938A,Sì,Andrea Bocelli,"[
  {
    ""CLIENT_DOMAIN"": ""Billboard"",
    ""GENRES"": [
      ""Classical"",
      ""Contemporary Classics""
    ],
    ""IS_APPROVED"": true,
    ""MAIN_GENRE"": ""Classical""
  },
  {
    ""CLIENT_DOMAIN"": ""Luminate"",
    ""GENRES"": [
      ""Latin"",
      ""Classical"",
      ""Classical Crossover"",
      ""K-Pop""
    ],
    ""MAIN_GENRE"": ""Classical Crossover""
  }
]",2018-10-26,2018-11-01,1,125590.97387392,122439
MRELGB487673E20904C98AB097EEEC95D938A,Sì,Andrea Bocelli,"[
  {
    ""CLIENT_DOMAIN"": ""Billboard"",
    ""GENRES"": [
      ""Classical"",
      ""Contemporary Classics""
    ],
    ""IS_APPROVED"": true,
    ""MAIN_GENRE"": ""Classical""
  },
  {
    ""CLIENT_DOMAIN"": ""Luminate"",
    ""GENRES"": [
      ""Latin"",
      ""Classical"",
      ""Classical Crossover"",
      ""K-Pop""
    ],
    ""MAIN_GENRE"": ""Classical Crossover""
  }
]",2018-10-26,2018-11-08,2,16374.36295817,14546
MRELG09EC424D7F164B298B65F8449C29932E,New Blue Sun,André 3000,"[
  {
    ""CLIENT_DOMAIN"": ""Billboard"",
    ""GENRES"": [
      ""Alt. Rock"",
      ""New Age""
    ],
    ""IS_APPROVED"": true,
    ""MAIN_GENRE"": ""New Age""
  },
  {
    ""CLIENT_DOMAIN"": ""Luminate"",
    ""GENRES"": [
      ""Jazz"",
      ""Rock"",
      ""Rap"",
      ""R&B/Hip-Hop"",
      ""New Age""
    ],
    ""MAIN_GENRE"": ""New Age""
  }
]",2023-11-17,2023-11-23,1,23818.00550291,8685
MRELG09EC424D7F164B298B65F8449C29932E,New Blue Sun,André 3000,"[
  {
    ""CLIENT_DOMAIN"": ""Billboard"",
    ""GENRES"": [
      ""Alt. Rock"",
      ""New Age""
    ],
    ""IS_APPROVED"": true,
    ""MAIN_GENRE"": ""New Age""
  },
  {
    ""CLIENT_DOMAIN"": ""Luminate"",
    ""GENRES"": [
      ""Jazz"",
      ""Rock"",
      ""Rap"",
      ""R&B/Hip-Hop"",
      ""New Age""
    ],
    ""MAIN_GENRE"": ""New Age""
  }
]",2023-11-17,2023-11-30,2,5393.41581659,869
MRELG077874A885974FBDA04B4BCD369FDC93,Lifeforms,Angels & Airwaves,"[
  {
    ""CLIENT_DOMAIN"": ""Billboard"",
    ""GENRES"": [
      ""Rock"",
      ""Alt. Rock""
    ],
    ""IS_APPROVED"": true,
    ""MAIN_GENRE"": ""Alt. Rock""
  },
  {
    ""CLIENT_DOMAIN"": ""Luminate"",
    ""GENRES"": [
      ""Rock""
    ],
    ""MAIN_GENRE"": ""Rock""
  }
]",2021-09-24,2021-09-30,1,14810.62068843,13275
MRELG077874A885974FBDA04B4BCD369FDC93,Lifeforms,Angels & Airwaves,"[
  {
    ""CLIENT_DOMAIN"": ""Billboard"",
    ""GENRES"": [
      ""Rock"",
      ""Alt. Rock""
    ],
    ""IS_APPROVED"": true,
    ""MAIN_GENRE"": ""Alt. Rock""
  },
  {
    ""CLIENT_DOMAIN"": ""Luminate"",
    ""GENRES"": [
      ""Rock""
    ],
    ""MAIN_GENRE"": ""Rock""
  }
]",2021-09-24,2021-10-07,2,2749.08799096,2015
MRELGB259F1E005BD4648B7AE4EA74B6050CD,Las Leyendas Nunca Mueren,Anuel AA,"[
  {
    ""CLIENT_DOMAIN"": ""Billboard"",
    ""GENRES"": [
      ""Latin - Rhythm"",
      ""Latin""
    ],
    ""IS_APPROVED"": true,
    ""MAIN_GENRE"": ""Latin - Rhythm""
  },
  {
    ""CLIENT_DOMAIN"": ""Luminate"",
    ""GENRES"": [
      ""Latin"",
      ""Euro Pop"",
      ""Euro Hip-Hop"",
      ""Rap"",
      ""R&B/Hip-Hop"",
      ""Reggaeton""
    ],
    ""MAIN_GENRE"": ""Latin""
  }
]",2021-11-26,2021-12-02,1,21777.48179019,1158
MRELGB259F1E005BD4648B7AE4EA74B6050CD,Las Leyendas Nunca Mueren,Anuel AA,"[
  {
    ""CLIENT_DOMAIN"": ""Billboard"",
    ""GENRES"": [
      ""Latin - Rhythm"",
      ""Latin""
    ],
    ""IS_APPROVED"": true,
    ""MAIN_GENRE"": ""Latin - Rhythm""
  },
  {
    ""CLIENT_DOMAIN"": ""Luminate"",
    ""GENRES"": [
      ""Latin"",
      ""Euro Pop"",
      ""Euro Hip-Hop"",
      ""Rap"",
      ""R&B/Hip-Hop"",
      ""Reggaeton""
    ],
    ""MAIN_GENRE"": ""Latin""
  }
]",2021-11-26,2021-12-09,2,14661.65643680,3120
MRELG1408877709C149DA873CFD44D6467AA4,Tranquility Base Hotel & Casino,Arctic Monkeys,"[
  {
    ""CLIENT_DOMAIN"": ""Luminate"",
    ""GENRES"": [
      ""Indie Rock"",
      ""Rock"",
      ""Rap"",
      ""Easy Listening"",
      ""Electronica""
    ],
    ""MAIN_GENRE"": ""Rock""
  },
  {
    ""CLIENT_DOMAIN"": ""Billboard"",
    ""GENRES"": [
      ""Alt. Rock"",
      ""Rock""
    ],
    ""IS_APPROVED"": true,
    ""MAIN_GENRE"": ""Alt. Rock""
  }
]",2018-05-10,2018-05-17,1,48802.32625547,37175
MRELG1408877709C149DA873CFD44D6467AA4,Tranquility Base Hotel & Casino,Arctic Monkeys,"[
  {
    ""CLIENT_DOMAIN"": ""Luminate"",
    ""GENRES"": [
      ""Indie Rock"",
      ""Rock"",
      ""Rap"",
      ""Easy Listening"",
      ""Electronica""
    ],
    ""MAIN_GENRE"": ""Rock""
  },
  {
    ""CLIENT_DOMAIN"": ""Billboard"",
    ""GENRES"": [
      ""Alt. Rock"",
      ""Rock""
    ],
    ""IS_APPROVED"": true,
    ""MAIN_GENRE"": ""Alt. Rock""
  }
]",2018-05-10,2018-05-24,2,9755.15817370,6047
MRELGB4159AB3068D4508B683FF4BA4BD2EF2,SR. SANTOS,Arcángel,"[
  {
    ""CLIENT_DOMAIN"": ""Billboard"",
    ""GENRES"": [
      ""Latin - Rhythm"",
      ""Latin""
    ],
    ""IS_APPROVED"": true,
    ""MAIN_GENRE"": ""Latin - Rhythm""
  },
  {
    ""CLIENT_DOMAIN"": ""Luminate"",
    ""GENRES"": [
      ""Latin""
    ],
    ""MAIN_GENRE"": ""Latin""
  }
]",2022-12-01,2022-12-08,1,19209.78296713,526
MRELGB4159AB3068D4508B683FF4BA4BD2EF2,SR. SANTOS,Arcángel,"[
  {
    ""CLIENT_DOMAIN"": ""Billboard"",
    ""GENRES"": [
      ""Latin - Rhythm"",
      ""Latin""
    ],
    ""IS_APPROVED"": true,
    ""MAIN_GENRE"": ""Latin - Rhythm""
  },
  {
    ""CLIENT_DOMAIN"": ""Luminate"",
    ""GENRES"": [
      ""Latin""
    ],
    ""MAIN_GENRE"": ""Latin""
  }
]",2022-12-01,2022-12-15,2,10001.05918790,50
MRELG9A21A619057A492B93AA957488BE5581,7 rings,Ariana Grande,"[
  {
    ""CLIENT_DOMAIN"": ""Billboard"",
    ""GENRES"": [
      ""Pop""
    ],
    ""IS_APPROVED"": true,
    ""MAIN_GENRE"": ""Pop""
  },
  {
    ""CLIENT_DOMAIN"": ""Luminate"",
    ""GENRES"": [
      ""R&B/Hip-Hop"",
      ""Pop""
    ],
    ""MAIN_GENRE"": ""Pop""
  }
]",2019-01-18,2019-01-24,1,59527.64004674,422
MRELG9A21A619057A492B93AA957488BE5581,7 rings,Ariana Grande,"[
  {
    ""CLIENT_DOMAIN"": ""Billboard"",
    ""GENRES"": [
      ""Pop""
    ],
    ""IS_APPROVED"": true,
    ""MAIN_GENRE"": ""Pop""
  },
  {
    ""CLIENT_DOMAIN"": ""Luminate"",
    ""GENRES"": [
      ""R&B/Hip-Hop"",
      ""Pop""
    ],
    ""MAIN_GENRE"": ""Pop""
  }
]",2019-01-18,2019-01-31,2,39080.59757454,178
MRELGED5BC60A0B444B2B9B252D04B495D0FA,No Tears Left To Cry,Ariana Grande,"[
  {
    ""CLIENT_DOMAIN"": ""Luminate"",
    ""GENRES"": [
      ""R&B/Hip-Hop"",
      ""Pop""
    ],
    ""MAIN_GENRE"": ""Pop""
  },
  {
    ""CLIENT_DOMAIN"": ""Billboard"",
    ""GENRES"": [
      ""Pop""
    ],
    ""IS_APPROVED"": true,
    ""MAIN_GENRE"": ""Pop""
  }
]",2018-04-20,2018-04-26,1,30078.37683805,367
MRELGED5BC60A0B444B2B9B252D04B495D0FA,No Tears Left To Cry,Ariana Grande,"[
  {
    ""CLIENT_DOMAIN"": ""Luminate"",
    ""GENRES"": [
      ""R&B/Hip-Hop"",
      ""Pop""
    ],
    ""MAIN_GENRE"": ""Pop""
  },
  {
    ""CLIENT_DOMAIN"": ""Billboard"",
    ""GENRES"": [
      ""Pop""
    ],
    ""IS_APPROVED"": true,
    ""MAIN_GENRE"": ""Pop""
  }
]",2018-04-20,2018-05-03,2,15298.90125262,132
MRELG3E9C2F7C3D834AA9BEFF24E719B8E243,Positions,Ariana Grande,"[
  {
    ""CLIENT_DOMAIN"": ""Luminate"",
    ""GENRES"": [
      ""R&B/Hip-Hop"",
      ""Pop""
    ],
    ""MAIN_GENRE"": ""Pop""
  },
  {
    ""CLIENT_DOMAIN"": ""Billboard"",
    ""GENRES"": [
      ""Pop""
    ],
    ""IS_APPROVED"": true,
    ""MAIN_GENRE"": ""Pop""
  }
]",2020-10-30,2020-11-05,1,173559.77755445,42206
MRELG3E9C2F7C3D834AA9BEFF24E719B8E243,Positions,Ariana Grande,"[
  {
    ""CLIENT_DOMAIN"": ""Luminate"",
    ""GENRES"": [
      ""R&B/Hip-Hop"",
      ""Pop""
    ],
    ""MAIN_GENRE"": ""Pop""
  },
  {
    ""CLIENT_DOMAIN"": ""Billboard"",
    ""GENRES"": [
      ""Pop""
    ],
    ""IS_APPROVED"": true,
    ""MAIN_GENRE"": ""Pop""
  }
]",2020-10-30,2020-11-12,2,82458.43285242,8073
MRELG1CF9DF85F8624339B512603313D74D16,Sweetener,Ariana Grande,"[
  {
    ""CLIENT_DOMAIN"": ""Billboard"",
    ""GENRES"": [
      ""Pop""
    ],
    ""IS_APPROVED"": true,
    ""MAIN_GENRE"": ""Pop""
  },
  {
    ""CLIENT_DOMAIN"": ""Luminate"",
    ""GENRES"": [
      ""Pop""
    ],
    ""MAIN_GENRE"": ""Pop""
  }
]",2018-08-17,2018-08-23,1,229467.96048085,126714
MRELG1CF9DF85F8624339B512603313D74D16,Sweetener,Ariana Grande,"[
  {
    ""CLIENT_DOMAIN"": ""Billboard"",
    ""GENRES"": [
      ""Pop""
    ],
    ""IS_APPROVED"": true,
    ""MAIN_GENRE"": ""Pop""
  },
  {
    ""CLIENT_DOMAIN"": ""Luminate"",
    ""GENRES"": [
      ""Pop""
    ],
    ""MAIN_GENRE"": ""Pop""
  }
]",2018-08-17,2018-08-30,2,78830.04254370,15708
MRELGB3FC17320FD141D3B20C48AA0689BC73,eternal sunshine,Ariana Grande,"[
  {
    ""CLIENT_DOMAIN"": ""Luminate"",
    ""GENRES"": [
      ""R&B/Hip-Hop"",
      ""Pop""
    ],
    ""MAIN_GENRE"": ""Pop""
  },
  {
    ""CLIENT_DOMAIN"": ""Billboard"",
    ""GENRES"": [
      ""Pop""
    ],
    ""IS_APPROVED"": true,
    ""MAIN_GENRE"": ""Pop""
  }
]",2024-03-08,2024-03-14,1,232216.71635303,82308
MRELGB3FC17320FD141D3B20C48AA0689BC73,eternal sunshine,Ariana Grande,"[
  {
    ""CLIENT_DOMAIN"": ""Luminate"",
    ""GENRES"": [
      ""R&B/Hip-Hop"",
      ""Pop""
    ],
    ""MAIN_GENRE"": ""Pop""
  },
  {
    ""CLIENT_DOMAIN"": ""Billboard"",
    ""GENRES"": [
      ""Pop""
    ],
    ""IS_APPROVED"": true,
    ""MAIN_GENRE"": ""Pop""
  }
]",2024-03-08,2024-03-21,2,102931.36318499,15026
MRELG2057F5F7E97B4CBBAABD9B01377CAFF1,k bye for now (swt live),Ariana Grande,"[
  {
    ""CLIENT_DOMAIN"": ""Luminate"",
    ""GENRES"": [
      ""Pop""
    ],
    ""MAIN_GENRE"": ""Pop""
  },
  {
    ""CLIENT_DOMAIN"": ""Billboard"",
    ""GENRES"": [
      ""Pop""
    ],
    ""IS_APPROVED"": true,
    ""MAIN_GENRE"": ""Pop""
  }
]",2019-12-23,2019-12-26,1,38614.33099883,2770
MRELG2057F5F7E97B4CBBAABD9B01377CAFF1,k bye for now (swt live),Ariana Grande,"[
  {
    ""CLIENT_DOMAIN"": ""Luminate"",
    ""GENRES"": [
      ""Pop""
    ],
    ""MAIN_GENRE"": ""Pop""
  },
  {
    ""CLIENT_DOMAIN"": ""Billboard"",
    ""GENRES"": [
      ""Pop""
    ],
    ""IS_APPROVED"": true,
    ""MAIN_GENRE"": ""Pop""
  }
]",2019-12-23,2020-01-02,2,35618.49394629,504
MRELGAB58AA3443F94268923217FAB1A6C336,positions,Ariana Grande,"[
  {
    ""CLIENT_DOMAIN"": ""Billboard"",
    ""GENRES"": [
      ""Pop""
    ],
    ""IS_APPROVED"": true,
    ""MAIN_GENRE"": ""Pop""
  },
  {
    ""CLIENT_DOMAIN"": ""Luminate"",
    ""GENRES"": [
      ""R&B/Hip-Hop"",
      ""Pop""
    ],
    ""MAIN_GENRE"": ""Pop""
  }
]",2020-10-23,2020-10-29,1,26791.42031166,2788
MRELGAB58AA3443F94268923217FAB1A6C336,positions,Ariana Grande,"[
  {
    ""CLIENT_DOMAIN"": ""Billboard"",
    ""GENRES"": [
      ""Pop""
    ],
    ""IS_APPROVED"": true,
    ""MAIN_GENRE"": ""Pop""
  },
  {
    ""CLIENT_DOMAIN"": ""Luminate"",
    ""GENRES"": [
      ""R&B/Hip-Hop"",
      ""Pop""
    ],
    ""MAIN_GENRE"": ""Pop""
  }
]",2020-10-23,2020-11-05,2,17748.65127190,931
MRELG7306932117844CE0A23F22DBA892F77A,"thank u, next",Ariana Grande,"[
  {
    ""CLIENT_DOMAIN"": ""Billboard"",
    ""GENRES"": [
      ""Pop""
    ],
    ""IS_APPROVED"": true,
    ""MAIN_GENRE"": ""Pop""
  },
  {
    ""CLIENT_DOMAIN"": ""Luminate"",
    ""GENRES"": [
      ""R&B/Hip-Hop"",
      ""New Age"",
      ""Pop""
    ],
    ""MAIN_GENRE"": ""Pop""
  }
]",2018-11-03,2018-11-08,1,46029.34679194,240
MRELG7306932117844CE0A23F22DBA892F77A,"thank u, next",Ariana Grande,"[
  {
    ""CLIENT_DOMAIN"": ""Billboard"",
    ""GENRES"": [
      ""Pop""
    ],
    ""IS_APPROVED"": true,
    ""MAIN_GENRE"": ""Pop""
  },
  {
    ""CLIENT_DOMAIN"": ""Luminate"",
    ""GENRES"": [
      ""R&B/Hip-Hop"",
      ""New Age"",
      ""Pop""
    ],
    ""MAIN_GENRE"": ""Pop""
  }
]",2018-11-03,2018-11-15,2,41389.07928474,160
MRELG132A6D6A89BD4CD6B77AC7707607FF0A,"thank u, next",Ariana Grande,"[
  {
    ""CLIENT_DOMAIN"": ""Luminate"",
    ""GENRES"": [
      ""R&B/Hip-Hop"",
      ""Pop""
    ],
    ""MAIN_GENRE"": ""Pop""
  },
  {
    ""CLIENT_DOMAIN"": ""Billboard"",
    ""GENRES"": [
      ""Pop""
    ],
    ""IS_APPROVED"": true,
    ""MAIN_GENRE"": ""Pop""
  }
]",2019-02-08,2019-02-14,1,365554.32039861,115257
MRELG132A6D6A89BD4CD6B77AC7707607FF0A,"thank u, next",Ariana Grande,"[
  {
    ""CLIENT_DOMAIN"": ""Luminate"",
    ""GENRES"": [
      ""R&B/Hip-Hop"",
      ""Pop""
    ],
    ""MAIN_GENRE"": ""Pop""
  },
  {
    ""CLIENT_DOMAIN"": ""Billboard"",
    ""GENRES"": [
      ""Pop""
    ],
    ""IS_APPROVED"": true,
    ""MAIN_GENRE"": ""Pop""
  }
]",2019-02-08,2019-02-21,2,162642.33157216,20158
MRELGF85B90CADCD349DCADF6247E08E8F866,we can't be friends (wait for your love),Ariana Grande,"[
  {
    ""CLIENT_DOMAIN"": ""Billboard"",
    ""GENRES"": [
      ""Pop""
    ],
    ""IS_APPROVED"": true,
    ""MAIN_GENRE"": ""Pop""
  },
  {
    ""CLIENT_DOMAIN"": ""Luminate"",
    ""GENRES"": [
      ""R&B/Hip-Hop"",
      ""Pop""
    ],
    ""MAIN_GENRE"": ""Pop""
  }
]",2024-03-08,2024-03-14,1,23683.12257631,0
MRELGF85B90CADCD349DCADF6247E08E8F866,we can't be friends (wait for your love),Ariana Grande,"[
  {
    ""CLIENT_DOMAIN"": ""Billboard"",
    ""GENRES"": [
      ""Pop""
    ],
    ""IS_APPROVED"": true,
    ""MAIN_GENRE"": ""Pop""
  },
  {
    ""CLIENT_DOMAIN"": ""Luminate"",
    ""GENRES"": [
      ""R&B/Hip-Hop"",
      ""Pop""
    ],
    ""MAIN_GENRE"": ""Pop""
  }
]",2024-03-08,2024-03-21,2,18958.60132286,26
MRELG1605A3AB9CB04C5CAE8B4E921C9FE2F2,"yes, and?",Ariana Grande,"[
  {
    ""CLIENT_DOMAIN"": ""Billboard"",
    ""GENRES"": [
      ""Pop"",
      ""Dance/Electronic""
    ],
    ""IS_APPROVED"": true,
    ""MAIN_GENRE"": ""Pop""
  },
  {
    ""CLIENT_DOMAIN"": ""Luminate"",
    ""GENRES"": [
      ""EDM"",
      ""R&B/Hip-Hop"",
      ""Pop""
    ],
    ""MAIN_GENRE"": ""Pop""
  }
]",2024-01-12,2024-01-18,1,22720.14865244,13027
MRELG1605A3AB9CB04C5CAE8B4E921C9FE2F2,"yes, and?",Ariana Grande,"[
  {
    ""CLIENT_DOMAIN"": ""Billboard"",
    ""GENRES"": [
      ""Pop"",
      ""Dance/Electronic""
    ],
    ""IS_APPROVED"": true,
    ""MAIN_GENRE"": ""Pop""
  },
  {
    ""CLIENT_DOMAIN"": ""Luminate"",
    ""GENRES"": [
      ""EDM"",
      ""R&B/Hip-Hop"",
      ""Pop""
    ],
    ""MAIN_GENRE"": ""Pop""
  }
]",2024-01-12,2024-01-25,2,11741.14799948,243
MRELG32AC151827B84F1D866FFD406E672D8E,"yes, and?","Ariana Grande, The Blessed Madonna","[
  {
    ""CLIENT_DOMAIN"": ""Billboard"",
    ""GENRES"": [
      ""R&B/Hip-Hop"",
      ""Pop"",
      ""Dance/Electronic""
    ],
    ""IS_APPROVED"": false,
    ""MAIN_GENRE"": ""Dance/Electronic""
  },
  {
    ""CLIENT_DOMAIN"": ""Luminate"",
    ""GENRES"": [
      ""EDM"",
      ""R&B/Hip-Hop"",
      ""Pop""
    ],
    ""MAIN_GENRE"": ""Pop""
  }
]",2024-01-12,2024-01-18,1,22720.14865244,0
MRELG32AC151827B84F1D866FFD406E672D8E,"yes, and?","Ariana Grande, The Blessed Madonna","[
  {
    ""CLIENT_DOMAIN"": ""Billboard"",
    ""GENRES"": [
      ""R&B/Hip-Hop"",
      ""Pop"",
      ""Dance/Electronic""
    ],
    ""IS_APPROVED"": false,
    ""MAIN_GENRE"": ""Dance/Electronic""
  },
  {
    ""CLIENT_DOMAIN"": ""Luminate"",
    ""GENRES"": [
      ""EDM"",
      ""R&B/Hip-Hop"",
      ""Pop""
    ],
    ""MAIN_GENRE"": ""Pop""
  }
]",2024-01-12,2024-01-25,2,11741.14799948,0
MRELG14796B2AC4F9401998FD805BF5AAFC09,Die For You,"Ariana Grande, The Weeknd","[
  {
    ""CLIENT_DOMAIN"": ""Luminate"",
    ""GENRES"": [
      ""R&B/Hip-Hop""
    ],
    ""MAIN_GENRE"": ""R&B/Hip-Hop""
  },
  {
    ""CLIENT_DOMAIN"": ""Billboard"",
    ""GENRES"": [
      ""R&B/Hip-Hop"",
      ""R&B""
    ],
    ""IS_APPROVED"": true,
    ""MAIN_GENRE"": ""R&B""
  }
]",2023-02-24,2023-03-02,1,23761.32371218,40
MRELG14796B2AC4F9401998FD805BF5AAFC09,Die For You,"Ariana Grande, The Weeknd","[
  {
    ""CLIENT_DOMAIN"": ""Luminate"",
    ""GENRES"": [
      ""R&B/Hip-Hop""
    ],
    ""MAIN_GENRE"": ""R&B/Hip-Hop""
  },
  {
    ""CLIENT_DOMAIN"": ""Billboard"",
    ""GENRES"": [
      ""R&B/Hip-Hop"",
      ""R&B""
    ],
    ""IS_APPROVED"": true,
    ""MAIN_GENRE"": ""R&B""
  }
]",2023-02-24,2023-03-09,2,19017.70013028,22
MRELG718F15FC26C241368F604154433547BB,Save Your Tears,"Ariana Grande, The Weeknd","[
  {
    ""CLIENT_DOMAIN"": ""Billboard"",
    ""GENRES"": [
      ""R&B"",
      ""R&B/Hip-Hop"",
      ""Pop""
    ],
    ""IS_APPROVED"": true,
    ""MAIN_GENRE"": ""R&B""
  },
  {
    ""CLIENT_DOMAIN"": ""Luminate"",
    ""GENRES"": [
      ""R&B/Hip-Hop"",
      ""Pop""
    ],
    ""MAIN_GENRE"": ""R&B/Hip-Hop""
  }
]",2021-04-23,2021-04-29,1,21110.91560518,130
MRELG718F15FC26C241368F604154433547BB,Save Your Tears,"Ariana Grande, The Weeknd","[
  {
    ""CLIENT_DOMAIN"": ""Billboard"",
    ""GENRES"": [
      ""R&B"",
      ""R&B/Hip-Hop"",
      ""Pop""
    ],
    ""IS_APPROVED"": true,
    ""MAIN_GENRE"": ""R&B""
  },
  {
    ""CLIENT_DOMAIN"": ""Luminate"",
    ""GENRES"": [
      ""R&B/Hip-Hop"",
      ""Pop""
    ],
    ""MAIN_GENRE"": ""R&B/Hip-Hop""
  }
]",2021-04-23,2021-05-06,2,14781.64792062,41
MRELGDA4F0BD46681474A97BC957A08542BE7,Like A House On Fire,Asking Alexandria,"[
  {
    ""CLIENT_DOMAIN"": ""Luminate"",
    ""GENRES"": [
      ""Rock""
    ],
    ""MAIN_GENRE"": ""Rock""
  },
  {
    ""CLIENT_DOMAIN"": ""Billboard"",
    ""GENRES"": [
      ""Rock"",
      ""Hard Rock""
    ],
    ""IS_APPROVED"": true,
    ""MAIN_GENRE"": ""Hard Rock""
  }
]",2020-05-15,2020-05-21,1,9714.96428379,6771
MRELGDA4F0BD46681474A97BC957A08542BE7,Like A House On Fire,Asking Alexandria,"[
  {
    ""CLIENT_DOMAIN"": ""Luminate"",
    ""GENRES"": [
      ""Rock""
    ],
    ""MAIN_GENRE"": ""Rock""
  },
  {
    ""CLIENT_DOMAIN"": ""Billboard"",
    ""GENRES"": [
      ""Rock"",
      ""Hard Rock""
    ],
    ""IS_APPROVED"": true,
    ""MAIN_GENRE"": ""Hard Rock""
  }
]",2020-05-15,2020-05-28,2,1973.45700610,326
MRELG78B8C1A94DDD43B69D13BCAC3BC38568,TIM,Avicii,"[
  {
    ""CLIENT_DOMAIN"": ""Billboard"",
    ""GENRES"": [
      ""Dance/Electronic""
    ],
    ""IS_APPROVED"": true,
    ""MAIN_GENRE"": ""Dance/Electronic""
  },
  {
    ""CLIENT_DOMAIN"": ""Luminate"",
    ""GENRES"": [
      ""EDM"",
      ""Dance & House""
    ],
    ""MAIN_GENRE"": ""EDM""
  }
]",2019-06-06,2019-06-13,1,28349.42686351,5678
MRELG78B8C1A94DDD43B69D13BCAC3BC38568,TIM,Avicii,"[
  {
    ""CLIENT_DOMAIN"": ""Billboard"",
    ""GENRES"": [
      ""Dance/Electronic""
    ],
    ""IS_APPROVED"": true,
    ""MAIN_GENRE"": ""Dance/Electronic""
  },
  {
    ""CLIENT_DOMAIN"": ""Luminate"",
    ""GENRES"": [
      ""EDM"",
      ""Dance & House""
    ],
    ""MAIN_GENRE"": ""EDM""
  }
]",2019-06-06,2019-06-20,2,13471.89976215,1295
MRELG76229055E9EC471D870497D594E1B499,Head Above Water,Avril Lavigne,"[
  {
    ""CLIENT_DOMAIN"": ""Luminate"",
    ""GENRES"": [
      ""Punk"",
      ""Rock"",
      ""Pop""
    ],
    ""MAIN_GENRE"": ""Pop""
  },
  {
    ""CLIENT_DOMAIN"": ""Billboard"",
    ""GENRES"": [
      ""Pop""
    ],
    ""IS_APPROVED"": true,
    ""MAIN_GENRE"": ""Pop""
  }
]",2019-02-15,2019-02-21,1,26345.00527281,19917
MRELG76229055E9EC471D870497D594E1B499,Head Above Water,Avril Lavigne,"[
  {
    ""CLIENT_DOMAIN"": ""Luminate"",
    ""GENRES"": [
      ""Punk"",
      ""Rock"",
      ""Pop""
    ],
    ""MAIN_GENRE"": ""Pop""
  },
  {
    ""CLIENT_DOMAIN"": ""Billboard"",
    ""GENRES"": [
      ""Pop""
    ],
    ""IS_APPROVED"": true,
    ""MAIN_GENRE"": ""Pop""
  }
]",2019-02-15,2019-02-28,2,8447.41025781,4719
MRELG3C9930BD51974A00AC16061DE4764D36,METAL FORTH,BABYMETAL,"[
  {
    ""CLIENT_DOMAIN"": ""Billboard"",
    ""GENRES"": [
      ""Hard Rock"",
      ""Rock"",
      ""World Music""
    ],
    ""IS_APPROVED"": true,
    ""MAIN_GENRE"": ""Hard Rock""
  },
  {
    ""CLIENT_DOMAIN"": ""Luminate"",
    ""GENRES"": [
      ""Rock"",
      ""Metal""
    ],
    ""MAIN_GENRE"": ""Rock""
  }
]",2025-08-08,2025-08-14,1,35782.15946822,33458
MRELG3C9930BD51974A00AC16061DE4764D36,METAL FORTH,BABYMETAL,"[
  {
    ""CLIENT_DOMAIN"": ""Billboard"",
    ""GENRES"": [
      ""Hard Rock"",
      ""Rock"",
      ""World Music""
    ],
    ""IS_APPROVED"": true,
    ""MAIN_GENRE"": ""Hard Rock""
  },
  {
    ""CLIENT_DOMAIN"": ""Luminate"",
    ""GENRES"": [
      ""Rock"",
      ""Metal""
    ],
    ""MAIN_GENRE"": ""Rock""
  }
]",2025-08-08,2025-08-21,2,3250.51283969,1886
MRELGB392BF7B06DE47FCB563BB7D80A56729,METAL GALAXY,BABYMETAL,"[
  {
    ""CLIENT_DOMAIN"": ""Luminate"",
    ""GENRES"": [
      ""J-Pop"",
      ""Rock""
    ],
    ""MAIN_GENRE"": ""Rock""
  },
  {
    ""CLIENT_DOMAIN"": ""Billboard"",
    ""GENRES"": [
      ""World Music"",
      ""Hard Rock"",
      ""Rock""
    ],
    ""IS_APPROVED"": true,
    ""MAIN_GENRE"": ""Hard Rock""
  }
]",2019-10-11,2019-10-17,1,27703.60012961,26847
MRELGB392BF7B06DE47FCB563BB7D80A56729,METAL GALAXY,BABYMETAL,"[
  {
    ""CLIENT_DOMAIN"": ""Luminate"",
    ""GENRES"": [
      ""J-Pop"",
      ""Rock""
    ],
    ""MAIN_GENRE"": ""Rock""
  },
  {
    ""CLIENT_DOMAIN"": ""Billboard"",
    ""GENRES"": [
      ""World Music"",
      ""Hard Rock"",
      ""Rock""
    ],
    ""IS_APPROVED"": true,
    ""MAIN_GENRE"": ""Hard Rock""
  }
]",2019-10-11,2019-10-24,2,2154.30912526,1615
MRELG325784C696DA4D0D8D0E2521D6E1643E,EL ÚLTIMO TOUR DEL MUNDO,BAD BUNNY,"[
  {
    ""CLIENT_DOMAIN"": ""Billboard"",
    ""GENRES"": [
      ""Latin"",
      ""Latin - Rhythm""
    ],
    ""IS_APPROVED"": true,
    ""MAIN_GENRE"": ""Latin - Rhythm""
  },
  {
    ""CLIENT_DOMAIN"": ""Luminate"",
    ""GENRES"": [
      ""Latin"",
      ""Euro Hip-Hop"",
      ""Rap"",
      ""Reggaeton""
    ],
    ""MAIN_GENRE"": ""Latin""
  }
]",2020-11-26,2020-12-03,1,115668.42845545,11702
MRELG325784C696DA4D0D8D0E2521D6E1643E,EL ÚLTIMO TOUR DEL MUNDO,BAD BUNNY,"[
  {
    ""CLIENT_DOMAIN"": ""Billboard"",
    ""GENRES"": [
      ""Latin"",
      ""Latin - Rhythm""
    ],
    ""IS_APPROVED"": true,
    ""MAIN_GENRE"": ""Latin - Rhythm""
  },
  {
    ""CLIENT_DOMAIN"": ""Luminate"",
    ""GENRES"": [
      ""Latin"",
      ""Euro Hip-Hop"",
      ""Rap"",
      ""Reggaeton""
    ],
    ""MAIN_GENRE"": ""Latin""
  }
]",2020-11-26,2020-12-10,2,57333.45668308,1025
MRELG893B43E71A514A6585B2CDB8928523E6,X 100PRE,BAD BUNNY,"[
  {
    ""CLIENT_DOMAIN"": ""Luminate"",
    ""GENRES"": [
      ""Latin""
    ],
    ""MAIN_GENRE"": ""Latin""
  },
  {
    ""CLIENT_DOMAIN"": ""Billboard"",
    ""GENRES"": [
      ""Latin - Rhythm"",
      ""Latin""
    ],
    ""IS_APPROVED"": true,
    ""MAIN_GENRE"": ""Latin - Rhythm""
  }
]",2018-12-23,2018-12-27,1,39155.95593166,5144
MRELG893B43E71A514A6585B2CDB8928523E6,X 100PRE,BAD BUNNY,"[
  {
    ""CLIENT_DOMAIN"": ""Luminate"",
    ""GENRES"": [
      ""Latin""
    ],
    ""MAIN_GENRE"": ""Latin""
  },
  {
    ""CLIENT_DOMAIN"": ""Billboard"",
    ""GENRES"": [
      ""Latin - Rhythm"",
      ""Latin""
    ],
    ""IS_APPROVED"": true,
    ""MAIN_GENRE"": ""Latin - Rhythm""
  }
]",2018-12-23,2019-01-03,2,40431.82497988,1897
MRELGC0F21513E15346379CCEF70920517E6E,YHLQMDLG,BAD BUNNY,"[
  {
    ""CLIENT_DOMAIN"": ""Billboard"",
    ""GENRES"": [
      ""Latin"",
      ""Latin - Rhythm""
    ],
    ""IS_APPROVED"": true,
    ""MAIN_GENRE"": ""Latin - Rhythm""
  },
  {
    ""CLIENT_DOMAIN"": ""Luminate"",
    ""GENRES"": [
      ""Latin""
    ],
    ""MAIN_GENRE"": ""Latin""
  }
]",2020-02-28,2020-03-05,1,178528.29290499,35149
MRELGC0F21513E15346379CCEF70920517E6E,YHLQMDLG,BAD BUNNY,"[
  {
    ""CLIENT_DOMAIN"": ""Billboard"",
    ""GENRES"": [
      ""Latin"",
      ""Latin - Rhythm""
    ],
    ""IS_APPROVED"": true,
    ""MAIN_GENRE"": ""Latin - Rhythm""
  },
  {
    ""CLIENT_DOMAIN"": ""Luminate"",
    ""GENRES"": [
      ""Latin""
    ],
    ""MAIN_GENRE"": ""Latin""
  }
]",2020-02-28,2020-03-12,2,111137.19106319,7515
MRELG23ED6D61419C40F08044A157878AFF50,SOUL SEARCHING,BAZZI,"[
  {
    ""CLIENT_DOMAIN"": ""Luminate"",
    ""GENRES"": [
      ""Pop""
    ],
    ""MAIN_GENRE"": ""Pop""
  },
  {
    ""CLIENT_DOMAIN"": ""Billboard"",
    ""GENRES"": [
      ""Pop""
    ],
    ""IS_APPROVED"": false,
    ""MAIN_GENRE"": ""Pop""
  }
]",2019-08-09,2019-08-15,1,20520.16015419,1197
MRELG23ED6D61419C40F08044A157878AFF50,SOUL SEARCHING,BAZZI,"[
  {
    ""CLIENT_DOMAIN"": ""Luminate"",
    ""GENRES"": [
      ""Pop""
    ],
    ""MAIN_GENRE"": ""Pop""
  },
  {
    ""CLIENT_DOMAIN"": ""Billboard"",
    ""GENRES"": [
      ""Pop""
    ],
    ""IS_APPROVED"": false,
    ""MAIN_GENRE"": ""Pop""
  }
]",2019-08-09,2019-08-22,2,14271.74344299,238
MRELGE1C8205658844430A0730BDE3E214F03,7,BEACH HOUSE,"[
  {
    ""CLIENT_DOMAIN"": ""Billboard"",
    ""GENRES"": [
      ""Rock"",
      ""Alt. Rock""
    ],
    ""IS_APPROVED"": true,
    ""MAIN_GENRE"": ""Alt. Rock""
  },
  {
    ""CLIENT_DOMAIN"": ""Luminate"",
    ""GENRES"": [
      ""Indie Rock"",
      ""Rock""
    ],
    ""MAIN_GENRE"": ""Rock""
  }
]",2018-05-11,2018-05-17,1,21607.74851831,17009
MRELGE1C8205658844430A0730BDE3E214F03,7,BEACH HOUSE,"[
  {
    ""CLIENT_DOMAIN"": ""Billboard"",
    ""GENRES"": [
      ""Rock"",
      ""Alt. Rock""
    ],
    ""IS_APPROVED"": true,
    ""MAIN_GENRE"": ""Alt. Rock""
  },
  {
    ""CLIENT_DOMAIN"": ""Luminate"",
    ""GENRES"": [
      ""Indie Rock"",
      ""Rock""
    ],
    ""MAIN_GENRE"": ""Rock""
  }
]",2018-05-11,2018-05-24,2,5601.05486937,3747
MRELGCC9A6737BE0E49F49F65862A80A375FA,EXPECTATIONS,BEBE REXHA,"[
  {
    ""CLIENT_DOMAIN"": ""Billboard"",
    ""GENRES"": [
      ""Pop""
    ],
    ""IS_APPROVED"": true,
    ""MAIN_GENRE"": ""Pop""
  },
  {
    ""CLIENT_DOMAIN"": ""Luminate"",
    ""GENRES"": [
      ""Alternative"",
      ""K-Pop"",
      ""Pop""
    ],
    ""MAIN_GENRE"": ""Pop""
  }
]",2018-06-22,2018-06-28,1,29696.69753139,10285
MRELGCC9A6737BE0E49F49F65862A80A375FA,EXPECTATIONS,BEBE REXHA,"[
  {
    ""CLIENT_DOMAIN"": ""Billboard"",
    ""GENRES"": [
      ""Pop""
    ],
    ""IS_APPROVED"": true,
    ""MAIN_GENRE"": ""Pop""
  },
  {
    ""CLIENT_DOMAIN"": ""Luminate"",
    ""GENRES"": [
      ""Alternative"",
      ""K-Pop"",
      ""Pop""
    ],
    ""MAIN_GENRE"": ""Pop""
  }
]",2018-06-22,2018-07-05,2,18480.20892566,3043
MRELGB3442BFF740C4938959631D8BB51FB2E,AUTOMATA I,BETWEEN THE BURIED AND ME,"[
  {
    ""CLIENT_DOMAIN"": ""Luminate"",
    ""GENRES"": [
      ""Rock""
    ],
    ""MAIN_GENRE"": ""Rock""
  },
  {
    ""CLIENT_DOMAIN"": ""Billboard"",
    ""GENRES"": [
      ""Rock"",
      ""Hard Rock""
    ],
    ""IS_APPROVED"": true,
    ""MAIN_GENRE"": ""Hard Rock""
  }
]",2018-03-09,2018-03-15,1,13966.87777939,13534
MRELGB3442BFF740C4938959631D8BB51FB2E,AUTOMATA I,BETWEEN THE BURIED AND ME,"[
  {
    ""CLIENT_DOMAIN"": ""Luminate"",
    ""GENRES"": [
      ""Rock""
    ],
    ""MAIN_GENRE"": ""Rock""
  },
  {
    ""CLIENT_DOMAIN"": ""Billboard"",
    ""GENRES"": [
      ""Rock"",
      ""Hard Rock""
    ],
    ""IS_APPROVED"": true,
    ""MAIN_GENRE"": ""Hard Rock""
  }
]",2018-03-09,2018-03-22,2,1781.99162311,1588
MRELGCD2C69C13A8B40D49BE90BC3F662306E,Automata II,BETWEEN THE BURIED AND ME,"[
  {
    ""CLIENT_DOMAIN"": ""Luminate"",
    ""GENRES"": [
      ""Rock""
    ],
    ""MAIN_GENRE"": ""Rock""
  },
  {
    ""CLIENT_DOMAIN"": ""Billboard"",
    ""GENRES"": [
      ""Hard Rock"",
      ""Rock""
    ],
    ""IS_APPROVED"": true,
    ""MAIN_GENRE"": ""Hard Rock""
  }
]",2018-07-13,2018-07-19,1,10129.15971523,9845
MRELGCD2C69C13A8B40D49BE90BC3F662306E,Automata II,BETWEEN THE BURIED AND ME,"[
  {
    ""CLIENT_DOMAIN"": ""Luminate"",
    ""GENRES"": [
      ""Rock""
    ],
    ""MAIN_GENRE"": ""Rock""
  },
  {
    ""CLIENT_DOMAIN"": ""Billboard"",
    ""GENRES"": [
      ""Hard Rock"",
      ""Rock""
    ],
    ""IS_APPROVED"": true,
    ""MAIN_GENRE"": ""Hard Rock""
  }
]",2018-07-13,2018-07-26,2,1074.08541336,957
MRELGBC36C3B877BB4884A488FF9D9AE61CE2,King Of Killbranch,BIG30,"[
  {
    ""CLIENT_DOMAIN"": ""Luminate"",
    ""GENRES"": [
      ""Rap"",
      ""R&B/Hip-Hop""
    ],
    ""MAIN_GENRE"": ""Rap""
  },
  {
    ""CLIENT_DOMAIN"": ""Billboard"",
    ""GENRES"": [
      ""R&B/Hip-Hop"",
      ""Rap""
    ],
    ""IS_APPROVED"": true,
    ""MAIN_GENRE"": ""Rap""
  }
]",2021-09-02,2021-09-09,1,23433.07416871,1651
MRELGBC36C3B877BB4884A488FF9D9AE61CE2,King Of Killbranch,BIG30,"[
  {
    ""CLIENT_DOMAIN"": ""Luminate"",
    ""GENRES"": [
      ""Rap"",
      ""R&B/Hip-Hop""
    ],
    ""MAIN_GENRE"": ""Rap""
  },
  {
    ""CLIENT_DOMAIN"": ""Billboard"",
    ""GENRES"": [
      ""R&B/Hip-Hop"",
      ""Rap""
    ],
    ""IS_APPROVED"": true,
    ""MAIN_GENRE"": ""Rap""
  }
]",2021-09-02,2021-09-16,2,15015.21066359,652
MRELGB842EC4C41554D80A8775A97D1D9E00A,Kill This Love,BLACKPINK,"[
  {
    ""CLIENT_DOMAIN"": ""Billboard"",
    ""GENRES"": [
      ""World Music"",
      ""K-Pop""
    ],
    ""IS_APPROVED"": true,
    ""MAIN_GENRE"": ""K-Pop""
  },
  {
    ""CLIENT_DOMAIN"": ""Luminate"",
    ""GENRES"": [
      ""K-Pop"",
      ""Pop""
    ],
    ""MAIN_GENRE"": ""K-Pop""
  }
]",2019-04-04,2019-04-11,1,15003.48232490,9133
MRELGB842EC4C41554D80A8775A97D1D9E00A,Kill This Love,BLACKPINK,"[
  {
    ""CLIENT_DOMAIN"": ""Billboard"",
    ""GENRES"": [
      ""World Music"",
      ""K-Pop""
    ],
    ""IS_APPROVED"": true,
    ""MAIN_GENRE"": ""K-Pop""
  },
  {
    ""CLIENT_DOMAIN"": ""Luminate"",
    ""GENRES"": [
      ""K-Pop"",
      ""Pop""
    ],
    ""MAIN_GENRE"": ""K-Pop""
  }
]",2019-04-04,2019-04-18,2,11037.75871501,1944
MRELG08281899D57140AAAE9AFECF3311E90C,THE ALBUM,BLACKPINK,"[
  {
    ""CLIENT_DOMAIN"": ""Billboard"",
    ""GENRES"": [
      ""K-Pop"",
      ""Others"",
      ""World Music""
    ],
    ""IS_APPROVED"": false,
    ""MAIN_GENRE"": ""K-Pop""
  },
  {
    ""CLIENT_DOMAIN"": ""Luminate"",
    ""GENRES"": [
      ""Others"",
      ""K-Pop""
    ],
    ""MAIN_GENRE"": ""K-Pop""
  }
]",2020-08-28,2020-09-03,1,14828.12924332,0
MRELG08281899D57140AAAE9AFECF3311E90C,THE ALBUM,BLACKPINK,"[
  {
    ""CLIENT_DOMAIN"": ""Billboard"",
    ""GENRES"": [
      ""K-Pop"",
      ""Others"",
      ""World Music""
    ],
    ""IS_APPROVED"": false,
    ""MAIN_GENRE"": ""K-Pop""
  },
  {
    ""CLIENT_DOMAIN"": ""Luminate"",
    ""GENRES"": [
      ""Others"",
      ""K-Pop""
    ],
    ""MAIN_GENRE"": ""K-Pop""
  }
]",2020-08-28,2020-09-10,2,8245.86372903,0
MRELG1201F0812D144848A2EA1F6B1E8DBBA9,BODY LANGUAGE,BLAKE SHELTON,"[
  {
    ""CLIENT_DOMAIN"": ""Billboard"",
    ""GENRES"": [
      ""Country""
    ],
    ""IS_APPROVED"": true,
    ""MAIN_GENRE"": ""Country""
  },
  {
    ""CLIENT_DOMAIN"": ""Luminate"",
    ""GENRES"": [
      ""Euro Pop"",
      ""Country"",
      ""Pop""
    ],
    ""MAIN_GENRE"": ""Country""
  }
]",2021-05-21,2021-05-27,1,23702.87048629,14737
MRELG1201F0812D144848A2EA1F6B1E8DBBA9,BODY LANGUAGE,BLAKE SHELTON,"[
  {
    ""CLIENT_DOMAIN"": ""Billboard"",
    ""GENRES"": [
      ""Country""
    ],
    ""IS_APPROVED"": true,
    ""MAIN_GENRE"": ""Country""
  },
  {
    ""CLIENT_DOMAIN"": ""Luminate"",
    ""GENRES"": [
      ""Euro Pop"",
      ""Country"",
      ""Pop""
    ],
    ""MAIN_GENRE"": ""Country""
  }
]",2021-05-21,2021-06-03,2,12204.97057139,5269
MRELG09F14D4FFA734C40AC781A7348E4C9EE,the record,BOYGENIUS,"[
  {
    ""CLIENT_DOMAIN"": ""Billboard"",
    ""GENRES"": [
      ""Alt. Rock"",
      ""Folk"",
      ""Rock""
    ],
    ""IS_APPROVED"": true,
    ""MAIN_GENRE"": ""Alt. Rock""
  },
  {
    ""CLIENT_DOMAIN"": ""Luminate"",
    ""GENRES"": [
      ""Indie Rock"",
      ""Rock"",
      ""Folk""
    ],
    ""MAIN_GENRE"": ""Rock""
  }
]",2023-03-31,2023-04-06,1,67191.60027251,52807
MRELG09F14D4FFA734C40AC781A7348E4C9EE,the record,BOYGENIUS,"[
  {
    ""CLIENT_DOMAIN"": ""Billboard"",
    ""GENRES"": [
      ""Alt. Rock"",
      ""Folk"",
      ""Rock""
    ],
    ""IS_APPROVED"": true,
    ""MAIN_GENRE"": ""Alt. Rock""
  },
  {
    ""CLIENT_DOMAIN"": ""Luminate"",
    ""GENRES"": [
      ""Indie Rock"",
      ""Rock"",
      ""Folk""
    ],
    ""MAIN_GENRE"": ""Rock""
  }
]",2023-03-31,2023-04-13,2,17973.12996042,10992
MRELG7CF8A09147BC4AA986C3A6DBD45BFA43,"BY THE WAY, I FORGIVE YOU",BRANDI CARLILE,"[
  {
    ""CLIENT_DOMAIN"": ""Luminate"",
    ""GENRES"": [
      ""Rock"",
      ""Folk""
    ],
    ""MAIN_GENRE"": ""Rock""
  },
  {
    ""CLIENT_DOMAIN"": ""Billboard"",
    ""GENRES"": [
      ""Rock"",
      ""Folk""
    ],
    ""IS_APPROVED"": true,
    ""MAIN_GENRE"": ""Rock""
  }
]",2018-02-16,2018-02-22,1,40233.72334795,38041
MRELG7CF8A09147BC4AA986C3A6DBD45BFA43,"BY THE WAY, I FORGIVE YOU",BRANDI CARLILE,"[
  {
    ""CLIENT_DOMAIN"": ""Luminate"",
    ""GENRES"": [
      ""Rock"",
      ""Folk""
    ],
    ""MAIN_GENRE"": ""Rock""
  },
  {
    ""CLIENT_DOMAIN"": ""Billboard"",
    ""GENRES"": [
      ""Rock"",
      ""Folk""
    ],
    ""IS_APPROVED"": true,
    ""MAIN_GENRE"": ""Rock""
  }
]",2018-02-16,2018-03-01,2,7382.86891738,6281
MRELGCE5880F9547740D78E5F86ADC8D752C0,IN THESE SILENT DAYS,BRANDI CARLILE,"[
  {
    ""CLIENT_DOMAIN"": ""Luminate"",
    ""GENRES"": [
      ""Indie Rock"",
      ""Rock"",
      ""Rap"",
      ""Folk"",
      ""Others""
    ],
    ""MAIN_GENRE"": ""Rock""
  },
  {
    ""CLIENT_DOMAIN"": ""Billboard"",
    ""GENRES"": [
      ""Folk"",
      ""Rock""
    ],
    ""IS_APPROVED"": true,
    ""MAIN_GENRE"": ""Rock""
  }
]",2021-10-01,2021-10-07,1,36143.27220941,32207
MRELGCE5880F9547740D78E5F86ADC8D752C0,IN THESE SILENT DAYS,BRANDI CARLILE,"[
  {
    ""CLIENT_DOMAIN"": ""Luminate"",
    ""GENRES"": [
      ""Indie Rock"",
      ""Rock"",
      ""Rap"",
      ""Folk"",
      ""Others""
    ],
    ""MAIN_GENRE"": ""Rock""
  },
  {
    ""CLIENT_DOMAIN"": ""Billboard"",
    ""GENRES"": [
      ""Folk"",
      ""Rock""
    ],
    ""IS_APPROVED"": true,
    ""MAIN_GENRE"": ""Rock""
  }
]",2021-10-01,2021-10-14,2,7443.12897213,5437
MRELG3AC5FE606E914D86AB38EF9FACB9C55F,EMBER,BREAKING BENJAMIN,"[
  {
    ""CLIENT_DOMAIN"": ""Luminate"",
    ""GENRES"": [
      ""Rock""
    ],
    ""MAIN_GENRE"": ""Rock""
  },
  {
    ""CLIENT_DOMAIN"": ""Billboard"",
    ""GENRES"": [
      ""Alt. Rock"",
      ""Hard Rock"",
      ""Rock""
    ],
    ""IS_APPROVED"": true,
    ""MAIN_GENRE"": ""Alt. Rock""
  }
]",2018-04-13,2018-04-19,1,86695.51512936,79912
MRELG3AC5FE606E914D86AB38EF9FACB9C55F,EMBER,BREAKING BENJAMIN,"[
  {
    ""CLIENT_DOMAIN"": ""Luminate"",
    ""GENRES"": [
      ""Rock""
    ],
    ""MAIN_GENRE"": ""Rock""
  },
  {
    ""CLIENT_DOMAIN"": ""Billboard"",
    ""GENRES"": [
      ""Alt. Rock"",
      ""Hard Rock"",
      ""Rock""
    ],
    ""IS_APPROVED"": true,
    ""MAIN_GENRE"": ""Alt. Rock""
  }
]",2018-04-13,2018-04-26,2,15549.36467514,11320
MRELG5B7D5B4A53E441BBB4EF259251F06EAF,Jaime,BRITTANY HOWARD,"[
  {
    ""CLIENT_DOMAIN"": ""Luminate"",
    ""GENRES"": [
      ""Indie Rock"",
      ""Rock"",
      ""Folk""
    ],
    ""MAIN_GENRE"": ""Rock""
  },
  {
    ""CLIENT_DOMAIN"": ""Billboard"",
    ""GENRES"": [
      ""Alt. Rock"",
      ""Rock"",
      ""Folk""
    ],
    ""IS_APPROVED"": true,
    ""MAIN_GENRE"": ""Alt. Rock""
  }
]",2019-09-20,2019-09-26,1,23765.69386362,21184
MRELG5B7D5B4A53E441BBB4EF259251F06EAF,Jaime,BRITTANY HOWARD,"[
  {
    ""CLIENT_DOMAIN"": ""Luminate"",
    ""GENRES"": [
      ""Indie Rock"",
      ""Rock"",
      ""Folk""
    ],
    ""MAIN_GENRE"": ""Rock""
  },
  {
    ""CLIENT_DOMAIN"": ""Billboard"",
    ""GENRES"": [
      ""Alt. Rock"",
      ""Rock"",
      ""Folk""
    ],
    ""IS_APPROVED"": true,
    ""MAIN_GENRE"": ""Alt. Rock""
  }
]",2019-09-20,2019-10-03,2,5450.07217256,4162
MRELG043DBE2FABFB4897B9A4BDC319470551,GINGER,BROCKHAMPTON,"[
  {
    ""CLIENT_DOMAIN"": ""Luminate"",
    ""GENRES"": [
      ""Rap"",
      ""R&B/Hip-Hop""
    ],
    ""MAIN_GENRE"": ""Rap""
  },
  {
    ""CLIENT_DOMAIN"": ""Billboard"",
    ""GENRES"": [
      ""Rap"",
      ""R&B/Hip-Hop""
    ],
    ""IS_APPROVED"": true,
    ""MAIN_GENRE"": ""Rap""
  }
]",2019-08-23,2019-08-29,1,78343.07790920,56567
MRELG043DBE2FABFB4897B9A4BDC319470551,GINGER,BROCKHAMPTON,"[
  {
    ""CLIENT_DOMAIN"": ""Luminate"",
    ""GENRES"": [
      ""Rap"",
      ""R&B/Hip-Hop""
    ],
    ""MAIN_GENRE"": ""Rap""
  },
  {
    ""CLIENT_DOMAIN"": ""Billboard"",
    ""GENRES"": [
      ""Rap"",
      ""R&B/Hip-Hop""
    ],
    ""IS_APPROVED"": true,
    ""MAIN_GENRE"": ""Rap""
  }
]",2019-08-23,2019-09-05,2,11091.20001050,193
MRELG2E0BF0F233CD4CC98EB519DF82CF2759,IRIDESCENCE,BROCKHAMPTON,"[
  {
    ""CLIENT_DOMAIN"": ""Billboard"",
    ""GENRES"": [
      ""Rap"",
      ""R&B/Hip-Hop""
    ],
    ""IS_APPROVED"": true,
    ""MAIN_GENRE"": ""Rap""
  },
  {
    ""CLIENT_DOMAIN"": ""Luminate"",
    ""GENRES"": [
      ""Rap"",
      ""R&B/Hip-Hop""
    ],
    ""MAIN_GENRE"": ""Rap""
  }
]",2018-09-21,2018-09-27,1,101699.49085561,79335
MRELG2E0BF0F233CD4CC98EB519DF82CF2759,IRIDESCENCE,BROCKHAMPTON,"[
  {
    ""CLIENT_DOMAIN"": ""Billboard"",
    ""GENRES"": [
      ""Rap"",
      ""R&B/Hip-Hop""
    ],
    ""IS_APPROVED"": true,
    ""MAIN_GENRE"": ""Rap""
  },
  {
    ""CLIENT_DOMAIN"": ""Luminate"",
    ""GENRES"": [
      ""Rap"",
      ""R&B/Hip-Hop""
    ],
    ""MAIN_GENRE"": ""Rap""
  }
]",2018-09-21,2018-10-04,2,8624.47430032,274
MRELGE58C7230DB44493A84657EB41BAD94A9,FINESSE,BRUNO MARS,"[
  {
    ""CLIENT_DOMAIN"": ""Luminate"",
    ""GENRES"": [
      ""EDM"",
      ""Rap"",
      ""R&B/Hip-Hop"",
      ""Others"",
      ""Pop""
    ],
    ""MAIN_GENRE"": ""R&B/Hip-Hop""
  },
  {
    ""CLIENT_DOMAIN"": ""Billboard"",
    ""GENRES"": [
      ""R&B/Hip-Hop"",
      ""R&B"",
      ""Pop"",
      ""Rap"",
      ""Dance/Electronic""
    ],
    ""IS_APPROVED"": false,
    ""MAIN_GENRE"": ""Dance/Electronic""
  }
]",2018-01-04,2018-01-11,1,27480.53618625,365
MRELGE58C7230DB44493A84657EB41BAD94A9,FINESSE,BRUNO MARS,"[
  {
    ""CLIENT_DOMAIN"": ""Luminate"",
    ""GENRES"": [
      ""EDM"",
      ""Rap"",
      ""R&B/Hip-Hop"",
      ""Others"",
      ""Pop""
    ],
    ""MAIN_GENRE"": ""R&B/Hip-Hop""
  },
  {
    ""CLIENT_DOMAIN"": ""Billboard"",
    ""GENRES"": [
      ""R&B/Hip-Hop"",
      ""R&B"",
      ""Pop"",
      ""Rap"",
      ""Dance/Electronic""
    ],
    ""IS_APPROVED"": false,
    ""MAIN_GENRE"": ""Dance/Electronic""
  }
]",2018-01-04,2018-01-18,2,18678.58789868,220
MRELG1C2FF84E114E4748891C26571B386A16,Butter / Permission to Dance,BTS,"[
  {
    ""CLIENT_DOMAIN"": ""Luminate"",
    ""GENRES"": [
      ""Rap"",
      ""K-Pop""
    ],
    ""MAIN_GENRE"": ""K-Pop""
  },
  {
    ""CLIENT_DOMAIN"": ""Billboard"",
    ""GENRES"": [
      ""K-Pop"",
      ""Rap""
    ],
    ""IS_APPROVED"": false,
    ""MAIN_GENRE"": ""K-Pop""
  }
]",2021-07-09,2021-07-15,1,34717.99691334,0
MRELG1C2FF84E114E4748891C26571B386A16,Butter / Permission to Dance,BTS,"[
  {
    ""CLIENT_DOMAIN"": ""Luminate"",
    ""GENRES"": [
      ""Rap"",
      ""K-Pop""
    ],
    ""MAIN_GENRE"": ""K-Pop""
  },
  {
    ""CLIENT_DOMAIN"": ""Billboard"",
    ""GENRES"": [
      ""K-Pop"",
      ""Rap""
    ],
    ""IS_APPROVED"": false,
    ""MAIN_GENRE"": ""K-Pop""
  }
]",2021-07-09,2021-07-22,2,30765.57925180,0
MRELGB30E81025A034DF59BB39A4AB5CEE0B7,Dynamite,BTS,"[
  {
    ""CLIENT_DOMAIN"": ""Billboard"",
    ""GENRES"": [
      ""K-Pop"",
      ""Rap""
    ],
    ""IS_APPROVED"": false,
    ""MAIN_GENRE"": ""K-Pop""
  },
  {
    ""CLIENT_DOMAIN"": ""Luminate"",
    ""GENRES"": [
      ""Rap"",
      ""K-Pop""
    ],
    ""MAIN_GENRE"": ""K-Pop""
  }
]",2020-08-21,2020-08-27,1,44309.94077061,25626
MRELGB30E81025A034DF59BB39A4AB5CEE0B7,Dynamite,BTS,"[
  {
    ""CLIENT_DOMAIN"": ""Billboard"",
    ""GENRES"": [
      ""K-Pop"",
      ""Rap""
    ],
    ""IS_APPROVED"": false,
    ""MAIN_GENRE"": ""K-Pop""
  },
  {
    ""CLIENT_DOMAIN"": ""Luminate"",
    ""GENRES"": [
      ""Rap"",
      ""K-Pop""
    ],
    ""MAIN_GENRE"": ""K-Pop""
  }
]",2020-08-21,2020-09-03,2,28874.33090340,5986
MRELG6F05D411C6F4453D98A1D1729A118D83,Dynamite [NightTime Version],BTS,"[
  {
    ""CLIENT_DOMAIN"": ""Luminate"",
    ""GENRES"": [
      ""Rock"",
      ""Rap"",
      ""R&B/Hip-Hop"",
      ""K-Pop"",
      ""Pop""
    ],
    ""MAIN_GENRE"": ""K-Pop""
  },
  {
    ""CLIENT_DOMAIN"": ""Billboard"",
    ""GENRES"": [
      ""Pop"",
      ""K-Pop""
    ],
    ""IS_APPROVED"": true,
    ""MAIN_GENRE"": ""Pop""
  }
]",2020-08-21,2020-08-27,1,61224.94077061,16915
MRELG6F05D411C6F4453D98A1D1729A118D83,Dynamite [NightTime Version],BTS,"[
  {
    ""CLIENT_DOMAIN"": ""Luminate"",
    ""GENRES"": [
      ""Rock"",
      ""Rap"",
      ""R&B/Hip-Hop"",
      ""K-Pop"",
      ""Pop""
    ],
    ""MAIN_GENRE"": ""K-Pop""
  },
  {
    ""CLIENT_DOMAIN"": ""Billboard"",
    ""GENRES"": [
      ""Pop"",
      ""K-Pop""
    ],
    ""IS_APPROVED"": true,
    ""MAIN_GENRE"": ""Pop""
  }
]",2020-08-21,2020-09-03,2,31404.33090340,2530
MRELGA3D5514D38B449EA880463919EAAB0AE,Love Yourself ? 'Answer',BTS,"[
  {
    ""CLIENT_DOMAIN"": ""Luminate"",
    ""GENRES"": [
      ""Rap"",
      ""K-Pop""
    ],
    ""MAIN_GENRE"": ""K-Pop""
  },
  {
    ""CLIENT_DOMAIN"": ""Billboard"",
    ""GENRES"": [
      ""World Music"",
      ""K-Pop""
    ],
    ""IS_APPROVED"": true,
    ""MAIN_GENRE"": ""K-Pop""
  }
]",2018-08-24,2018-08-30,1,63956.76303316,11487
MRELGA3D5514D38B449EA880463919EAAB0AE,Love Yourself ? 'Answer',BTS,"[
  {
    ""CLIENT_DOMAIN"": ""Luminate"",
    ""GENRES"": [
      ""Rap"",
      ""K-Pop""
    ],
    ""MAIN_GENRE"": ""K-Pop""
  },
  {
    ""CLIENT_DOMAIN"": ""Billboard"",
    ""GENRES"": [
      ""World Music"",
      ""K-Pop""
    ],
    ""IS_APPROVED"": true,
    ""MAIN_GENRE"": ""K-Pop""
  }
]",2018-08-24,2018-09-06,2,22655.50727974,1040
MRELGECC4530EFA044CEFB0031F6431AD52EA,Love Yourself ? 'Tear',BTS,"[
  {
    ""CLIENT_DOMAIN"": ""Billboard"",
    ""GENRES"": [
      ""K-Pop"",
      ""World Music""
    ],
    ""IS_APPROVED"": true,
    ""MAIN_GENRE"": ""K-Pop""
  },
  {
    ""CLIENT_DOMAIN"": ""Luminate"",
    ""GENRES"": [
      ""Rap"",
      ""K-Pop""
    ],
    ""MAIN_GENRE"": ""K-Pop""
  }
]",2018-05-18,2018-05-24,1,132706.09492376,99433
MRELGECC4530EFA044CEFB0031F6431AD52EA,Love Yourself ? 'Tear',BTS,"[
  {
    ""CLIENT_DOMAIN"": ""Billboard"",
    ""GENRES"": [
      ""K-Pop"",
      ""World Music""
    ],
    ""IS_APPROVED"": true,
    ""MAIN_GENRE"": ""K-Pop""
  },
  {
    ""CLIENT_DOMAIN"": ""Luminate"",
    ""GENRES"": [
      ""Rap"",
      ""K-Pop""
    ],
    ""MAIN_GENRE"": ""K-Pop""
  }
]",2018-05-18,2018-05-31,2,44031.14798022,26353
MRELG2FB555B941C64C028A8101A41F179895,MAP OF THE SOUL : PERSONA,BTS,"[
  {
    ""CLIENT_DOMAIN"": ""Billboard"",
    ""GENRES"": [
      ""K-Pop"",
      ""World Music""
    ],
    ""IS_APPROVED"": true,
    ""MAIN_GENRE"": ""K-Pop""
  },
  {
    ""CLIENT_DOMAIN"": ""Luminate"",
    ""GENRES"": [
      ""K-Pop""
    ],
    ""MAIN_GENRE"": ""K-Pop""
  }
]",2019-04-17,2019-04-18,1,64992.92703305,22646
MRELG2FB555B941C64C028A8101A41F179895,MAP OF THE SOUL : PERSONA,BTS,"[
  {
    ""CLIENT_DOMAIN"": ""Billboard"",
    ""GENRES"": [
      ""K-Pop"",
      ""World Music""
    ],
    ""IS_APPROVED"": true,
    ""MAIN_GENRE"": ""K-Pop""
  },
  {
    ""CLIENT_DOMAIN"": ""Luminate"",
    ""GENRES"": [
      ""K-Pop""
    ],
    ""MAIN_GENRE"": ""K-Pop""
  }
]",2019-04-17,2019-04-25,2,21331.36080938,2646
MRELG4DA40586DA7F42DEAE08ECAF17916FD6,PERMISSION TO DANCE ON STAGE (LIVE),BTS,"[
  {
    ""CLIENT_DOMAIN"": ""Luminate"",
    ""GENRES"": [
      ""Rap"",
      ""K-Pop""
    ],
    ""MAIN_GENRE"": ""K-Pop""
  },
  {
    ""CLIENT_DOMAIN"": ""Billboard"",
    ""GENRES"": [
      ""K-Pop"",
      ""World Music""
    ],
    ""IS_APPROVED"": true,
    ""MAIN_GENRE"": ""K-Pop""
  }
]",2025-07-18,2025-07-24,1,52144.86240521,41522
MRELG4DA40586DA7F42DEAE08ECAF17916FD6,PERMISSION TO DANCE ON STAGE (LIVE),BTS,"[
  {
    ""CLIENT_DOMAIN"": ""Luminate"",
    ""GENRES"": [
      ""Rap"",
      ""K-Pop""
    ],
    ""MAIN_GENRE"": ""K-Pop""
  },
  {
    ""CLIENT_DOMAIN"": ""Billboard"",
    ""GENRES"": [
      ""K-Pop"",
      ""World Music""
    ],
    ""IS_APPROVED"": true,
    ""MAIN_GENRE"": ""K-Pop""
  }
]",2025-07-18,2025-07-31,2,14297.97127076,8841
MRELGD706065F3956439FB2BD56398F1296C4,Permission To Dance,BTS,"[
  {
    ""CLIENT_DOMAIN"": ""Billboard"",
    ""GENRES"": [
      ""Pop"",
      ""K-Pop""
    ],
    ""IS_APPROVED"": true,
    ""MAIN_GENRE"": ""Pop""
  },
  {
    ""CLIENT_DOMAIN"": ""Luminate"",
    ""GENRES"": [
      ""Rap"",
      ""R&B/Hip-Hop"",
      ""K-Pop"",
      ""Pop""
    ],
    ""MAIN_GENRE"": ""K-Pop""
  }
]",2021-07-09,2021-07-15,1,22875.67363982,3095
MRELGD706065F3956439FB2BD56398F1296C4,Permission To Dance,BTS,"[
  {
    ""CLIENT_DOMAIN"": ""Billboard"",
    ""GENRES"": [
      ""Pop"",
      ""K-Pop""
    ],
    ""IS_APPROVED"": true,
    ""MAIN_GENRE"": ""Pop""
  },
  {
    ""CLIENT_DOMAIN"": ""Luminate"",
    ""GENRES"": [
      ""Rap"",
      ""R&B/Hip-Hop"",
      ""K-Pop"",
      ""Pop""
    ],
    ""MAIN_GENRE"": ""K-Pop""
  }
]",2021-07-09,2021-07-22,2,13852.70548805,962
MRELG98C58A780A1F4968A94E7197E44EB09D,Proof,BTS,"[
  {
    ""CLIENT_DOMAIN"": ""Billboard"",
    ""GENRES"": [
      ""K-Pop"",
      ""World Music""
    ],
    ""IS_APPROVED"": true,
    ""MAIN_GENRE"": ""K-Pop""
  },
  {
    ""CLIENT_DOMAIN"": ""Luminate"",
    ""GENRES"": [
      ""K-Pop""
    ],
    ""MAIN_GENRE"": ""K-Pop""
  }
]",2022-05-05,2022-05-12,1,10211.06567116,0
MRELG98C58A780A1F4968A94E7197E44EB09D,Proof,BTS,"[
  {
    ""CLIENT_DOMAIN"": ""Billboard"",
    ""GENRES"": [
      ""K-Pop"",
      ""World Music""
    ],
    ""IS_APPROVED"": true,
    ""MAIN_GENRE"": ""K-Pop""
  },
  {
    ""CLIENT_DOMAIN"": ""Luminate"",
    ""GENRES"": [
      ""K-Pop""
    ],
    ""MAIN_GENRE"": ""K-Pop""
  }
]",2022-05-05,2022-05-19,2,9767.92438434,0
MRELGA9C443FE5D8D46668A4BDE207FD92FD2,Gravity,BULLET FOR MY VALENTINE,"[
  {
    ""CLIENT_DOMAIN"": ""Luminate"",
    ""GENRES"": [
      ""Rock""
    ],
    ""MAIN_GENRE"": ""Rock""
  },
  {
    ""CLIENT_DOMAIN"": ""Billboard"",
    ""GENRES"": [
      ""Rock"",
      ""Hard Rock""
    ],
    ""IS_APPROVED"": true,
    ""MAIN_GENRE"": ""Hard Rock""
  }
]",2018-06-29,2018-07-05,1,22899.24954730,20150
MRELGA9C443FE5D8D46668A4BDE207FD92FD2,Gravity,BULLET FOR MY VALENTINE,"[
  {
    ""CLIENT_DOMAIN"": ""Luminate"",
    ""GENRES"": [
      ""Rock""
    ],
    ""MAIN_GENRE"": ""Rock""
  },
  {
    ""CLIENT_DOMAIN"": ""Billboard"",
    ""GENRES"": [
      ""Rock"",
      ""Hard Rock""
    ],
    ""IS_APPROVED"": true,
    ""MAIN_GENRE"": ""Hard Rock""
  }
]",2018-06-29,2018-07-12,2,4826.45175023,3518
MRELG3EED8E53B0304BC787A5FDB1DDC6123A,The Melodic Blue,Baby Keem,"[
  {
    ""CLIENT_DOMAIN"": ""Luminate"",
    ""GENRES"": [
      ""Rap"",
      ""R&B/Hip-Hop""
    ],
    ""MAIN_GENRE"": ""Rap""
  },
  {
    ""CLIENT_DOMAIN"": ""Billboard"",
    ""GENRES"": [
      ""Rap"",
      ""R&B/Hip-Hop""
    ],
    ""IS_APPROVED"": true,
    ""MAIN_GENRE"": ""Rap""
  }
]",2021-09-10,2021-09-16,1,53779.50669093,1059
MRELG3EED8E53B0304BC787A5FDB1DDC6123A,The Melodic Blue,Baby Keem,"[
  {
    ""CLIENT_DOMAIN"": ""Luminate"",
    ""GENRES"": [
      ""Rap"",
      ""R&B/Hip-Hop""
    ],
    ""MAIN_GENRE"": ""Rap""
  },
  {
    ""CLIENT_DOMAIN"": ""Billboard"",
    ""GENRES"": [
      ""Rap"",
      ""R&B/Hip-Hop""
    ],
    ""IS_APPROVED"": true,
    ""MAIN_GENRE"": ""Rap""
  }
]",2021-09-10,2021-09-23,2,27659.46611354,153
MRELG92967454718C4E7FAF16E9CCBBD22E6B,DeBÍ TiRAR MáS FOToS,Bad Bunny,"[
  {
    ""CLIENT_DOMAIN"": ""Billboard"",
    ""GENRES"": [
      ""Latin - Rhythm"",
      ""Latin""
    ],
    ""IS_APPROVED"": true,
    ""MAIN_GENRE"": ""Latin - Rhythm""
  },
  {
    ""CLIENT_DOMAIN"": ""Luminate"",
    ""GENRES"": [
      ""Latin Pop"",
      ""Latin"",
      ""Reggaeton""
    ],
    ""MAIN_GENRE"": ""Latin""
  }
]",2025-01-05,2025-01-09,1,123555.55814097,8018
MRELG92967454718C4E7FAF16E9CCBBD22E6B,DeBÍ TiRAR MáS FOToS,Bad Bunny,"[
  {
    ""CLIENT_DOMAIN"": ""Billboard"",
    ""GENRES"": [
      ""Latin - Rhythm"",
      ""Latin""
    ],
    ""IS_APPROVED"": true,
    ""MAIN_GENRE"": ""Latin - Rhythm""
  },
  {
    ""CLIENT_DOMAIN"": ""Luminate"",
    ""GENRES"": [
      ""Latin Pop"",
      ""Latin"",
      ""Reggaeton""
    ],
    ""MAIN_GENRE"": ""Latin""
  }
]",2025-01-05,2025-01-16,2,203325.47063206,7747
MRELG38B8E60FC9A849DCA977FB25343E87E2,LAS QUE NO IBAN A SALIR,Bad Bunny,"[
  {
    ""CLIENT_DOMAIN"": ""Billboard"",
    ""GENRES"": [
      ""Latin - Rhythm"",
      ""Latin""
    ],
    ""IS_APPROVED"": true,
    ""MAIN_GENRE"": ""Latin - Rhythm""
  },
  {
    ""CLIENT_DOMAIN"": ""Luminate"",
    ""GENRES"": [
      ""Latin""
    ],
    ""MAIN_GENRE"": ""Latin""
  }
]",2020-05-10,2020-05-14,1,41890.94135259,8101
MRELG38B8E60FC9A849DCA977FB25343E87E2,LAS QUE NO IBAN A SALIR,Bad Bunny,"[
  {
    ""CLIENT_DOMAIN"": ""Billboard"",
    ""GENRES"": [
      ""Latin - Rhythm"",
      ""Latin""
    ],
    ""IS_APPROVED"": true,
    ""MAIN_GENRE"": ""Latin - Rhythm""
  },
  {
    ""CLIENT_DOMAIN"": ""Luminate"",
    ""GENRES"": [
      ""Latin""
    ],
    ""MAIN_GENRE"": ""Latin""
  }
]",2020-05-10,2020-05-21,2,25746.73892539,1711
MRELG521CEEE4275B42BB926DC43CCC223626,MIA (FEAT. DRAKE),Bad Bunny,"[
  {
    ""CLIENT_DOMAIN"": ""Luminate"",
    ""GENRES"": [
      ""Latin""
    ],
    ""MAIN_GENRE"": ""Latin""
  },
  {
    ""CLIENT_DOMAIN"": ""Billboard"",
    ""GENRES"": [
      ""Latin - Rhythm"",
      ""Latin""
    ],
    ""IS_APPROVED"": true,
    ""MAIN_GENRE"": ""Latin - Rhythm""
  }
]",2018-10-11,2018-10-18,1,23235.87516285,119
MRELG521CEEE4275B42BB926DC43CCC223626,MIA (FEAT. DRAKE),Bad Bunny,"[
  {
    ""CLIENT_DOMAIN"": ""Luminate"",
    ""GENRES"": [
      ""Latin""
    ],
    ""MAIN_GENRE"": ""Latin""
  },
  {
    ""CLIENT_DOMAIN"": ""Billboard"",
    ""GENRES"": [
      ""Latin - Rhythm"",
      ""Latin""
    ],
    ""IS_APPROVED"": true,
    ""MAIN_GENRE"": ""Latin - Rhythm""
  }
]",2018-10-11,2018-10-25,2,14700.98595789,61
MRELGC1AA185260A74BE7ADCADC111241A72F,NADIE SABE LO QUE VA A PASAR MANANA,Bad Bunny,"[
  {
    ""CLIENT_DOMAIN"": ""Luminate"",
    ""GENRES"": [
      ""Latin Pop"",
      ""Latin"",
      ""Reggaeton""
    ],
    ""MAIN_GENRE"": ""Reggaeton""
  },
  {
    ""CLIENT_DOMAIN"": ""Billboard"",
    ""GENRES"": [
      ""Latin - Rhythm"",
      ""Latin""
    ],
    ""IS_APPROVED"": true,
    ""MAIN_GENRE"": ""Latin - Rhythm""
  }
]",2023-10-13,2023-10-19,1,183673.05406894,7344
MRELGC1AA185260A74BE7ADCADC111241A72F,NADIE SABE LO QUE VA A PASAR MANANA,Bad Bunny,"[
  {
    ""CLIENT_DOMAIN"": ""Luminate"",
    ""GENRES"": [
      ""Latin Pop"",
      ""Latin"",
      ""Reggaeton""
    ],
    ""MAIN_GENRE"": ""Reggaeton""
  },
  {
    ""CLIENT_DOMAIN"": ""Billboard"",
    ""GENRES"": [
      ""Latin - Rhythm"",
      ""Latin""
    ],
    ""IS_APPROVED"": true,
    ""MAIN_GENRE"": ""Latin - Rhythm""
  }
]",2023-10-13,2023-10-26,2,97298.86427530,1228
MRELG6CF8FA3E9B844CE4B47A3103DF696566,Un Verano Sin Ti,Bad Bunny,"[
  {
    ""CLIENT_DOMAIN"": ""Billboard"",
    ""GENRES"": [
      ""Latin - Rhythm"",
      ""Latin""
    ],
    ""IS_APPROVED"": true,
    ""MAIN_GENRE"": ""Latin - Rhythm""
  },
  {
    ""CLIENT_DOMAIN"": ""Luminate"",
    ""GENRES"": [
      ""Latin Pop"",
      ""Latin"",
      ""Rap"",
      ""Reggaeton""
    ],
    ""MAIN_GENRE"": ""Latin""
  }
]",2022-05-06,2022-05-12,1,273284.90432514,11533
MRELG6CF8FA3E9B844CE4B47A3103DF696566,Un Verano Sin Ti,Bad Bunny,"[
  {
    ""CLIENT_DOMAIN"": ""Billboard"",
    ""GENRES"": [
      ""Latin - Rhythm"",
      ""Latin""
    ],
    ""IS_APPROVED"": true,
    ""MAIN_GENRE"": ""Latin - Rhythm""
  },
  {
    ""CLIENT_DOMAIN"": ""Luminate"",
    ""GENRES"": [
      ""Latin Pop"",
      ""Latin"",
      ""Rap"",
      ""Reggaeton""
    ],
    ""MAIN_GENRE"": ""Latin""
  }
]",2022-05-06,2022-05-19,2,181777.17042827,2390
MRELGDB304CAE1C9B4F8D91CF98358933F0CD,Different Night Same Rodeo,Bailey Zimmerman,"[
  {
    ""CLIENT_DOMAIN"": ""Billboard"",
    ""GENRES"": [
      ""Country""
    ],
    ""IS_APPROVED"": true,
    ""MAIN_GENRE"": ""Country""
  },
  {
    ""CLIENT_DOMAIN"": ""Luminate"",
    ""GENRES"": [
      ""Country""
    ],
    ""MAIN_GENRE"": ""Country""
  }
]",2025-08-08,2025-08-14,1,30572.38486324,5819
MRELGDB304CAE1C9B4F8D91CF98358933F0CD,Different Night Same Rodeo,Bailey Zimmerman,"[
  {
    ""CLIENT_DOMAIN"": ""Billboard"",
    ""GENRES"": [
      ""Country""
    ],
    ""IS_APPROVED"": true,
    ""MAIN_GENRE"": ""Country""
  },
  {
    ""CLIENT_DOMAIN"": ""Luminate"",
    ""GENRES"": [
      ""Country""
    ],
    ""MAIN_GENRE"": ""Country""
  }
]",2025-08-08,2025-08-21,2,18280.16456104,1012
MRELG9B3807D3FF5348C5A6510525845CE851,Leave The Light On,Bailey Zimmerman,"[
  {
    ""CLIENT_DOMAIN"": ""Billboard"",
    ""GENRES"": [
      ""Country""
    ],
    ""IS_APPROVED"": true,
    ""MAIN_GENRE"": ""Country""
  },
  {
    ""CLIENT_DOMAIN"": ""Luminate"",
    ""GENRES"": [
      ""Country""
    ],
    ""MAIN_GENRE"": ""Country""
  }
]",2022-10-14,2022-10-20,1,31806.75021399,4127
MRELG9B3807D3FF5348C5A6510525845CE851,Leave The Light On,Bailey Zimmerman,"[
  {
    ""CLIENT_DOMAIN"": ""Billboard"",
    ""GENRES"": [
      ""Country""
    ],
    ""IS_APPROVED"": true,
    ""MAIN_GENRE"": ""Country""
  },
  {
    ""CLIENT_DOMAIN"": ""Luminate"",
    ""GENRES"": [
      ""Country""
    ],
    ""MAIN_GENRE"": ""Country""
  }
]",2022-10-14,2022-10-27,2,23201.60566813,1065
MRELGD04E45725E644BE2B0A3DDF81D3B2E32,Religiously. The Album.,Bailey Zimmerman,"[
  {
    ""CLIENT_DOMAIN"": ""Billboard"",
    ""GENRES"": [
      ""Country""
    ],
    ""IS_APPROVED"": true,
    ""MAIN_GENRE"": ""Country""
  },
  {
    ""CLIENT_DOMAIN"": ""Luminate"",
    ""GENRES"": [
      ""Country""
    ],
    ""MAIN_GENRE"": ""Country""
  }
]",2023-01-11,2023-01-12,1,17787.66452702,0
MRELGD04E45725E644BE2B0A3DDF81D3B2E32,Religiously. The Album.,Bailey Zimmerman,"[
  {
    ""CLIENT_DOMAIN"": ""Billboard"",
    ""GENRES"": [
      ""Country""
    ],
    ""IS_APPROVED"": true,
    ""MAIN_GENRE"": ""Country""
  },
  {
    ""CLIENT_DOMAIN"": ""Luminate"",
    ""GENRES"": [
      ""Country""
    ],
    ""MAIN_GENRE"": ""Country""
  }
]",2023-01-11,2023-01-19,2,17510.42572942,0
MRELG5A85523ED1D0451089B746397E1A95DF,COSMIC,Bazzi,"[
  {
    ""CLIENT_DOMAIN"": ""Luminate"",
    ""GENRES"": [
      ""Pop""
    ],
    ""MAIN_GENRE"": ""Pop""
  },
  {
    ""CLIENT_DOMAIN"": ""Billboard"",
    ""GENRES"": [
      ""Pop""
    ],
    ""IS_APPROVED"": true,
    ""MAIN_GENRE"": ""Pop""
  }
]",2018-04-12,2018-04-19,1,32321.44220278,1989
MRELG5A85523ED1D0451089B746397E1A95DF,COSMIC,Bazzi,"[
  {
    ""CLIENT_DOMAIN"": ""Luminate"",
    ""GENRES"": [
      ""Pop""
    ],
    ""MAIN_GENRE"": ""Pop""
  },
  {
    ""CLIENT_DOMAIN"": ""Billboard"",
    ""GENRES"": [
      ""Pop""
    ],
    ""IS_APPROVED"": true,
    ""MAIN_GENRE"": ""Pop""
  }
]",2018-04-12,2018-04-26,2,25990.85430160,1000
MRELG2A6EB84BE433451FADE56F1E7B53E60C,Below,Beartooth,"[
  {
    ""CLIENT_DOMAIN"": ""Luminate"",
    ""GENRES"": [
      ""Punk"",
      ""Rock"",
      ""K-Pop""
    ],
    ""MAIN_GENRE"": ""Rock""
  },
  {
    ""CLIENT_DOMAIN"": ""Billboard"",
    ""GENRES"": [
      ""Hard Rock"",
      ""Alt. Rock"",
      ""Rock""
    ],
    ""IS_APPROVED"": true,
    ""MAIN_GENRE"": ""Alt. Rock""
  }
]",2021-06-25,2021-07-01,1,17288.58359663,13767
MRELG2A6EB84BE433451FADE56F1E7B53E60C,Below,Beartooth,"[
  {
    ""CLIENT_DOMAIN"": ""Luminate"",
    ""GENRES"": [
      ""Punk"",
      ""Rock"",
      ""K-Pop""
    ],
    ""MAIN_GENRE"": ""Rock""
  },
  {
    ""CLIENT_DOMAIN"": ""Billboard"",
    ""GENRES"": [
      ""Hard Rock"",
      ""Alt. Rock"",
      ""Rock""
    ],
    ""IS_APPROVED"": true,
    ""MAIN_GENRE"": ""Alt. Rock""
  }
]",2021-06-25,2021-07-08,2,3235.32507161,1122
MRELGFE64984E24774313967565496C2327C8,Meant To Be (Acoustic),Bebe Rexha,"[
  {
    ""CLIENT_DOMAIN"": ""Luminate"",
    ""GENRES"": [
      ""Euro Pop"",
      ""Rock"",
      ""Country"",
      ""Others"",
      ""Pop""
    ],
    ""MAIN_GENRE"": ""Pop""
  },
  {
    ""CLIENT_DOMAIN"": ""Billboard"",
    ""GENRES"": [
      ""Others""
    ],
    ""IS_APPROVED"": true,
    ""MAIN_GENRE"": ""Others""
  }
]",2018-04-06,2018-04-12,1,13733.64900532,17
MRELGFE64984E24774313967565496C2327C8,Meant To Be (Acoustic),Bebe Rexha,"[
  {
    ""CLIENT_DOMAIN"": ""Luminate"",
    ""GENRES"": [
      ""Euro Pop"",
      ""Rock"",
      ""Country"",
      ""Others"",
      ""Pop""
    ],
    ""MAIN_GENRE"": ""Pop""
  },
  {
    ""CLIENT_DOMAIN"": ""Billboard"",
    ""GENRES"": [
      ""Others""
    ],
    ""IS_APPROVED"": true,
    ""MAIN_GENRE"": ""Others""
  }
]",2018-04-06,2018-04-19,2,15445.87508020,27
MRELG6D9CA25237E84193B260458C867FAD9C,SING TO ME INSTEAD,Ben Platt,"[
  {
    ""CLIENT_DOMAIN"": ""Billboard"",
    ""GENRES"": [
      ""Pop""
    ],
    ""IS_APPROVED"": true,
    ""MAIN_GENRE"": ""Pop""
  },
  {
    ""CLIENT_DOMAIN"": ""Luminate"",
    ""GENRES"": [
      ""Stage Musicals"",
      ""Pop""
    ],
    ""MAIN_GENRE"": ""Pop""
  }
]",2019-03-29,2019-04-04,1,23805.56030363,18628
MRELG6D9CA25237E84193B260458C867FAD9C,SING TO ME INSTEAD,Ben Platt,"[
  {
    ""CLIENT_DOMAIN"": ""Billboard"",
    ""GENRES"": [
      ""Pop""
    ],
    ""IS_APPROVED"": true,
    ""MAIN_GENRE"": ""Pop""
  },
  {
    ""CLIENT_DOMAIN"": ""Luminate"",
    ""GENRES"": [
      ""Stage Musicals"",
      ""Pop""
    ],
    ""MAIN_GENRE"": ""Pop""
  }
]",2019-03-29,2019-04-11,2,4762.66068395,2015
MRELGB8A2B7F56F95414CBD363E6219AFF288,Fireworks & Rollerblades,Benson Boone,"[
  {
    ""CLIENT_DOMAIN"": ""Billboard"",
    ""GENRES"": [
      ""Pop""
    ],
    ""IS_APPROVED"": true,
    ""MAIN_GENRE"": ""Pop""
  },
  {
    ""CLIENT_DOMAIN"": ""Luminate"",
    ""GENRES"": [
      ""Pop""
    ],
    ""MAIN_GENRE"": ""Pop""
  }
]",2024-04-05,2024-04-11,1,57711.36995631,4321
MRELGB8A2B7F56F95414CBD363E6219AFF288,Fireworks & Rollerblades,Benson Boone,"[
  {
    ""CLIENT_DOMAIN"": ""Billboard"",
    ""GENRES"": [
      ""Pop""
    ],
    ""IS_APPROVED"": true,
    ""MAIN_GENRE"": ""Pop""
  },
  {
    ""CLIENT_DOMAIN"": ""Luminate"",
    ""GENRES"": [
      ""Pop""
    ],
    ""MAIN_GENRE"": ""Pop""
  }
]",2024-04-05,2024-04-18,2,43235.16365162,1524
MRELG7072686CF7C544E78D9885751CF549D3,COWBOY CARTER,Beyoncé,"[
  {
    ""CLIENT_DOMAIN"": ""Luminate"",
    ""GENRES"": [
      ""R&B/Hip-Hop"",
      ""Country"",
      ""Folk""
    ],
    ""MAIN_GENRE"": ""Folk""
  },
  {
    ""CLIENT_DOMAIN"": ""Billboard"",
    ""GENRES"": [
      ""Folk"",
      ""Country""
    ],
    ""IS_APPROVED"": true,
    ""MAIN_GENRE"": ""Folk""
  }
]",2024-03-29,2024-04-04,1,406997.53342514,167545
MRELG7072686CF7C544E78D9885751CF549D3,COWBOY CARTER,Beyoncé,"[
  {
    ""CLIENT_DOMAIN"": ""Luminate"",
    ""GENRES"": [
      ""R&B/Hip-Hop"",
      ""Country"",
      ""Folk""
    ],
    ""MAIN_GENRE"": ""Folk""
  },
  {
    ""CLIENT_DOMAIN"": ""Billboard"",
    ""GENRES"": [
      ""Folk"",
      ""Country""
    ],
    ""IS_APPROVED"": true,
    ""MAIN_GENRE"": ""Folk""
  }
]",2024-03-29,2024-04-11,2,127987.77692700,20596
MRELG62075247264848EBABE9AAE41DAF9982,HOMECOMING: THE LIVE ALBUM,Beyoncé,"[
  {
    ""CLIENT_DOMAIN"": ""Billboard"",
    ""GENRES"": [
      ""R&B"",
      ""R&B/Hip-Hop""
    ],
    ""IS_APPROVED"": true,
    ""MAIN_GENRE"": ""R&B""
  },
  {
    ""CLIENT_DOMAIN"": ""Luminate"",
    ""GENRES"": [
      ""R&B/Hip-Hop"",
      ""Pop""
    ],
    ""MAIN_GENRE"": ""Pop""
  }
]",2019-04-17,2019-04-18,1,47853.52196530,14498
MRELG62075247264848EBABE9AAE41DAF9982,HOMECOMING: THE LIVE ALBUM,Beyoncé,"[
  {
    ""CLIENT_DOMAIN"": ""Billboard"",
    ""GENRES"": [
      ""R&B"",
      ""R&B/Hip-Hop""
    ],
    ""IS_APPROVED"": true,
    ""MAIN_GENRE"": ""R&B""
  },
  {
    ""CLIENT_DOMAIN"": ""Luminate"",
    ""GENRES"": [
      ""R&B/Hip-Hop"",
      ""Pop""
    ],
    ""MAIN_GENRE"": ""Pop""
  }
]",2019-04-17,2019-04-25,2,83260.65562041,8262
MRELGC5FC2BF88DBD4478B186140FA45BA6E4,RENAISSANCE,Beyoncé,"[
  {
    ""CLIENT_DOMAIN"": ""Luminate"",
    ""GENRES"": [
      ""Pop"",
      ""EDM"",
      ""R&B/Hip-Hop""
    ],
    ""MAIN_GENRE"": ""Pop""
  },
  {
    ""CLIENT_DOMAIN"": ""Billboard"",
    ""GENRES"": [
      ""R&B"",
      ""R&B/Hip-Hop"",
      ""Dance/Electronic""
    ],
    ""IS_APPROVED"": true,
    ""MAIN_GENRE"": ""R&B""
  }
]",2022-07-29,2022-08-04,1,330953.28591465,190052
MRELGC5FC2BF88DBD4478B186140FA45BA6E4,RENAISSANCE,Beyoncé,"[
  {
    ""CLIENT_DOMAIN"": ""Luminate"",
    ""GENRES"": [
      ""Pop"",
      ""EDM"",
      ""R&B/Hip-Hop""
    ],
    ""MAIN_GENRE"": ""Pop""
  },
  {
    ""CLIENT_DOMAIN"": ""Billboard"",
    ""GENRES"": [
      ""R&B"",
      ""R&B/Hip-Hop"",
      ""Dance/Electronic""
    ],
    ""IS_APPROVED"": true,
    ""MAIN_GENRE"": ""R&B""
  }
]",2022-07-29,2022-08-11,2,85429.69021003,14001
MRELGB85059165EB34124BE270078AD83467A,TEXAS HOLD 'EM (PONY UP) REMIX,Beyoncé,"[
  {
    ""CLIENT_DOMAIN"": ""Luminate"",
    ""GENRES"": [
      ""R&B/Hip-Hop"",
      ""Country""
    ],
    ""MAIN_GENRE"": ""R&B/Hip-Hop""
  },
  {
    ""CLIENT_DOMAIN"": ""Billboard"",
    ""GENRES"": [
      ""Country""
    ],
    ""IS_APPROVED"": true,
    ""MAIN_GENRE"": ""Country""
  }
]",2024-04-03,2024-04-04,1,20648.70014899,0
MRELGB85059165EB34124BE270078AD83467A,TEXAS HOLD 'EM (PONY UP) REMIX,Beyoncé,"[
  {
    ""CLIENT_DOMAIN"": ""Luminate"",
    ""GENRES"": [
      ""R&B/Hip-Hop"",
      ""Country""
    ],
    ""MAIN_GENRE"": ""R&B/Hip-Hop""
  },
  {
    ""CLIENT_DOMAIN"": ""Billboard"",
    ""GENRES"": [
      ""Country""
    ],
    ""IS_APPROVED"": true,
    ""MAIN_GENRE"": ""Country""
  }
]",2024-04-03,2024-04-11,2,14318.49685528,77
MRELG226D922DEA1D4CFCBE9CF11CB7DB1962,Detroit 2,Big Sean,"[
  {
    ""CLIENT_DOMAIN"": ""Billboard"",
    ""GENRES"": [
      ""Rap"",
      ""R&B/Hip-Hop""
    ],
    ""IS_APPROVED"": true,
    ""MAIN_GENRE"": ""Rap""
  },
  {
    ""CLIENT_DOMAIN"": ""Luminate"",
    ""GENRES"": [
      ""Rap"",
      ""R&B/Hip-Hop""
    ],
    ""MAIN_GENRE"": ""Rap""
  }
]",2020-09-04,2020-09-10,1,103688.34782640,29739
MRELG226D922DEA1D4CFCBE9CF11CB7DB1962,Detroit 2,Big Sean,"[
  {
    ""CLIENT_DOMAIN"": ""Billboard"",
    ""GENRES"": [
      ""Rap"",
      ""R&B/Hip-Hop""
    ],
    ""IS_APPROVED"": true,
    ""MAIN_GENRE"": ""Rap""
  },
  {
    ""CLIENT_DOMAIN"": ""Luminate"",
    ""GENRES"": [
      ""Rap"",
      ""R&B/Hip-Hop""
    ],
    ""MAIN_GENRE"": ""Rap""
  }
]",2020-09-04,2020-09-17,2,37886.09553322,8359
MRELG14492EE385E34A37A01C4AF56458ACEC,HIT ME HARD AND SOFT,Billie Eilish,"[
  {
    ""CLIENT_DOMAIN"": ""Billboard"",
    ""GENRES"": [
      ""Pop"",
      ""Alt. Rock""
    ],
    ""IS_APPROVED"": true,
    ""MAIN_GENRE"": ""Pop""
  },
  {
    ""CLIENT_DOMAIN"": ""Luminate"",
    ""GENRES"": [
      ""Rock"",
      ""Electronica"",
      ""Pop""
    ],
    ""MAIN_GENRE"": ""Pop""
  }
]",2024-05-17,2024-05-23,1,345103.87577508,197559
MRELG14492EE385E34A37A01C4AF56458ACEC,HIT ME HARD AND SOFT,Billie Eilish,"[
  {
    ""CLIENT_DOMAIN"": ""Billboard"",
    ""GENRES"": [
      ""Pop"",
      ""Alt. Rock""
    ],
    ""IS_APPROVED"": true,
    ""MAIN_GENRE"": ""Pop""
  },
  {
    ""CLIENT_DOMAIN"": ""Luminate"",
    ""GENRES"": [
      ""Rock"",
      ""Electronica"",
      ""Pop""
    ],
    ""MAIN_GENRE"": ""Pop""
  }
]",2024-05-17,2024-05-30,2,150729.80686694,47033
MRELGE381CA0F0616440798557254A4AA45A9,Prime Day Show x Billie Eilish,Billie Eilish,"[
  {
    ""CLIENT_DOMAIN"": ""Billboard"",
    ""GENRES"": [
      ""Alt. Rock"",
      ""Pop""
    ],
    ""IS_APPROVED"": true,
    ""MAIN_GENRE"": ""Pop""
  },
  {
    ""CLIENT_DOMAIN"": ""Luminate"",
    ""GENRES"": [
      ""Rock"",
      ""Electronica"",
      ""Pop""
    ],
    ""MAIN_GENRE"": ""Pop""
  }
]",2021-06-17,2021-06-24,1,12602.00554018,8
MRELGE381CA0F0616440798557254A4AA45A9,Prime Day Show x Billie Eilish,Billie Eilish,"[
  {
    ""CLIENT_DOMAIN"": ""Billboard"",
    ""GENRES"": [
      ""Alt. Rock"",
      ""Pop""
    ],
    ""IS_APPROVED"": true,
    ""MAIN_GENRE"": ""Pop""
  },
  {
    ""CLIENT_DOMAIN"": ""Luminate"",
    ""GENRES"": [
      ""Rock"",
      ""Electronica"",
      ""Pop""
    ],
    ""MAIN_GENRE"": ""Pop""
  }
]",2021-06-17,2021-07-01,2,10980.65024239,1
MRELG81D2CEA20D8443AD8C94324ABE48C652,"WHEN WE ALL FALL ASLEEP, WHERE DO WE GO?",Billie Eilish,"[
  {
    ""CLIENT_DOMAIN"": ""Billboard"",
    ""GENRES"": [
      ""Alt. Rock"",
      ""Pop""
    ],
    ""IS_APPROVED"": true,
    ""MAIN_GENRE"": ""Alt. Rock""
  },
  {
    ""CLIENT_DOMAIN"": ""Luminate"",
    ""GENRES"": [
      ""Pop"",
      ""Alternative""
    ],
    ""MAIN_GENRE"": ""Pop""
  }
]",2019-03-29,2019-04-04,1,321944.47027422,169496
MRELG81D2CEA20D8443AD8C94324ABE48C652,"WHEN WE ALL FALL ASLEEP, WHERE DO WE GO?",Billie Eilish,"[
  {
    ""CLIENT_DOMAIN"": ""Billboard"",
    ""GENRES"": [
      ""Alt. Rock"",
      ""Pop""
    ],
    ""IS_APPROVED"": true,
    ""MAIN_GENRE"": ""Alt. Rock""
  },
  {
    ""CLIENT_DOMAIN"": ""Luminate"",
    ""GENRES"": [
      ""Pop"",
      ""Alternative""
    ],
    ""MAIN_GENRE"": ""Pop""
  }
]",2019-03-29,2019-04-11,2,129648.92224186,27718
MRELG874A0F9F3F1D42239E18CBD681201052,Highway Prayers,Billy Strings,"[
  {
    ""CLIENT_DOMAIN"": ""Billboard"",
    ""GENRES"": [
      ""Country"",
      ""Folk"",
      ""Bluegrass""
    ],
    ""IS_APPROVED"": true,
    ""MAIN_GENRE"": ""Bluegrass""
  },
  {
    ""CLIENT_DOMAIN"": ""Luminate"",
    ""GENRES"": [
      ""Country & Folk"",
      ""Country"",
      ""Folk"",
      ""Bluegrass""
    ],
    ""MAIN_GENRE"": ""Bluegrass""
  }
]",2024-09-26,2024-10-03,1,24034.43929355,19141
MRELG874A0F9F3F1D42239E18CBD681201052,Highway Prayers,Billy Strings,"[
  {
    ""CLIENT_DOMAIN"": ""Billboard"",
    ""GENRES"": [
      ""Country"",
      ""Folk"",
      ""Bluegrass""
    ],
    ""IS_APPROVED"": true,
    ""MAIN_GENRE"": ""Bluegrass""
  },
  {
    ""CLIENT_DOMAIN"": ""Luminate"",
    ""GENRES"": [
      ""Country & Folk"",
      ""Country"",
      ""Folk"",
      ""Bluegrass""
    ],
    ""MAIN_GENRE"": ""Bluegrass""
  }
]",2024-09-26,2024-10-10,2,5789.99833221,2974
MRELG89599807B24C419DA5FC622426764499,Code Red,"Blac Youngsta, Moneybagg Yo","[
  {
    ""CLIENT_DOMAIN"": ""Billboard"",
    ""GENRES"": [
      ""Rap"",
      ""R&B/Hip-Hop""
    ],
    ""IS_APPROVED"": true,
    ""MAIN_GENRE"": ""Rap""
  },
  {
    ""CLIENT_DOMAIN"": ""Luminate"",
    ""GENRES"": [
      ""Rap"",
      ""R&B/Hip-Hop""
    ],
    ""MAIN_GENRE"": ""Rap""
  }
]",2020-09-18,2020-09-24,1,41174.49728406,2941
MRELG89599807B24C419DA5FC622426764499,Code Red,"Blac Youngsta, Moneybagg Yo","[
  {
    ""CLIENT_DOMAIN"": ""Billboard"",
    ""GENRES"": [
      ""Rap"",
      ""R&B/Hip-Hop""
    ],
    ""IS_APPROVED"": true,
    ""MAIN_GENRE"": ""Rap""
  },
  {
    ""CLIENT_DOMAIN"": ""Luminate"",
    ""GENRES"": [
      ""Rap"",
      ""R&B/Hip-Hop""
    ],
    ""MAIN_GENRE"": ""Rap""
  }
]",2020-09-18,2020-10-01,2,22591.05289719,210
MRELG165D6D21EEBD401885C07F1B505E0190,Vale,Black Veil Brides,"[
  {
    ""CLIENT_DOMAIN"": ""Luminate"",
    ""GENRES"": [
      ""Punk"",
      ""Rock"",
      ""Metal""
    ],
    ""MAIN_GENRE"": ""Rock""
  },
  {
    ""CLIENT_DOMAIN"": ""Billboard"",
    ""GENRES"": [
      ""Rock"",
      ""Hard Rock""
    ],
    ""IS_APPROVED"": true,
    ""MAIN_GENRE"": ""Hard Rock""
  }
]",2018-01-12,2018-01-18,1,24013.28422640,22499
MRELG165D6D21EEBD401885C07F1B505E0190,Vale,Black Veil Brides,"[
  {
    ""CLIENT_DOMAIN"": ""Luminate"",
    ""GENRES"": [
      ""Punk"",
      ""Rock"",
      ""Metal""
    ],
    ""MAIN_GENRE"": ""Rock""
  },
  {
    ""CLIENT_DOMAIN"": ""Billboard"",
    ""GENRES"": [
      ""Rock"",
      ""Hard Rock""
    ],
    ""IS_APPROVED"": true,
    ""MAIN_GENRE"": ""Hard Rock""
  }
]",2018-01-12,2018-01-25,2,3642.81891192,2799
MRELGC34F94F05F8E4F6C81E33FC7ACA1A370,For Recreational Use Only,Blake Shelton,"[
  {
    ""CLIENT_DOMAIN"": ""Billboard"",
    ""GENRES"": [
      ""Country""
    ],
    ""IS_APPROVED"": true,
    ""MAIN_GENRE"": ""Country""
  },
  {
    ""CLIENT_DOMAIN"": ""Luminate"",
    ""GENRES"": [
      ""Country""
    ],
    ""MAIN_GENRE"": ""Country""
  }
]",2025-05-09,2025-05-15,1,16932.08003119,10558
MRELGC34F94F05F8E4F6C81E33FC7ACA1A370,For Recreational Use Only,Blake Shelton,"[
  {
    ""CLIENT_DOMAIN"": ""Billboard"",
    ""GENRES"": [
      ""Country""
    ],
    ""IS_APPROVED"": true,
    ""MAIN_GENRE"": ""Country""
  },
  {
    ""CLIENT_DOMAIN"": ""Luminate"",
    ""GENRES"": [
      ""Country""
    ],
    ""MAIN_GENRE"": ""Country""
  }
]",2025-05-09,2025-05-22,2,8773.37440629,4914
MRELG10526FE7EB6C4E369CC6DC7832195603,INSIDE,Bo Burnham,"[
  {
    ""CLIENT_DOMAIN"": ""Luminate"",
    ""GENRES"": [
      ""Comedy"",
      ""Rap""
    ],
    ""MAIN_GENRE"": ""Comedy""
  },
  {
    ""CLIENT_DOMAIN"": ""Billboard"",
    ""GENRES"": [
      ""Comedy""
    ],
    ""IS_APPROVED"": true,
    ""MAIN_GENRE"": ""Comedy""
  }
]",2021-06-10,2021-06-17,1,37103.54216736,3466
MRELG10526FE7EB6C4E369CC6DC7832195603,INSIDE,Bo Burnham,"[
  {
    ""CLIENT_DOMAIN"": ""Luminate"",
    ""GENRES"": [
      ""Comedy"",
      ""Rap""
    ],
    ""MAIN_GENRE"": ""Comedy""
  },
  {
    ""CLIENT_DOMAIN"": ""Billboard"",
    ""GENRES"": [
      ""Comedy""
    ],
    ""IS_APPROVED"": true,
    ""MAIN_GENRE"": ""Comedy""
  }
]",2021-06-10,2021-06-24,2,30378.16896034,2296
MRELG354E4E691A1A4C0D83E95F903C08EC7C,Forever,Bon Jovi,"[
  {
    ""CLIENT_DOMAIN"": ""Billboard"",
    ""GENRES"": [
      ""Rock""
    ],
    ""IS_APPROVED"": true,
    ""MAIN_GENRE"": ""Rock""
  },
  {
    ""CLIENT_DOMAIN"": ""Luminate"",
    ""GENRES"": [
      ""Rock"",
      ""Metal""
    ],
    ""MAIN_GENRE"": ""Rock""
  }
]",2024-06-07,2024-06-13,1,49460.09631250,47581
MRELG354E4E691A1A4C0D83E95F903C08EC7C,Forever,Bon Jovi,"[
  {
    ""CLIENT_DOMAIN"": ""Billboard"",
    ""GENRES"": [
      ""Rock""
    ],
    ""IS_APPROVED"": true,
    ""MAIN_GENRE"": ""Rock""
  },
  {
    ""CLIENT_DOMAIN"": ""Luminate"",
    ""GENRES"": [
      ""Rock"",
      ""Metal""
    ],
    ""MAIN_GENRE"": ""Rock""
  }
]",2024-06-07,2024-06-20,2,5494.99118513,4699
MRELG5B92E058933647B5BDD435C5C5338970,Mr Beat The Road,BossMan DLow,"[
  {
    ""CLIENT_DOMAIN"": ""Luminate"",
    ""GENRES"": [
      ""Rap"",
      ""R&B/Hip-Hop""
    ],
    ""MAIN_GENRE"": ""Rap""
  },
  {
    ""CLIENT_DOMAIN"": ""Billboard"",
    ""GENRES"": [
      ""R&B/Hip-Hop"",
      ""Rap""
    ],
    ""IS_APPROVED"": true,
    ""MAIN_GENRE"": ""Rap""
  }
]",2024-03-15,2024-03-21,1,24295.76136888,127
MRELG5B92E058933647B5BDD435C5C5338970,Mr Beat The Road,BossMan DLow,"[
  {
    ""CLIENT_DOMAIN"": ""Luminate"",
    ""GENRES"": [
      ""Rap"",
      ""R&B/Hip-Hop""
    ],
    ""MAIN_GENRE"": ""Rap""
  },
  {
    ""CLIENT_DOMAIN"": ""Billboard"",
    ""GENRES"": [
      ""R&B/Hip-Hop"",
      ""Rap""
    ],
    ""IS_APPROVED"": true,
    ""MAIN_GENRE"": ""Rap""
  }
]",2024-03-15,2024-03-28,2,19658.33805422,53
MRELG25AFE578E5DC447D9BC160923CC181F5,DLOW CURRY (DELUXE),BossMan Dlow,"[
  {
    ""CLIENT_DOMAIN"": ""Billboard"",
    ""GENRES"": [
      ""Rap"",
      ""R&B/Hip-Hop""
    ],
    ""IS_APPROVED"": true,
    ""MAIN_GENRE"": ""Rap""
  },
  {
    ""CLIENT_DOMAIN"": ""Luminate"",
    ""GENRES"": [
      ""Rap"",
      ""R&B/Hip-Hop""
    ],
    ""MAIN_GENRE"": ""Rap""
  }
]",2024-12-13,2024-12-19,1,27411.85332527,269
MRELG25AFE578E5DC447D9BC160923CC181F5,DLOW CURRY (DELUXE),BossMan Dlow,"[
  {
    ""CLIENT_DOMAIN"": ""Billboard"",
    ""GENRES"": [
      ""Rap"",
      ""R&B/Hip-Hop""
    ],
    ""IS_APPROVED"": true,
    ""MAIN_GENRE"": ""Rap""
  },
  {
    ""CLIENT_DOMAIN"": ""Luminate"",
    ""GENRES"": [
      ""Rap"",
      ""R&B/Hip-Hop""
    ],
    ""MAIN_GENRE"": ""Rap""
  }
]",2024-12-13,2024-12-26,2,18226.97933974,63
MRELGC51C34CE077A451FAAFD9EC89AF05D82,Returning To Myself,Brandi Carlile,"[
  {
    ""CLIENT_DOMAIN"": ""Luminate"",
    ""GENRES"": [
      ""Indie Rock"",
      ""Rock"",
      ""Folk"",
      ""Pop""
    ],
    ""MAIN_GENRE"": ""Rock""
  },
  {
    ""CLIENT_DOMAIN"": ""Billboard"",
    ""GENRES"": [
      ""Folk"",
      ""Rock""
    ],
    ""IS_APPROVED"": true,
    ""MAIN_GENRE"": ""Rock""
  }
]",2025-10-23,2025-10-30,1,35735.59616352,32289
MRELGC51C34CE077A451FAAFD9EC89AF05D82,Returning To Myself,Brandi Carlile,"[
  {
    ""CLIENT_DOMAIN"": ""Luminate"",
    ""GENRES"": [
      ""Indie Rock"",
      ""Rock"",
      ""Folk"",
      ""Pop""
    ],
    ""MAIN_GENRE"": ""Rock""
  },
  {
    ""CLIENT_DOMAIN"": ""Billboard"",
    ""GENRES"": [
      ""Folk"",
      ""Rock""
    ],
    ""IS_APPROVED"": true,
    ""MAIN_GENRE"": ""Rock""
  }
]",2025-10-23,2025-11-06,2,7247.72398550,5272
MRELG41EBA7FF8F854F0D9AF14C7F0A1B3363,King Of Hearts,Brandon Lake,"[
  {
    ""CLIENT_DOMAIN"": ""Billboard"",
    ""GENRES"": [
      ""Christian"",
      ""Christian/Gospel"",
      ""Rock""
    ],
    ""IS_APPROVED"": true,
    ""MAIN_GENRE"": ""Christian""
  },
  {
    ""CLIENT_DOMAIN"": ""Luminate"",
    ""GENRES"": [
      ""Christian"",
      ""Rock"",
      ""Others"",
      ""Religious""
    ],
    ""MAIN_GENRE"": ""Christian""
  }
]",2025-06-13,2025-06-19,1,36824.39225619,19974
MRELG41EBA7FF8F854F0D9AF14C7F0A1B3363,King Of Hearts,Brandon Lake,"[
  {
    ""CLIENT_DOMAIN"": ""Billboard"",
    ""GENRES"": [
      ""Christian"",
      ""Christian/Gospel"",
      ""Rock""
    ],
    ""IS_APPROVED"": true,
    ""MAIN_GENRE"": ""Christian""
  },
  {
    ""CLIENT_DOMAIN"": ""Luminate"",
    ""GENRES"": [
      ""Christian"",
      ""Rock"",
      ""Others"",
      ""Religious""
    ],
    ""MAIN_GENRE"": ""Christian""
  }
]",2025-06-13,2025-06-26,2,15891.91249095,3050
MRELG60705F2011A747A8BBA8058CCC9ED987,Fire & Brimstone,Brantley Gilbert,"[
  {
    ""CLIENT_DOMAIN"": ""Billboard"",
    ""GENRES"": [
      ""Country""
    ],
    ""IS_APPROVED"": true,
    ""MAIN_GENRE"": ""Country""
  },
  {
    ""CLIENT_DOMAIN"": ""Luminate"",
    ""GENRES"": [
      ""Country""
    ],
    ""MAIN_GENRE"": ""Country""
  }
]",2019-10-04,2019-10-10,1,35885.17592826,28011
MRELG60705F2011A747A8BBA8058CCC9ED987,Fire & Brimstone,Brantley Gilbert,"[
  {
    ""CLIENT_DOMAIN"": ""Billboard"",
    ""GENRES"": [
      ""Country""
    ],
    ""IS_APPROVED"": true,
    ""MAIN_GENRE"": ""Country""
  },
  {
    ""CLIENT_DOMAIN"": ""Luminate"",
    ""GENRES"": [
      ""Country""
    ],
    ""MAIN_GENRE"": ""Country""
  }
]",2019-10-04,2019-10-17,2,11840.47338578,5689
MRELGC290D45452B743F09B843A9DB3795286,Aurora,Breaking Benjamin,"[
  {
    ""CLIENT_DOMAIN"": ""Luminate"",
    ""GENRES"": [
      ""Rock""
    ],
    ""MAIN_GENRE"": ""Rock""
  },
  {
    ""CLIENT_DOMAIN"": ""Billboard"",
    ""GENRES"": [
      ""Rock"",
      ""Hard Rock"",
      ""Alt. Rock""
    ],
    ""IS_APPROVED"": true,
    ""MAIN_GENRE"": ""Alt. Rock""
  }
]",2020-01-24,2020-01-30,1,20449.07111413,15205
MRELGC290D45452B743F09B843A9DB3795286,Aurora,Breaking Benjamin,"[
  {
    ""CLIENT_DOMAIN"": ""Luminate"",
    ""GENRES"": [
      ""Rock""
    ],
    ""MAIN_GENRE"": ""Rock""
  },
  {
    ""CLIENT_DOMAIN"": ""Billboard"",
    ""GENRES"": [
      ""Rock"",
      ""Hard Rock"",
      ""Alt. Rock""
    ],
    ""IS_APPROVED"": true,
    ""MAIN_GENRE"": ""Alt. Rock""
  }
]",2020-01-24,2020-02-06,2,7107.02068986,3750
MRELG6438233E2FB0443CAE6D9B3207996266,Ticket To L.A.,Brett Young,"[
  {
    ""CLIENT_DOMAIN"": ""Billboard"",
    ""GENRES"": [
      ""Country""
    ],
    ""IS_APPROVED"": true,
    ""MAIN_GENRE"": ""Country""
  },
  {
    ""CLIENT_DOMAIN"": ""Luminate"",
    ""GENRES"": [
      ""Country"",
      ""Pop""
    ],
    ""MAIN_GENRE"": ""Country""
  }
]",2018-12-07,2018-12-13,1,36410.39031627,26451
MRELG6438233E2FB0443CAE6D9B3207996266,Ticket To L.A.,Brett Young,"[
  {
    ""CLIENT_DOMAIN"": ""Billboard"",
    ""GENRES"": [
      ""Country""
    ],
    ""IS_APPROVED"": true,
    ""MAIN_GENRE"": ""Country""
  },
  {
    ""CLIENT_DOMAIN"": ""Luminate"",
    ""GENRES"": [
      ""Country"",
      ""Pop""
    ],
    ""MAIN_GENRE"": ""Country""
  }
]",2018-12-07,2018-12-20,2,12555.15868618,6568
MRELG48FDA582ABE647E096D26FD5E89D3005,ONLY THE STRONG SURVIVE,Bruce Springsteen,"[
  {
    ""CLIENT_DOMAIN"": ""Luminate"",
    ""GENRES"": [
      ""Country & Folk"",
      ""Rock""
    ],
    ""MAIN_GENRE"": ""Rock""
  },
  {
    ""CLIENT_DOMAIN"": ""Billboard"",
    ""GENRES"": [
      ""Rock""
    ],
    ""IS_APPROVED"": true,
    ""MAIN_GENRE"": ""Rock""
  }
]",2022-11-11,2022-11-17,1,39343.65114016,36664
MRELG48FDA582ABE647E096D26FD5E89D3005,ONLY THE STRONG SURVIVE,Bruce Springsteen,"[
  {
    ""CLIENT_DOMAIN"": ""Luminate"",
    ""GENRES"": [
      ""Country & Folk"",
      ""Rock""
    ],
    ""MAIN_GENRE"": ""Rock""
  },
  {
    ""CLIENT_DOMAIN"": ""Billboard"",
    ""GENRES"": [
      ""Rock""
    ],
    ""IS_APPROVED"": true,
    ""MAIN_GENRE"": ""Rock""
  }
]",2022-11-11,2022-11-24,2,12867.94652320,11693
MRELG60C85642BB444325A4D88BFB1058A0A6,An Evening With Silk Sonic,"Bruno Mars, Anderson .Paak, Silk Sonic","[
  {
    ""CLIENT_DOMAIN"": ""Luminate"",
    ""GENRES"": [
      ""R&B/Hip-Hop"",
      ""Pop""
    ],
    ""MAIN_GENRE"": ""R&B/Hip-Hop""
  },
  {
    ""CLIENT_DOMAIN"": ""Billboard"",
    ""GENRES"": [
      ""R&B"",
      ""R&B/Hip-Hop""
    ],
    ""IS_APPROVED"": true,
    ""MAIN_GENRE"": ""R&B""
  }
]",2021-11-12,2021-11-18,1,101790.95000310,41830
MRELG60C85642BB444325A4D88BFB1058A0A6,An Evening With Silk Sonic,"Bruno Mars, Anderson .Paak, Silk Sonic","[
  {
    ""CLIENT_DOMAIN"": ""Luminate"",
    ""GENRES"": [
      ""R&B/Hip-Hop"",
      ""Pop""
    ],
    ""MAIN_GENRE"": ""R&B/Hip-Hop""
  },
  {
    ""CLIENT_DOMAIN"": ""Billboard"",
    ""GENRES"": [
      ""R&B"",
      ""R&B/Hip-Hop""
    ],
    ""IS_APPROVED"": true,
    ""MAIN_GENRE"": ""R&B""
  }
]",2021-11-12,2021-11-25,2,49961.32465041,16638
MRELGC7D8074B5D5347F493FF92B45DB55C80,A N N I V E R S A R Y,Bryson Tiller,"[
  {
    ""CLIENT_DOMAIN"": ""Billboard"",
    ""GENRES"": [
      ""R&B/Hip-Hop"",
      ""R&B""
    ],
    ""IS_APPROVED"": true,
    ""MAIN_GENRE"": ""R&B""
  },
  {
    ""CLIENT_DOMAIN"": ""Luminate"",
    ""GENRES"": [
      ""R&B/Hip-Hop""
    ],
    ""MAIN_GENRE"": ""R&B/Hip-Hop""
  }
]",2020-10-02,2020-10-08,1,56854.71107167,4386
MRELGC7D8074B5D5347F493FF92B45DB55C80,A N N I V E R S A R Y,Bryson Tiller,"[
  {
    ""CLIENT_DOMAIN"": ""Billboard"",
    ""GENRES"": [
      ""R&B/Hip-Hop"",
      ""R&B""
    ],
    ""IS_APPROVED"": true,
    ""MAIN_GENRE"": ""R&B""
  },
  {
    ""CLIENT_DOMAIN"": ""Luminate"",
    ""GENRES"": [
      ""R&B/Hip-Hop""
    ],
    ""MAIN_GENRE"": ""R&B/Hip-Hop""
  }
]",2020-10-02,2020-10-15,2,17870.37893261,386
MRELG9FCBE0D701D0411B9C0359CA783D429A,I LIKE IT (FEAT. KONTRA K AND AK AUSSERK,CARDI B,"[
  {
    ""CLIENT_DOMAIN"": ""Luminate"",
    ""GENRES"": [
      ""EDM"",
      ""Euro Hip-Hop"",
      ""Rap"",
      ""R&B/Hip-Hop""
    ],
    ""MAIN_GENRE"": ""Rap""
  },
  {
    ""CLIENT_DOMAIN"": ""Billboard"",
    ""GENRES"": [
      ""Dance/Electronic"",
      ""Rap"",
      ""R&B/Hip-Hop""
    ],
    ""IS_APPROVED"": true,
    ""MAIN_GENRE"": ""Rap""
  }
]",2018-06-22,2018-06-28,1,21362.14686487,12
MRELG9FCBE0D701D0411B9C0359CA783D429A,I LIKE IT (FEAT. KONTRA K AND AK AUSSERK,CARDI B,"[
  {
    ""CLIENT_DOMAIN"": ""Luminate"",
    ""GENRES"": [
      ""EDM"",
      ""Euro Hip-Hop"",
      ""Rap"",
      ""R&B/Hip-Hop""
    ],
    ""MAIN_GENRE"": ""Rap""
  },
  {
    ""CLIENT_DOMAIN"": ""Billboard"",
    ""GENRES"": [
      ""Dance/Electronic"",
      ""Rap"",
      ""R&B/Hip-Hop""
    ],
    ""IS_APPROVED"": true,
    ""MAIN_GENRE"": ""Rap""
  }
]",2018-06-22,2018-07-05,2,21652.40090739,29
MRELG9B73C7A43EF34CF3932C891A6F0C8029,UP,CARDI B,"[
  {
    ""CLIENT_DOMAIN"": ""Billboard"",
    ""GENRES"": [
      ""R&B/Hip-Hop"",
      ""Rap""
    ],
    ""IS_APPROVED"": true,
    ""MAIN_GENRE"": ""Rap""
  },
  {
    ""CLIENT_DOMAIN"": ""Luminate"",
    ""GENRES"": [
      ""Rap"",
      ""R&B/Hip-Hop"",
      ""K-Pop""
    ],
    ""MAIN_GENRE"": ""R&B/Hip-Hop""
  }
]",2021-02-05,2021-02-11,1,22604.62413482,31
MRELG9B73C7A43EF34CF3932C891A6F0C8029,UP,CARDI B,"[
  {
    ""CLIENT_DOMAIN"": ""Billboard"",
    ""GENRES"": [
      ""R&B/Hip-Hop"",
      ""Rap""
    ],
    ""IS_APPROVED"": true,
    ""MAIN_GENRE"": ""Rap""
  },
  {
    ""CLIENT_DOMAIN"": ""Luminate"",
    ""GENRES"": [
      ""Rap"",
      ""R&B/Hip-Hop"",
      ""K-Pop""
    ],
    ""MAIN_GENRE"": ""R&B/Hip-Hop""
  }
]",2021-02-05,2021-02-18,2,15242.12183983,151
MRELG6F5630C58DA147CCAFA1B902C3B8B6DD,WAP (FEAT. MEGAN THEE STALLION),CARDI B,"[
  {
    ""CLIENT_DOMAIN"": ""Billboard"",
    ""GENRES"": [
      ""R&B/Hip-Hop"",
      ""Rap""
    ],
    ""IS_APPROVED"": true,
    ""MAIN_GENRE"": ""Rap""
  },
  {
    ""CLIENT_DOMAIN"": ""Luminate"",
    ""GENRES"": [
      ""Rap"",
      ""R&B/Hip-Hop""
    ],
    ""MAIN_GENRE"": ""Rap""
  }
]",2020-08-06,2020-08-13,1,66296.79175629,987
MRELG6F5630C58DA147CCAFA1B902C3B8B6DD,WAP (FEAT. MEGAN THEE STALLION),CARDI B,"[
  {
    ""CLIENT_DOMAIN"": ""Billboard"",
    ""GENRES"": [
      ""R&B/Hip-Hop"",
      ""Rap""
    ],
    ""IS_APPROVED"": true,
    ""MAIN_GENRE"": ""Rap""
  },
  {
    ""CLIENT_DOMAIN"": ""Luminate"",
    ""GENRES"": [
      ""Rap"",
      ""R&B/Hip-Hop""
    ],
    ""MAIN_GENRE"": ""Rap""
  }
]",2020-08-06,2020-08-20,2,46770.57400415,413
MRELG1E741A091670400D9229AAB2904EFED7,The Loneliest Time,CARLY RAE JEPSEN,"[
  {
    ""CLIENT_DOMAIN"": ""Billboard"",
    ""GENRES"": [
      ""Pop""
    ],
    ""IS_APPROVED"": true,
    ""MAIN_GENRE"": ""Pop""
  },
  {
    ""CLIENT_DOMAIN"": ""Luminate"",
    ""GENRES"": [
      ""Pop""
    ],
    ""MAIN_GENRE"": ""Pop""
  }
]",2022-10-21,2022-10-27,1,20790.89589543,12058
MRELG1E741A091670400D9229AAB2904EFED7,The Loneliest Time,CARLY RAE JEPSEN,"[
  {
    ""CLIENT_DOMAIN"": ""Billboard"",
    ""GENRES"": [
      ""Pop""
    ],
    ""IS_APPROVED"": true,
    ""MAIN_GENRE"": ""Pop""
  },
  {
    ""CLIENT_DOMAIN"": ""Luminate"",
    ""GENRES"": [
      ""Pop""
    ],
    ""MAIN_GENRE"": ""Pop""
  }
]",2022-10-21,2022-11-03,2,6554.17103824,2197
MRELG55BD65345277461DBE871B2424D4ADFB,CRY PRETTY,CARRIE UNDERWOOD,"[
  {
    ""CLIENT_DOMAIN"": ""Billboard"",
    ""GENRES"": [
      ""Country""
    ],
    ""IS_APPROVED"": true,
    ""MAIN_GENRE"": ""Country""
  },
  {
    ""CLIENT_DOMAIN"": ""Luminate"",
    ""GENRES"": [
      ""Country"",
      ""Pop""
    ],
    ""MAIN_GENRE"": ""Country""
  }
]",2018-09-14,2018-09-20,1,262728.47776678,250067
MRELG55BD65345277461DBE871B2424D4ADFB,CRY PRETTY,CARRIE UNDERWOOD,"[
  {
    ""CLIENT_DOMAIN"": ""Billboard"",
    ""GENRES"": [
      ""Country""
    ],
    ""IS_APPROVED"": true,
    ""MAIN_GENRE"": ""Country""
  },
  {
    ""CLIENT_DOMAIN"": ""Luminate"",
    ""GENRES"": [
      ""Country"",
      ""Pop""
    ],
    ""MAIN_GENRE"": ""Country""
  }
]",2018-09-14,2018-09-27,2,36042.99924738,28141
MRELG819C909485514099B62F20019CD7253A,CHARLI,CHARLI XCX,"[
  {
    ""CLIENT_DOMAIN"": ""Luminate"",
    ""GENRES"": [
      ""Electronica"",
      ""Pop""
    ],
    ""MAIN_GENRE"": ""Pop""
  },
  {
    ""CLIENT_DOMAIN"": ""Billboard"",
    ""GENRES"": [
      ""Pop""
    ],
    ""IS_APPROVED"": true,
    ""MAIN_GENRE"": ""Pop""
  }
]",2019-09-13,2019-09-19,1,12260.29719750,4841
MRELG819C909485514099B62F20019CD7253A,CHARLI,CHARLI XCX,"[
  {
    ""CLIENT_DOMAIN"": ""Luminate"",
    ""GENRES"": [
      ""Electronica"",
      ""Pop""
    ],
    ""MAIN_GENRE"": ""Pop""
  },
  {
    ""CLIENT_DOMAIN"": ""Billboard"",
    ""GENRES"": [
      ""Pop""
    ],
    ""IS_APPROVED"": true,
    ""MAIN_GENRE"": ""Pop""
  }
]",2019-09-13,2019-09-26,2,4687.66805558,420
MRELG52BC72425DBB4F55B24563B494E42F58,CHRISTMAS,CHER,"[
  {
    ""CLIENT_DOMAIN"": ""Luminate"",
    ""GENRES"": [
      ""Rock"",
      ""Others"",
      ""Holiday/Seasonal"",
      ""Pop""
    ],
    ""MAIN_GENRE"": ""Holiday/Seasonal""
  },
  {
    ""CLIENT_DOMAIN"": ""Billboard"",
    ""GENRES"": [
      ""Pop"",
      ""Holiday/Seasonal""
    ],
    ""IS_APPROVED"": true,
    ""MAIN_GENRE"": ""Holiday/Seasonal""
  }
]",2023-10-20,2023-10-26,1,20715.90795369,20045
MRELG52BC72425DBB4F55B24563B494E42F58,CHRISTMAS,CHER,"[
  {
    ""CLIENT_DOMAIN"": ""Luminate"",
    ""GENRES"": [
      ""Rock"",
      ""Others"",
      ""Holiday/Seasonal"",
      ""Pop""
    ],
    ""MAIN_GENRE"": ""Holiday/Seasonal""
  },
  {
    ""CLIENT_DOMAIN"": ""Billboard"",
    ""GENRES"": [
      ""Pop"",
      ""Holiday/Seasonal""
    ],
    ""IS_APPROVED"": true,
    ""MAIN_GENRE"": ""Holiday/Seasonal""
  }
]",2023-10-20,2023-11-02,2,6643.06447818,6257
MRELG5FD4A192CD164E9FBDCB52753DD5DAB1,HEAD OVER HEELS,CHROMEO,"[
  {
    ""CLIENT_DOMAIN"": ""Luminate"",
    ""GENRES"": [
      ""Indie Rock"",
      ""EDM"",
      ""R&B/Hip-Hop"",
      ""Others"",
      ""Dance & House""
    ],
    ""MAIN_GENRE"": ""EDM""
  },
  {
    ""CLIENT_DOMAIN"": ""Billboard"",
    ""GENRES"": [
      ""Dance/Electronic""
    ],
    ""IS_APPROVED"": true,
    ""MAIN_GENRE"": ""Dance/Electronic""
  }
]",2018-06-15,2018-06-21,1,7036.93283720,4986
MRELG5FD4A192CD164E9FBDCB52753DD5DAB1,HEAD OVER HEELS,CHROMEO,"[
  {
    ""CLIENT_DOMAIN"": ""Luminate"",
    ""GENRES"": [
      ""Indie Rock"",
      ""EDM"",
      ""R&B/Hip-Hop"",
      ""Others"",
      ""Dance & House""
    ],
    ""MAIN_GENRE"": ""EDM""
  },
  {
    ""CLIENT_DOMAIN"": ""Billboard"",
    ""GENRES"": [
      ""Dance/Electronic""
    ],
    ""IS_APPROVED"": true,
    ""MAIN_GENRE"": ""Dance/Electronic""
  }
]",2018-06-15,2018-06-28,2,1646.89579815,718
MRELG43773C83A78B4FC3B88FB70294BF5375,Sling,CLAIRO,"[
  {
    ""CLIENT_DOMAIN"": ""Billboard"",
    ""GENRES"": [
      ""Rock"",
      ""Alt. Rock""
    ],
    ""IS_APPROVED"": true,
    ""MAIN_GENRE"": ""Alt. Rock""
  },
  {
    ""CLIENT_DOMAIN"": ""Luminate"",
    ""GENRES"": [
      ""Indie Rock"",
      ""Rock""
    ],
    ""MAIN_GENRE"": ""Rock""
  }
]",2021-07-16,2021-07-22,1,21188.75716496,14549
MRELG43773C83A78B4FC3B88FB70294BF5375,Sling,CLAIRO,"[
  {
    ""CLIENT_DOMAIN"": ""Billboard"",
    ""GENRES"": [
      ""Rock"",
      ""Alt. Rock""
    ],
    ""IS_APPROVED"": true,
    ""MAIN_GENRE"": ""Alt. Rock""
  },
  {
    ""CLIENT_DOMAIN"": ""Luminate"",
    ""GENRES"": [
      ""Indie Rock"",
      ""Rock""
    ],
    ""MAIN_GENRE"": ""Rock""
  }
]",2021-07-16,2021-07-29,2,6949.68985340,3936
MRELG77FFDE143AB84000AF9A56F47255EA79,BOOK OF BAD DECISIONS,CLUTCH,"[
  {
    ""CLIENT_DOMAIN"": ""Luminate"",
    ""GENRES"": [
      ""Rock"",
      ""Metal""
    ],
    ""MAIN_GENRE"": ""Rock""
  },
  {
    ""CLIENT_DOMAIN"": ""Billboard"",
    ""GENRES"": [
      ""Hard Rock"",
      ""Rock""
    ],
    ""IS_APPROVED"": true,
    ""MAIN_GENRE"": ""Hard Rock""
  }
]",2018-09-07,2018-09-13,1,25873.58003404,25143
MRELG77FFDE143AB84000AF9A56F47255EA79,BOOK OF BAD DECISIONS,CLUTCH,"[
  {
    ""CLIENT_DOMAIN"": ""Luminate"",
    ""GENRES"": [
      ""Rock"",
      ""Metal""
    ],
    ""MAIN_GENRE"": ""Rock""
  },
  {
    ""CLIENT_DOMAIN"": ""Billboard"",
    ""GENRES"": [
      ""Hard Rock"",
      ""Rock""
    ],
    ""IS_APPROVED"": true,
    ""MAIN_GENRE"": ""Hard Rock""
  }
]",2018-09-07,2018-09-20,2,4565.54285167,4196
MRELGCB4AEAE0BD3244938FB7B356CDACEDF6,THE UNHEAVENLY CREATURES,COHEED AND CAMBRIA,"[
  {
    ""CLIENT_DOMAIN"": ""Luminate"",
    ""GENRES"": [
      ""Rock""
    ],
    ""MAIN_GENRE"": ""Rock""
  },
  {
    ""CLIENT_DOMAIN"": ""Billboard"",
    ""GENRES"": [
      ""Rock"",
      ""Hard Rock"",
      ""Alt. Rock""
    ],
    ""IS_APPROVED"": true,
    ""MAIN_GENRE"": ""Alt. Rock""
  }
]",2018-10-05,2018-10-11,1,26568.80982148,23369
MRELGCB4AEAE0BD3244938FB7B356CDACEDF6,THE UNHEAVENLY CREATURES,COHEED AND CAMBRIA,"[
  {
    ""CLIENT_DOMAIN"": ""Luminate"",
    ""GENRES"": [
      ""Rock""
    ],
    ""MAIN_GENRE"": ""Rock""
  },
  {
    ""CLIENT_DOMAIN"": ""Billboard"",
    ""GENRES"": [
      ""Rock"",
      ""Hard Rock"",
      ""Alt. Rock""
    ],
    ""IS_APPROVED"": true,
    ""MAIN_GENRE"": ""Alt. Rock""
  }
]",2018-10-05,2018-10-18,2,6067.39695331,4416
MRELGE54394935E8C4D2E8C953C4BB0AE9E48,VAXIS II: A WINDOW OF THE WAKING MIND,COHEED AND CAMBRIA,"[
  {
    ""CLIENT_DOMAIN"": ""Billboard"",
    ""GENRES"": [
      ""Rock"",
      ""Hard Rock"",
      ""Alt. Rock""
    ],
    ""IS_APPROVED"": true,
    ""MAIN_GENRE"": ""Alt. Rock""
  },
  {
    ""CLIENT_DOMAIN"": ""Luminate"",
    ""GENRES"": [
      ""Rock""
    ],
    ""MAIN_GENRE"": ""Rock""
  }
]",2022-06-24,2022-06-30,1,22972.73761795,19220
MRELGE54394935E8C4D2E8C953C4BB0AE9E48,VAXIS II: A WINDOW OF THE WAKING MIND,COHEED AND CAMBRIA,"[
  {
    ""CLIENT_DOMAIN"": ""Billboard"",
    ""GENRES"": [
      ""Rock"",
      ""Hard Rock"",
      ""Alt. Rock""
    ],
    ""IS_APPROVED"": true,
    ""MAIN_GENRE"": ""Alt. Rock""
  },
  {
    ""CLIENT_DOMAIN"": ""Luminate"",
    ""GENRES"": [
      ""Rock""
    ],
    ""MAIN_GENRE"": ""Rock""
  }
]",2022-06-24,2022-07-07,2,5272.64831596,3288
MRELG7F57FDE09B744C4998D600C5BE272FC5,LIVE IN BUENOS AIRES,COLDPLAY,"[
  {
    ""CLIENT_DOMAIN"": ""Luminate"",
    ""GENRES"": [
      ""Indie Rock"",
      ""Rock"",
      ""Alternative"",
      ""Electronica""
    ],
    ""MAIN_GENRE"": ""Rock""
  },
  {
    ""CLIENT_DOMAIN"": ""Billboard"",
    ""GENRES"": [
      ""Rock"",
      ""Alt. Rock""
    ],
    ""IS_APPROVED"": true,
    ""MAIN_GENRE"": ""Alt. Rock""
  }
]",2018-10-24,2018-10-25,1,12712.07372095,0
MRELG7F57FDE09B744C4998D600C5BE272FC5,LIVE IN BUENOS AIRES,COLDPLAY,"[
  {
    ""CLIENT_DOMAIN"": ""Luminate"",
    ""GENRES"": [
      ""Indie Rock"",
      ""Rock"",
      ""Alternative"",
      ""Electronica""
    ],
    ""MAIN_GENRE"": ""Rock""
  },
  {
    ""CLIENT_DOMAIN"": ""Billboard"",
    ""GENRES"": [
      ""Rock"",
      ""Alt. Rock""
    ],
    ""IS_APPROVED"": true,
    ""MAIN_GENRE"": ""Alt. Rock""
  }
]",2018-10-24,2018-11-01,2,12403.08455031,0
MRELGE44DE841A8D743AD94011F9E919FDC6F,MOON MUSIC,COLDPLAY,"[
  {
    ""CLIENT_DOMAIN"": ""Luminate"",
    ""GENRES"": [
      ""Rock""
    ],
    ""MAIN_GENRE"": ""Rock""
  },
  {
    ""CLIENT_DOMAIN"": ""Billboard"",
    ""GENRES"": [
      ""Rock"",
      ""Alt. Rock""
    ],
    ""IS_APPROVED"": true,
    ""MAIN_GENRE"": ""Alt. Rock""
  }
]",2024-10-04,2024-10-10,1,125711.09355607,105489
MRELGE44DE841A8D743AD94011F9E919FDC6F,MOON MUSIC,COLDPLAY,"[
  {
    ""CLIENT_DOMAIN"": ""Luminate"",
    ""GENRES"": [
      ""Rock""
    ],
    ""MAIN_GENRE"": ""Rock""
  },
  {
    ""CLIENT_DOMAIN"": ""Billboard"",
    ""GENRES"": [
      ""Rock"",
      ""Alt. Rock""
    ],
    ""IS_APPROVED"": true,
    ""MAIN_GENRE"": ""Alt. Rock""
  }
]",2024-10-04,2024-10-17,2,26809.16549796,11864
MRELG114FD2DA220E4669A95F79931238EE7C,MUSIC OF THE SPHERES,COLDPLAY,"[
  {
    ""CLIENT_DOMAIN"": ""Billboard"",
    ""GENRES"": [
      ""Rock"",
      ""Alt. Rock""
    ],
    ""IS_APPROVED"": true,
    ""MAIN_GENRE"": ""Alt. Rock""
  },
  {
    ""CLIENT_DOMAIN"": ""Luminate"",
    ""GENRES"": [
      ""Indie Rock"",
      ""Rock"",
      ""Alternative""
    ],
    ""MAIN_GENRE"": ""Rock""
  }
]",2021-10-14,2021-10-21,1,56251.90406816,37190
MRELG114FD2DA220E4669A95F79931238EE7C,MUSIC OF THE SPHERES,COLDPLAY,"[
  {
    ""CLIENT_DOMAIN"": ""Billboard"",
    ""GENRES"": [
      ""Rock"",
      ""Alt. Rock""
    ],
    ""IS_APPROVED"": true,
    ""MAIN_GENRE"": ""Alt. Rock""
  },
  {
    ""CLIENT_DOMAIN"": ""Luminate"",
    ""GENRES"": [
      ""Indie Rock"",
      ""Rock"",
      ""Alternative""
    ],
    ""MAIN_GENRE"": ""Rock""
  }
]",2021-10-14,2021-10-28,2,19338.78364972,7462
MRELGC96FD5BF373347919EF369FAB53A33CE,FROM A BIRDS EYE VIEW,CORDAE,"[
  {
    ""CLIENT_DOMAIN"": ""Billboard"",
    ""GENRES"": [
      ""R&B/Hip-Hop"",
      ""Rap""
    ],
    ""IS_APPROVED"": true,
    ""MAIN_GENRE"": ""Rap""
  },
  {
    ""CLIENT_DOMAIN"": ""Luminate"",
    ""GENRES"": [
      ""Rap"",
      ""R&B/Hip-Hop""
    ],
    ""MAIN_GENRE"": ""Rap""
  }
]",2022-01-13,2022-01-20,1,24006.44323382,1967
MRELGC96FD5BF373347919EF369FAB53A33CE,FROM A BIRDS EYE VIEW,CORDAE,"[
  {
    ""CLIENT_DOMAIN"": ""Billboard"",
    ""GENRES"": [
      ""R&B/Hip-Hop"",
      ""Rap""
    ],
    ""IS_APPROVED"": true,
    ""MAIN_GENRE"": ""Rap""
  },
  {
    ""CLIENT_DOMAIN"": ""Luminate"",
    ""GENRES"": [
      ""Rap"",
      ""R&B/Hip-Hop""
    ],
    ""MAIN_GENRE"": ""Rap""
  }
]",2022-01-13,2022-01-27,2,10407.12651990,233
MRELG6945CE12220F407AB8E4D24A06E3ADB6,THE LOST BOY,CORDAE,"[
  {
    ""CLIENT_DOMAIN"": ""Luminate"",
    ""GENRES"": [
      ""Rap"",
      ""R&B/Hip-Hop""
    ],
    ""MAIN_GENRE"": ""Rap""
  },
  {
    ""CLIENT_DOMAIN"": ""Billboard"",
    ""GENRES"": [
      ""Rap"",
      ""R&B/Hip-Hop""
    ],
    ""IS_APPROVED"": true,
    ""MAIN_GENRE"": ""Rap""
  }
]",2019-07-26,2019-08-01,1,28992.09562786,2576
MRELG6945CE12220F407AB8E4D24A06E3ADB6,THE LOST BOY,CORDAE,"[
  {
    ""CLIENT_DOMAIN"": ""Luminate"",
    ""GENRES"": [
      ""Rap"",
      ""R&B/Hip-Hop""
    ],
    ""MAIN_GENRE"": ""Rap""
  },
  {
    ""CLIENT_DOMAIN"": ""Billboard"",
    ""GENRES"": [
      ""Rap"",
      ""R&B/Hip-Hop""
    ],
    ""IS_APPROVED"": true,
    ""MAIN_GENRE"": ""Rap""
  }
]",2019-07-26,2019-08-08,2,17046.67309177,713
MRELGA300F58310994048948E7595D03D3BA1,"C,XOXO",Camila Cabello,"[
  {
    ""CLIENT_DOMAIN"": ""Luminate"",
    ""GENRES"": [
      ""Pop""
    ],
    ""MAIN_GENRE"": ""Pop""
  },
  {
    ""CLIENT_DOMAIN"": ""Billboard"",
    ""GENRES"": [
      ""Pop""
    ],
    ""IS_APPROVED"": true,
    ""MAIN_GENRE"": ""Pop""
  }
]",2024-06-27,2024-07-04,1,35420.38015102,15256
MRELGA300F58310994048948E7595D03D3BA1,"C,XOXO",Camila Cabello,"[
  {
    ""CLIENT_DOMAIN"": ""Luminate"",
    ""GENRES"": [
      ""Pop""
    ],
    ""MAIN_GENRE"": ""Pop""
  },
  {
    ""CLIENT_DOMAIN"": ""Billboard"",
    ""GENRES"": [
      ""Pop""
    ],
    ""IS_APPROVED"": true,
    ""MAIN_GENRE"": ""Pop""
  }
]",2024-06-27,2024-07-11,2,12210.06641993,2115
MRELG3D483BE94ABD4F4ABAE31938E071D8F9,Señorita,"Camila Cabello, Shawn Mendes","[
  {
    ""CLIENT_DOMAIN"": ""Billboard"",
    ""GENRES"": [
      ""Pop""
    ],
    ""IS_APPROVED"": true,
    ""MAIN_GENRE"": ""Pop""
  },
  {
    ""CLIENT_DOMAIN"": ""Luminate"",
    ""GENRES"": [
      ""Pop""
    ],
    ""MAIN_GENRE"": ""Pop""
  }
]",2019-06-21,2019-06-27,1,28914.97967453,209
MRELG3D483BE94ABD4F4ABAE31938E071D8F9,Señorita,"Camila Cabello, Shawn Mendes","[
  {
    ""CLIENT_DOMAIN"": ""Billboard"",
    ""GENRES"": [
      ""Pop""
    ],
    ""IS_APPROVED"": true,
    ""MAIN_GENRE"": ""Pop""
  },
  {
    ""CLIENT_DOMAIN"": ""Luminate"",
    ""GENRES"": [
      ""Pop""
    ],
    ""MAIN_GENRE"": ""Pop""
  }
]",2019-06-21,2019-07-04,2,23178.35748589,108
MRELG9047048812C6428CAF347421F7AA09EF,AM I THE DRAMA?,Cardi B,"[
  {
    ""CLIENT_DOMAIN"": ""Billboard"",
    ""GENRES"": [
      ""R&B/Hip-Hop"",
      ""Rap""
    ],
    ""IS_APPROVED"": true,
    ""MAIN_GENRE"": ""Rap""
  },
  {
    ""CLIENT_DOMAIN"": ""Luminate"",
    ""GENRES"": [
      ""Rap"",
      ""R&B/Hip-Hop"",
      ""Others""
    ],
    ""MAIN_GENRE"": ""Rap""
  }
]",2025-09-19,2025-09-25,1,205033.19193516,87894
MRELG9047048812C6428CAF347421F7AA09EF,AM I THE DRAMA?,Cardi B,"[
  {
    ""CLIENT_DOMAIN"": ""Billboard"",
    ""GENRES"": [
      ""R&B/Hip-Hop"",
      ""Rap""
    ],
    ""IS_APPROVED"": true,
    ""MAIN_GENRE"": ""Rap""
  },
  {
    ""CLIENT_DOMAIN"": ""Luminate"",
    ""GENRES"": [
      ""Rap"",
      ""R&B/Hip-Hop"",
      ""Others""
    ],
    ""MAIN_GENRE"": ""Rap""
  }
]",2025-09-19,2025-10-02,2,87447.11077371,10170
MRELGF213957C791D4ECDA76A5B2462461C5B,Invasion of Privacy,Cardi B,"[
  {
    ""CLIENT_DOMAIN"": ""Billboard"",
    ""GENRES"": [
      ""Rap"",
      ""R&B/Hip-Hop""
    ],
    ""IS_APPROVED"": true,
    ""MAIN_GENRE"": ""Rap""
  },
  {
    ""CLIENT_DOMAIN"": ""Luminate"",
    ""GENRES"": [
      ""Rap"",
      ""R&B/Hip-Hop"",
      ""Others""
    ],
    ""MAIN_GENRE"": ""R&B/Hip-Hop""
  }
]",2018-04-05,2018-04-12,1,284145.58563641,102810
MRELGF213957C791D4ECDA76A5B2462461C5B,Invasion of Privacy,Cardi B,"[
  {
    ""CLIENT_DOMAIN"": ""Billboard"",
    ""GENRES"": [
      ""Rap"",
      ""R&B/Hip-Hop""
    ],
    ""IS_APPROVED"": true,
    ""MAIN_GENRE"": ""Rap""
  },
  {
    ""CLIENT_DOMAIN"": ""Luminate"",
    ""GENRES"": [
      ""Rap"",
      ""R&B/Hip-Hop"",
      ""Others""
    ],
    ""MAIN_GENRE"": ""R&B/Hip-Hop""
  }
]",2018-04-05,2018-04-19,2,156148.29573384,25621
MRELG70B2DC663F1D4E9A8539EDB0F19D83F6,Dedicated,Carly Rae Jepsen,"[
  {
    ""CLIENT_DOMAIN"": ""Billboard"",
    ""GENRES"": [
      ""Pop""
    ],
    ""IS_APPROVED"": true,
    ""MAIN_GENRE"": ""Pop""
  },
  {
    ""CLIENT_DOMAIN"": ""Luminate"",
    ""GENRES"": [
      ""Pop""
    ],
    ""MAIN_GENRE"": ""Pop""
  }
]",2019-05-17,2019-05-23,1,21618.83457990,13339
MRELG70B2DC663F1D4E9A8539EDB0F19D83F6,Dedicated,Carly Rae Jepsen,"[
  {
    ""CLIENT_DOMAIN"": ""Billboard"",
    ""GENRES"": [
      ""Pop""
    ],
    ""IS_APPROVED"": true,
    ""MAIN_GENRE"": ""Pop""
  },
  {
    ""CLIENT_DOMAIN"": ""Luminate"",
    ""GENRES"": [
      ""Pop""
    ],
    ""MAIN_GENRE"": ""Pop""
  }
]",2019-05-17,2019-05-30,2,6051.80815922,1565
MRELG6DE052E65AB74CB3A0FC1D8A933345F1,Denim & Rhinestones,Carrie Underwood,"[
  {
    ""CLIENT_DOMAIN"": ""Billboard"",
    ""GENRES"": [
      ""Country""
    ],
    ""IS_APPROVED"": true,
    ""MAIN_GENRE"": ""Country""
  },
  {
    ""CLIENT_DOMAIN"": ""Luminate"",
    ""GENRES"": [
      ""Country"",
      ""Pop""
    ],
    ""MAIN_GENRE"": ""Country""
  }
]",2022-06-10,2022-06-16,1,30803.88459793,22151
MRELG6DE052E65AB74CB3A0FC1D8A933345F1,Denim & Rhinestones,Carrie Underwood,"[
  {
    ""CLIENT_DOMAIN"": ""Billboard"",
    ""GENRES"": [
      ""Country""
    ],
    ""IS_APPROVED"": true,
    ""MAIN_GENRE"": ""Country""
  },
  {
    ""CLIENT_DOMAIN"": ""Luminate"",
    ""GENRES"": [
      ""Country"",
      ""Pop""
    ],
    ""MAIN_GENRE"": ""Country""
  }
]",2022-06-10,2022-06-23,2,11980.96911109,5571
MRELG90AF31DA41314757858185E3527FBE77,My Gift,Carrie Underwood,"[
  {
    ""CLIENT_DOMAIN"": ""Billboard"",
    ""GENRES"": [
      ""Holiday/Seasonal"",
      ""Country"",
      ""Christian/Gospel"",
      ""Christian""
    ],
    ""IS_APPROVED"": true,
    ""MAIN_GENRE"": ""Holiday/Seasonal""
  },
  {
    ""CLIENT_DOMAIN"": ""Luminate"",
    ""GENRES"": [
      ""Christian"",
      ""Alternative"",
      ""Country"",
      ""Religious"",
      ""Holiday/Seasonal"",
      ""Pop""
    ],
    ""MAIN_GENRE"": ""Holiday/Seasonal""
  }
]",2020-09-25,2020-10-01,1,42720.45652865,40790
MRELG90AF31DA41314757858185E3527FBE77,My Gift,Carrie Underwood,"[
  {
    ""CLIENT_DOMAIN"": ""Billboard"",
    ""GENRES"": [
      ""Holiday/Seasonal"",
      ""Country"",
      ""Christian/Gospel"",
      ""Christian""
    ],
    ""IS_APPROVED"": true,
    ""MAIN_GENRE"": ""Holiday/Seasonal""
  },
  {
    ""CLIENT_DOMAIN"": ""Luminate"",
    ""GENRES"": [
      ""Christian"",
      ""Alternative"",
      ""Country"",
      ""Religious"",
      ""Holiday/Seasonal"",
      ""Pop""
    ],
    ""MAIN_GENRE"": ""Holiday/Seasonal""
  }
]",2020-09-25,2020-10-08,2,13782.29474518,13249
MRELG95A253CE0F794D3D815DED677C3CA6D5,My Savior,Carrie Underwood,"[
  {
    ""CLIENT_DOMAIN"": ""Billboard"",
    ""GENRES"": [
      ""Others"",
      ""Christian/Gospel"",
      ""Country"",
      ""Holiday/Seasonal"",
      ""Christian""
    ],
    ""IS_APPROVED"": false,
    ""MAIN_GENRE"": ""Country""
  },
  {
    ""CLIENT_DOMAIN"": ""Luminate"",
    ""GENRES"": [
      ""Christian"",
      ""Country"",
      ""Others"",
      ""Religious"",
      ""Holiday/Seasonal""
    ],
    ""MAIN_GENRE"": ""Country""
  }
]",2021-03-26,2021-04-01,1,72614.46336339,67919
MRELG95A253CE0F794D3D815DED677C3CA6D5,My Savior,Carrie Underwood,"[
  {
    ""CLIENT_DOMAIN"": ""Billboard"",
    ""GENRES"": [
      ""Others"",
      ""Christian/Gospel"",
      ""Country"",
      ""Holiday/Seasonal"",
      ""Christian""
    ],
    ""IS_APPROVED"": false,
    ""MAIN_GENRE"": ""Country""
  },
  {
    ""CLIENT_DOMAIN"": ""Luminate"",
    ""GENRES"": [
      ""Christian"",
      ""Country"",
      ""Others"",
      ""Religious"",
      ""Holiday/Seasonal""
    ],
    ""MAIN_GENRE"": ""Country""
  }
]",2021-03-26,2021-04-08,2,34617.99997070,30624
MRELG6CA80AA86F36425B801D1232CFCC92BB,CAN'T RUSH GREATNESS,Central Cee,"[
  {
    ""CLIENT_DOMAIN"": ""Luminate"",
    ""GENRES"": [
      ""Euro Hip-Hop"",
      ""Rap"",
      ""R&B/Hip-Hop""
    ],
    ""MAIN_GENRE"": ""Rap""
  },
  {
    ""CLIENT_DOMAIN"": ""Billboard"",
    ""GENRES"": [
      ""Rap"",
      ""R&B/Hip-Hop""
    ],
    ""IS_APPROVED"": true,
    ""MAIN_GENRE"": ""Rap""
  }
]",2025-01-24,2025-01-30,1,36939.57631875,9514
MRELG6CA80AA86F36425B801D1232CFCC92BB,CAN'T RUSH GREATNESS,Central Cee,"[
  {
    ""CLIENT_DOMAIN"": ""Luminate"",
    ""GENRES"": [
      ""Euro Hip-Hop"",
      ""Rap"",
      ""R&B/Hip-Hop""
    ],
    ""MAIN_GENRE"": ""Rap""
  },
  {
    ""CLIENT_DOMAIN"": ""Billboard"",
    ""GENRES"": [
      ""Rap"",
      ""R&B/Hip-Hop""
    ],
    ""IS_APPROVED"": true,
    ""MAIN_GENRE"": ""Rap""
  }
]",2025-01-24,2025-02-06,2,17241.46544429,1353
MRELG7E8028BDF00F41A6BBABD61D82ECC9CC,Brat,Charli XCX,"[
  {
    ""CLIENT_DOMAIN"": ""Luminate"",
    ""GENRES"": [
      ""EDM"",
      ""Rap"",
      ""R&B/Hip-Hop"",
      ""Others"",
      ""Electronica"",
      ""Pop""
    ],
    ""MAIN_GENRE"": ""EDM""
  },
  {
    ""CLIENT_DOMAIN"": ""Billboard"",
    ""GENRES"": [
      ""Pop"",
      ""Dance/Electronic""
    ],
    ""IS_APPROVED"": true,
    ""MAIN_GENRE"": ""Pop""
  }
]",2024-06-07,2024-06-13,1,76716.93531490,40044
MRELG7E8028BDF00F41A6BBABD61D82ECC9CC,Brat,Charli XCX,"[
  {
    ""CLIENT_DOMAIN"": ""Luminate"",
    ""GENRES"": [
      ""EDM"",
      ""Rap"",
      ""R&B/Hip-Hop"",
      ""Others"",
      ""Electronica"",
      ""Pop""
    ],
    ""MAIN_GENRE"": ""EDM""
  },
  {
    ""CLIENT_DOMAIN"": ""Billboard"",
    ""GENRES"": [
      ""Pop"",
      ""Dance/Electronic""
    ],
    ""IS_APPROVED"": true,
    ""MAIN_GENRE"": ""Pop""
  }
]",2024-06-07,2024-06-20,2,44006.61454185,11993
MRELG38A93CC5B07246C6AF3D230305FC8788,How To Be Human,Chelsea Cutler,"[
  {
    ""CLIENT_DOMAIN"": ""Billboard"",
    ""GENRES"": [
      ""Pop""
    ],
    ""IS_APPROVED"": true,
    ""MAIN_GENRE"": ""Pop""
  },
  {
    ""CLIENT_DOMAIN"": ""Luminate"",
    ""GENRES"": [
      ""Latin"",
      ""Pop""
    ],
    ""MAIN_GENRE"": ""Pop""
  }
]",2020-01-17,2020-01-23,1,21112.85841337,13295
MRELG38A93CC5B07246C6AF3D230305FC8788,How To Be Human,Chelsea Cutler,"[
  {
    ""CLIENT_DOMAIN"": ""Billboard"",
    ""GENRES"": [
      ""Pop""
    ],
    ""IS_APPROVED"": true,
    ""MAIN_GENRE"": ""Pop""
  },
  {
    ""CLIENT_DOMAIN"": ""Luminate"",
    ""GENRES"": [
      ""Latin"",
      ""Pop""
    ],
    ""MAIN_GENRE"": ""Pop""
  }
]",2020-01-17,2020-01-30,2,5451.05752429,348
MRELG71312692DA17442DA9D5300AC7A49D31,4NEM,Chief Keef,"[
  {
    ""CLIENT_DOMAIN"": ""Billboard"",
    ""GENRES"": [
      ""Rap"",
      ""R&B/Hip-Hop""
    ],
    ""IS_APPROVED"": true,
    ""MAIN_GENRE"": ""Rap""
  },
  {
    ""CLIENT_DOMAIN"": ""Luminate"",
    ""GENRES"": [
      ""Rap"",
      ""R&B/Hip-Hop""
    ],
    ""MAIN_GENRE"": ""Rap""
  }
]",2021-12-17,2021-12-23,1,11082.90287783,243
MRELG71312692DA17442DA9D5300AC7A49D31,4NEM,Chief Keef,"[
  {
    ""CLIENT_DOMAIN"": ""Billboard"",
    ""GENRES"": [
      ""Rap"",
      ""R&B/Hip-Hop""
    ],
    ""IS_APPROVED"": true,
    ""MAIN_GENRE"": ""Rap""
  },
  {
    ""CLIENT_DOMAIN"": ""Luminate"",
    ""GENRES"": [
      ""Rap"",
      ""R&B/Hip-Hop""
    ],
    ""MAIN_GENRE"": ""Rap""
  }
]",2021-12-17,2021-12-30,2,5309.77253549,44
MRELG94110EF1063246A19BA8E3C62DC02DD9,3.15.20,Childish Gambino,"[
  {
    ""CLIENT_DOMAIN"": ""Billboard"",
    ""GENRES"": [
      ""R&B/Hip-Hop"",
      ""R&B""
    ],
    ""IS_APPROVED"": true,
    ""MAIN_GENRE"": ""R&B""
  },
  {
    ""CLIENT_DOMAIN"": ""Luminate"",
    ""GENRES"": [
      ""R&B/Hip-Hop""
    ],
    ""MAIN_GENRE"": ""R&B/Hip-Hop""
  }
]",2020-03-22,2020-03-26,1,25155.24123496,5082
MRELG94110EF1063246A19BA8E3C62DC02DD9,3.15.20,Childish Gambino,"[
  {
    ""CLIENT_DOMAIN"": ""Billboard"",
    ""GENRES"": [
      ""R&B/Hip-Hop"",
      ""R&B""
    ],
    ""IS_APPROVED"": true,
    ""MAIN_GENRE"": ""R&B""
  },
  {
    ""CLIENT_DOMAIN"": ""Luminate"",
    ""GENRES"": [
      ""R&B/Hip-Hop""
    ],
    ""MAIN_GENRE"": ""R&B/Hip-Hop""
  }
]",2020-03-22,2020-04-02,2,10829.65209288,1118
MRELG5B21F48894DB409FAB43E93B2E2CDC9C,BANDO STONE AND THE NEW WORLD,Childish Gambino,"[
  {
    ""CLIENT_DOMAIN"": ""Luminate"",
    ""GENRES"": [
      ""Rock"",
      ""Rap"",
      ""R&B/Hip-Hop"",
      ""Pop""
    ],
    ""MAIN_GENRE"": ""Pop""
  },
  {
    ""CLIENT_DOMAIN"": ""Billboard"",
    ""GENRES"": [
      ""R&B/Hip-Hop"",
      ""Pop""
    ],
    ""IS_APPROVED"": true,
    ""MAIN_GENRE"": ""Pop""
  }
]",2024-07-19,2024-07-25,1,36099.93409145,2626
MRELG5B21F48894DB409FAB43E93B2E2CDC9C,BANDO STONE AND THE NEW WORLD,Childish Gambino,"[
  {
    ""CLIENT_DOMAIN"": ""Luminate"",
    ""GENRES"": [
      ""Rock"",
      ""Rap"",
      ""R&B/Hip-Hop"",
      ""Pop""
    ],
    ""MAIN_GENRE"": ""Pop""
  },
  {
    ""CLIENT_DOMAIN"": ""Billboard"",
    ""GENRES"": [
      ""R&B/Hip-Hop"",
      ""Pop""
    ],
    ""IS_APPROVED"": true,
    ""MAIN_GENRE"": ""Pop""
  }
]",2024-07-19,2024-08-01,2,15648.93977690,384
MRELGB5231D67E2A240CDB7E4637C11DACD09,This Is America,Childish Gambino,"[
  {
    ""CLIENT_DOMAIN"": ""Billboard"",
    ""GENRES"": [
      ""Rap"",
      ""R&B/Hip-Hop""
    ],
    ""IS_APPROVED"": true,
    ""MAIN_GENRE"": ""Rap""
  },
  {
    ""CLIENT_DOMAIN"": ""Luminate"",
    ""GENRES"": [
      ""Rap"",
      ""R&B/Hip-Hop""
    ],
    ""MAIN_GENRE"": ""Rap""
  }
]",2018-05-06,2018-05-10,1,36710.59392949,1242
MRELGB5231D67E2A240CDB7E4637C11DACD09,This Is America,Childish Gambino,"[
  {
    ""CLIENT_DOMAIN"": ""Billboard"",
    ""GENRES"": [
      ""Rap"",
      ""R&B/Hip-Hop""
    ],
    ""IS_APPROVED"": true,
    ""MAIN_GENRE"": ""Rap""
  },
  {
    ""CLIENT_DOMAIN"": ""Luminate"",
    ""GENRES"": [
      ""Rap"",
      ""R&B/Hip-Hop""
    ],
    ""MAIN_GENRE"": ""Rap""
  }
]",2018-05-06,2018-05-17,2,35213.09159922,1005
MRELGEB2878EE325A4B99B308B01C6350E422,11:11,Chris Brown,"[
  {
    ""CLIENT_DOMAIN"": ""Billboard"",
    ""GENRES"": [
      ""R&B"",
      ""R&B/Hip-Hop""
    ],
    ""IS_APPROVED"": true,
    ""MAIN_GENRE"": ""R&B""
  },
  {
    ""CLIENT_DOMAIN"": ""Luminate"",
    ""GENRES"": [
      ""R&B/Hip-Hop"",
      ""Pop""
    ],
    ""MAIN_GENRE"": ""R&B/Hip-Hop""
  }
]",2023-11-10,2023-11-16,1,45045.05075391,5994
MRELGEB2878EE325A4B99B308B01C6350E422,11:11,Chris Brown,"[
  {
    ""CLIENT_DOMAIN"": ""Billboard"",
    ""GENRES"": [
      ""R&B"",
      ""R&B/Hip-Hop""
    ],
    ""IS_APPROVED"": true,
    ""MAIN_GENRE"": ""R&B""
  },
  {
    ""CLIENT_DOMAIN"": ""Luminate"",
    ""GENRES"": [
      ""R&B/Hip-Hop"",
      ""Pop""
    ],
    ""MAIN_GENRE"": ""R&B/Hip-Hop""
  }
]",2023-11-10,2023-11-23,2,22555.32905749,569
MRELG9C55D2036F7C4FA5B377B903B5D9B3FC,Indigo,Chris Brown,"[
  {
    ""CLIENT_DOMAIN"": ""Billboard"",
    ""GENRES"": [
      ""R&B"",
      ""R&B/Hip-Hop""
    ],
    ""IS_APPROVED"": true,
    ""MAIN_GENRE"": ""R&B""
  },
  {
    ""CLIENT_DOMAIN"": ""Luminate"",
    ""GENRES"": [
      ""R&B/Hip-Hop"",
      ""Pop""
    ],
    ""MAIN_GENRE"": ""R&B/Hip-Hop""
  }
]",2019-06-10,2019-06-13,1,23501.28878378,0
MRELG9C55D2036F7C4FA5B377B903B5D9B3FC,Indigo,Chris Brown,"[
  {
    ""CLIENT_DOMAIN"": ""Billboard"",
    ""GENRES"": [
      ""R&B"",
      ""R&B/Hip-Hop""
    ],
    ""IS_APPROVED"": true,
    ""MAIN_GENRE"": ""R&B""
  },
  {
    ""CLIENT_DOMAIN"": ""Luminate"",
    ""GENRES"": [
      ""R&B/Hip-Hop"",
      ""Pop""
    ],
    ""MAIN_GENRE"": ""R&B/Hip-Hop""
  }
]",2019-06-10,2019-06-20,2,23946.67969365,0
MRELGC618F00EF6714E2F9E06C9189388BC20,Slime & B,Chris Brown & Young Thug,"[
  {
    ""CLIENT_DOMAIN"": ""Luminate"",
    ""GENRES"": [
      ""R&B/Hip-Hop""
    ],
    ""MAIN_GENRE"": ""R&B/Hip-Hop""
  },
  {
    ""CLIENT_DOMAIN"": ""Billboard"",
    ""GENRES"": [
      ""R&B"",
      ""R&B/Hip-Hop""
    ],
    ""IS_APPROVED"": true,
    ""MAIN_GENRE"": ""R&B""
  }
]",2020-05-05,2020-05-07,1,12710.23641606,1077
MRELGC618F00EF6714E2F9E06C9189388BC20,Slime & B,Chris Brown & Young Thug,"[
  {
    ""CLIENT_DOMAIN"": ""Luminate"",
    ""GENRES"": [
      ""R&B/Hip-Hop""
    ],
    ""MAIN_GENRE"": ""R&B/Hip-Hop""
  },
  {
    ""CLIENT_DOMAIN"": ""Billboard"",
    ""GENRES"": [
      ""R&B"",
      ""R&B/Hip-Hop""
    ],
    ""IS_APPROVED"": true,
    ""MAIN_GENRE"": ""R&B""
  }
]",2020-05-05,2020-05-14,2,19545.96316894,1105
MRELGB62C6C25D0AD44E696B2DD631C1B9979,Higher,Chris Stapleton,"[
  {
    ""CLIENT_DOMAIN"": ""Billboard"",
    ""GENRES"": [
      ""Country"",
      ""Folk""
    ],
    ""IS_APPROVED"": true,
    ""MAIN_GENRE"": ""Folk""
  },
  {
    ""CLIENT_DOMAIN"": ""Luminate"",
    ""GENRES"": [
      ""Country"",
      ""Folk""
    ],
    ""MAIN_GENRE"": ""Folk""
  }
]",2023-11-10,2023-11-16,1,90010.10699494,56949
MRELGB62C6C25D0AD44E696B2DD631C1B9979,Higher,Chris Stapleton,"[
  {
    ""CLIENT_DOMAIN"": ""Billboard"",
    ""GENRES"": [
      ""Country"",
      ""Folk""
    ],
    ""IS_APPROVED"": true,
    ""MAIN_GENRE"": ""Folk""
  },
  {
    ""CLIENT_DOMAIN"": ""Luminate"",
    ""GENRES"": [
      ""Country"",
      ""Folk""
    ],
    ""MAIN_GENRE"": ""Folk""
  }
]",2023-11-10,2023-11-23,2,34985.74714575,14332
MRELG13B1A865861B4A3884B6227F286D962B,Starting Over,Chris Stapleton,"[
  {
    ""CLIENT_DOMAIN"": ""Billboard"",
    ""GENRES"": [
      ""Country"",
      ""Folk""
    ],
    ""IS_APPROVED"": true,
    ""MAIN_GENRE"": ""Folk""
  },
  {
    ""CLIENT_DOMAIN"": ""Luminate"",
    ""GENRES"": [
      ""Country"",
      ""Folk""
    ],
    ""MAIN_GENRE"": ""Folk""
  }
]",2020-11-13,2020-11-19,1,101752.67180911,74726
MRELG13B1A865861B4A3884B6227F286D962B,Starting Over,Chris Stapleton,"[
  {
    ""CLIENT_DOMAIN"": ""Billboard"",
    ""GENRES"": [
      ""Country"",
      ""Folk""
    ],
    ""IS_APPROVED"": true,
    ""MAIN_GENRE"": ""Folk""
  },
  {
    ""CLIENT_DOMAIN"": ""Luminate"",
    ""GENRES"": [
      ""Country"",
      ""Folk""
    ],
    ""MAIN_GENRE"": ""Folk""
  }
]",2020-11-13,2020-11-26,2,36780.89324586,21159
MRELG136A27274BA54DC986CF2901BEDD26B5,X's,Cigarettes After Sex,"[
  {
    ""CLIENT_DOMAIN"": ""Billboard"",
    ""GENRES"": [
      ""Alt. Rock"",
      ""Rock""
    ],
    ""IS_APPROVED"": true,
    ""MAIN_GENRE"": ""Alt. Rock""
  },
  {
    ""CLIENT_DOMAIN"": ""Luminate"",
    ""GENRES"": [
      ""Indie Rock"",
      ""Rock""
    ],
    ""MAIN_GENRE"": ""Rock""
  }
]",2024-07-11,2024-07-18,1,19975.96242279,13616
MRELG136A27274BA54DC986CF2901BEDD26B5,X's,Cigarettes After Sex,"[
  {
    ""CLIENT_DOMAIN"": ""Billboard"",
    ""GENRES"": [
      ""Alt. Rock"",
      ""Rock""
    ],
    ""IS_APPROVED"": true,
    ""MAIN_GENRE"": ""Alt. Rock""
  },
  {
    ""CLIENT_DOMAIN"": ""Luminate"",
    ""GENRES"": [
      ""Indie Rock"",
      ""Rock""
    ],
    ""MAIN_GENRE"": ""Rock""
  }
]",2024-07-11,2024-07-25,2,6282.94586606,2704
MRELG7008327835264496A302D96CFE6137EB,CITY MORGUE VOL 2: AS GOOD AS DEAD (D,City Morgue,"[
  {
    ""CLIENT_DOMAIN"": ""Billboard"",
    ""GENRES"": [
      ""Rap"",
      ""R&B/Hip-Hop"",
      ""Rock""
    ],
    ""IS_APPROVED"": true,
    ""MAIN_GENRE"": ""Rap""
  },
  {
    ""CLIENT_DOMAIN"": ""Luminate"",
    ""GENRES"": [
      ""Rock"",
      ""Rap"",
      ""R&B/Hip-Hop""
    ],
    ""MAIN_GENRE"": ""Rap""
  }
]",2019-12-13,2019-12-19,1,34025.01667223,30178
MRELG7008327835264496A302D96CFE6137EB,CITY MORGUE VOL 2: AS GOOD AS DEAD (D,City Morgue,"[
  {
    ""CLIENT_DOMAIN"": ""Billboard"",
    ""GENRES"": [
      ""Rap"",
      ""R&B/Hip-Hop"",
      ""Rock""
    ],
    ""IS_APPROVED"": true,
    ""MAIN_GENRE"": ""Rap""
  },
  {
    ""CLIENT_DOMAIN"": ""Luminate"",
    ""GENRES"": [
      ""Rock"",
      ""Rap"",
      ""R&B/Hip-Hop""
    ],
    ""MAIN_GENRE"": ""Rap""
  }
]",2019-12-13,2019-12-26,2,1719.28441547,66
MRELGEEE4C65A966A4708A529BB03FEDF0FB7,Charm,Clairo,"[
  {
    ""CLIENT_DOMAIN"": ""Billboard"",
    ""GENRES"": [
      ""Rock"",
      ""Alt. Rock""
    ],
    ""IS_APPROVED"": true,
    ""MAIN_GENRE"": ""Alt. Rock""
  },
  {
    ""CLIENT_DOMAIN"": ""Luminate"",
    ""GENRES"": [
      ""Rock""
    ],
    ""MAIN_GENRE"": ""Rock""
  }
]",2024-07-12,2024-07-18,1,48044.50959947,32568
MRELGEEE4C65A966A4708A529BB03FEDF0FB7,Charm,Clairo,"[
  {
    ""CLIENT_DOMAIN"": ""Billboard"",
    ""GENRES"": [
      ""Rock"",
      ""Alt. Rock""
    ],
    ""IS_APPROVED"": true,
    ""MAIN_GENRE"": ""Alt. Rock""
  },
  {
    ""CLIENT_DOMAIN"": ""Luminate"",
    ""GENRES"": [
      ""Rock""
    ],
    ""MAIN_GENRE"": ""Rock""
  }
]",2024-07-12,2024-07-25,2,18248.79003163,5864
MRELGFDF1207833E14D76BFA14F6C5E81FC6B,Lifers,Cody Jinks,"[
  {
    ""CLIENT_DOMAIN"": ""Luminate"",
    ""GENRES"": [
      ""Country & Folk"",
      ""Euro Pop"",
      ""Country"",
      ""Folk"",
      ""Dance & House""
    ],
    ""MAIN_GENRE"": ""Folk""
  },
  {
    ""CLIENT_DOMAIN"": ""Billboard"",
    ""GENRES"": [
      ""Folk"",
      ""Country""
    ],
    ""IS_APPROVED"": true,
    ""MAIN_GENRE"": ""Folk""
  }
]",2018-07-26,2018-08-02,1,24194.92872486,21116
MRELGFDF1207833E14D76BFA14F6C5E81FC6B,Lifers,Cody Jinks,"[
  {
    ""CLIENT_DOMAIN"": ""Luminate"",
    ""GENRES"": [
      ""Country & Folk"",
      ""Euro Pop"",
      ""Country"",
      ""Folk"",
      ""Dance & House""
    ],
    ""MAIN_GENRE"": ""Folk""
  },
  {
    ""CLIENT_DOMAIN"": ""Billboard"",
    ""GENRES"": [
      ""Folk"",
      ""Country""
    ],
    ""IS_APPROVED"": true,
    ""MAIN_GENRE"": ""Folk""
  }
]",2018-07-26,2018-08-09,2,4456.85533594,2644
MRELG9C9AE578FE254004A65ECB8E0B03BD7D,Ain't Nothin' To It,Cody Johnson,"[
  {
    ""CLIENT_DOMAIN"": ""Luminate"",
    ""GENRES"": [
      ""Country & Folk"",
      ""Country""
    ],
    ""MAIN_GENRE"": ""Country""
  },
  {
    ""CLIENT_DOMAIN"": ""Billboard"",
    ""GENRES"": [
      ""Country""
    ],
    ""IS_APPROVED"": true,
    ""MAIN_GENRE"": ""Country""
  }
]",2019-01-18,2019-01-24,1,34259.13045970,23180
MRELG9C9AE578FE254004A65ECB8E0B03BD7D,Ain't Nothin' To It,Cody Johnson,"[
  {
    ""CLIENT_DOMAIN"": ""Luminate"",
    ""GENRES"": [
      ""Country & Folk"",
      ""Country""
    ],
    ""MAIN_GENRE"": ""Country""
  },
  {
    ""CLIENT_DOMAIN"": ""Billboard"",
    ""GENRES"": [
      ""Country""
    ],
    ""IS_APPROVED"": true,
    ""MAIN_GENRE"": ""Country""
  }
]",2019-01-18,2019-01-31,2,10702.95728107,3835
MRELG10F0FFDD602146B5822F61D0D0D55EB0,Leather,Cody Johnson,"[
  {
    ""CLIENT_DOMAIN"": ""Luminate"",
    ""GENRES"": [
      ""Country & Folk"",
      ""Country""
    ],
    ""MAIN_GENRE"": ""Country""
  },
  {
    ""CLIENT_DOMAIN"": ""Billboard"",
    ""GENRES"": [
      ""Country""
    ],
    ""IS_APPROVED"": true,
    ""MAIN_GENRE"": ""Country""
  }
]",2023-11-03,2023-11-09,1,30003.60790018,7709
MRELG10F0FFDD602146B5822F61D0D0D55EB0,Leather,Cody Johnson,"[
  {
    ""CLIENT_DOMAIN"": ""Luminate"",
    ""GENRES"": [
      ""Country & Folk"",
      ""Country""
    ],
    ""MAIN_GENRE"": ""Country""
  },
  {
    ""CLIENT_DOMAIN"": ""Billboard"",
    ""GENRES"": [
      ""Country""
    ],
    ""IS_APPROVED"": true,
    ""MAIN_GENRE"": ""Country""
  }
]",2023-11-03,2023-11-16,2,17434.29588956,2099
MRELGD2985384142043C09C13CAABAE24A6F1,Everyday Life,Coldplay,"[
  {
    ""CLIENT_DOMAIN"": ""Luminate"",
    ""GENRES"": [
      ""Indie Rock"",
      ""Rock"",
      ""Alternative""
    ],
    ""MAIN_GENRE"": ""Rock""
  },
  {
    ""CLIENT_DOMAIN"": ""Billboard"",
    ""GENRES"": [
      ""Alt. Rock"",
      ""Rock""
    ],
    ""IS_APPROVED"": true,
    ""MAIN_GENRE"": ""Alt. Rock""
  }
]",2019-11-22,2019-11-28,1,48143.89476147,35661
MRELGD2985384142043C09C13CAABAE24A6F1,Everyday Life,Coldplay,"[
  {
    ""CLIENT_DOMAIN"": ""Luminate"",
    ""GENRES"": [
      ""Indie Rock"",
      ""Rock"",
      ""Alternative""
    ],
    ""MAIN_GENRE"": ""Rock""
  },
  {
    ""CLIENT_DOMAIN"": ""Billboard"",
    ""GENRES"": [
      ""Alt. Rock"",
      ""Rock""
    ],
    ""IS_APPROVED"": true,
    ""MAIN_GENRE"": ""Alt. Rock""
  }
]",2019-11-22,2019-12-05,2,14768.05043832,9489
MRELG0F4B7FE34DA34287B5448ED6D7970069,Found Heaven,Conan Gray,"[
  {
    ""CLIENT_DOMAIN"": ""Billboard"",
    ""GENRES"": [
      ""Pop""
    ],
    ""IS_APPROVED"": true,
    ""MAIN_GENRE"": ""Pop""
  },
  {
    ""CLIENT_DOMAIN"": ""Luminate"",
    ""GENRES"": [
      ""Pop""
    ],
    ""MAIN_GENRE"": ""Pop""
  }
]",2024-04-05,2024-04-11,1,38576.65757080,28850
MRELG0F4B7FE34DA34287B5448ED6D7970069,Found Heaven,Conan Gray,"[
  {
    ""CLIENT_DOMAIN"": ""Billboard"",
    ""GENRES"": [
      ""Pop""
    ],
    ""IS_APPROVED"": true,
    ""MAIN_GENRE"": ""Pop""
  },
  {
    ""CLIENT_DOMAIN"": ""Luminate"",
    ""GENRES"": [
      ""Pop""
    ],
    ""MAIN_GENRE"": ""Pop""
  }
]",2024-04-05,2024-04-18,2,10459.98538155,5054
MRELG139743F21A9745348195922813E45147,Kid Krow,Conan Gray,"[
  {
    ""CLIENT_DOMAIN"": ""Billboard"",
    ""GENRES"": [
      ""Pop""
    ],
    ""IS_APPROVED"": true,
    ""MAIN_GENRE"": ""Pop""
  },
  {
    ""CLIENT_DOMAIN"": ""Luminate"",
    ""GENRES"": [
      ""Pop""
    ],
    ""MAIN_GENRE"": ""Pop""
  }
]",2020-03-20,2020-03-26,1,49207.61465575,37319
MRELG139743F21A9745348195922813E45147,Kid Krow,Conan Gray,"[
  {
    ""CLIENT_DOMAIN"": ""Billboard"",
    ""GENRES"": [
      ""Pop""
    ],
    ""IS_APPROVED"": true,
    ""MAIN_GENRE"": ""Pop""
  },
  {
    ""CLIENT_DOMAIN"": ""Luminate"",
    ""GENRES"": [
      ""Pop""
    ],
    ""MAIN_GENRE"": ""Pop""
  }
]",2020-03-20,2020-04-02,2,9326.21301792,1429
MRELGA2701F998C82469A99D99F4AC59229D1,Wishbone,Conan Gray,"[
  {
    ""CLIENT_DOMAIN"": ""Luminate"",
    ""GENRES"": [
      ""Pop""
    ],
    ""MAIN_GENRE"": ""Pop""
  },
  {
    ""CLIENT_DOMAIN"": ""Billboard"",
    ""GENRES"": [
      ""Pop""
    ],
    ""IS_APPROVED"": true,
    ""MAIN_GENRE"": ""Pop""
  }
]",2025-08-15,2025-08-21,1,71041.72362562,53081
MRELGA2701F998C82469A99D99F4AC59229D1,Wishbone,Conan Gray,"[
  {
    ""CLIENT_DOMAIN"": ""Luminate"",
    ""GENRES"": [
      ""Pop""
    ],
    ""MAIN_GENRE"": ""Pop""
  },
  {
    ""CLIENT_DOMAIN"": ""Billboard"",
    ""GENRES"": [
      ""Pop""
    ],
    ""IS_APPROVED"": true,
    ""MAIN_GENRE"": ""Pop""
  }
]",2025-08-15,2025-08-28,2,15256.69212670,5909
MRELGF580CAFB96D0406DBA3701FC4CF512B5,LEGENDADDY,DADDY YANKEE,"[
  {
    ""CLIENT_DOMAIN"": ""Luminate"",
    ""GENRES"": [
      ""Latin""
    ],
    ""MAIN_GENRE"": ""Latin""
  },
  {
    ""CLIENT_DOMAIN"": ""Billboard"",
    ""GENRES"": [
      ""Latin"",
      ""Latin - Rhythm""
    ],
    ""IS_APPROVED"": true,
    ""MAIN_GENRE"": ""Latin - Rhythm""
  }
]",2022-03-25,2022-03-31,1,29365.64619756,2171
MRELGF580CAFB96D0406DBA3701FC4CF512B5,LEGENDADDY,DADDY YANKEE,"[
  {
    ""CLIENT_DOMAIN"": ""Luminate"",
    ""GENRES"": [
      ""Latin""
    ],
    ""MAIN_GENRE"": ""Latin""
  },
  {
    ""CLIENT_DOMAIN"": ""Billboard"",
    ""GENRES"": [
      ""Latin"",
      ""Latin - Rhythm""
    ],
    ""IS_APPROVED"": true,
    ""MAIN_GENRE"": ""Latin - Rhythm""
  }
]",2022-03-25,2022-04-07,2,13158.10066319,322
MRELGCA0B2320786F474997B9457A0430E857,AURORA,DAISY JONES & THE SIX,"[
  {
    ""CLIENT_DOMAIN"": ""Billboard"",
    ""GENRES"": [
      ""Folk"",
      ""Rock"",
      ""Soundtrack""
    ],
    ""IS_APPROVED"": true,
    ""MAIN_GENRE"": ""Rock""
  },
  {
    ""CLIENT_DOMAIN"": ""Luminate"",
    ""GENRES"": [
      ""Soundtrack"",
      ""Rock"",
      ""Original Film/TV Music"",
      ""Folk""
    ],
    ""MAIN_GENRE"": ""Rock""
  }
]",2023-03-02,2023-03-09,1,10947.52686521,7881
MRELGCA0B2320786F474997B9457A0430E857,AURORA,DAISY JONES & THE SIX,"[
  {
    ""CLIENT_DOMAIN"": ""Billboard"",
    ""GENRES"": [
      ""Folk"",
      ""Rock"",
      ""Soundtrack""
    ],
    ""IS_APPROVED"": true,
    ""MAIN_GENRE"": ""Rock""
  },
  {
    ""CLIENT_DOMAIN"": ""Luminate"",
    ""GENRES"": [
      ""Soundtrack"",
      ""Rock"",
      ""Original Film/TV Music"",
      ""Folk""
    ],
    ""MAIN_GENRE"": ""Rock""
  }
]",2023-03-02,2023-03-16,2,8444.59243208,4243
MRELGA7608D266085476B9B5E5CD8DA48BEF6,GOOD THINGS,DAN + SHAY,"[
  {
    ""CLIENT_DOMAIN"": ""Billboard"",
    ""GENRES"": [
      ""Country""
    ],
    ""IS_APPROVED"": true,
    ""MAIN_GENRE"": ""Country""
  },
  {
    ""CLIENT_DOMAIN"": ""Luminate"",
    ""GENRES"": [
      ""Country"",
      ""Pop""
    ],
    ""MAIN_GENRE"": ""Country""
  }
]",2021-08-13,2021-08-19,1,32021.82662970,12352
MRELGA7608D266085476B9B5E5CD8DA48BEF6,GOOD THINGS,DAN + SHAY,"[
  {
    ""CLIENT_DOMAIN"": ""Billboard"",
    ""GENRES"": [
      ""Country""
    ],
    ""IS_APPROVED"": true,
    ""MAIN_GENRE"": ""Country""
  },
  {
    ""CLIENT_DOMAIN"": ""Luminate"",
    ""GENRES"": [
      ""Country"",
      ""Pop""
    ],
    ""MAIN_GENRE"": ""Country""
  }
]",2021-08-13,2021-08-26,2,16835.79603295,2817
MRELG965F849E61C34EF482ED7F2575036850,"10,000 HOURS (WITH JUSTIN BIEBER)",DAN + SHAY & JUSTIN BIEBER,"[
  {
    ""CLIENT_DOMAIN"": ""Billboard"",
    ""GENRES"": [
      ""Country"",
      ""Pop""
    ],
    ""IS_APPROVED"": true,
    ""MAIN_GENRE"": ""Country""
  },
  {
    ""CLIENT_DOMAIN"": ""Luminate"",
    ""GENRES"": [
      ""Country"",
      ""K-Pop"",
      ""Pop""
    ],
    ""MAIN_GENRE"": ""Country""
  }
]",2019-10-04,2019-10-10,1,26096.14341324,189
MRELG965F849E61C34EF482ED7F2575036850,"10,000 HOURS (WITH JUSTIN BIEBER)",DAN + SHAY & JUSTIN BIEBER,"[
  {
    ""CLIENT_DOMAIN"": ""Billboard"",
    ""GENRES"": [
      ""Country"",
      ""Pop""
    ],
    ""IS_APPROVED"": true,
    ""MAIN_GENRE"": ""Country""
  },
  {
    ""CLIENT_DOMAIN"": ""Luminate"",
    ""GENRES"": [
      ""Country"",
      ""K-Pop"",
      ""Pop""
    ],
    ""MAIN_GENRE"": ""Country""
  }
]",2019-10-04,2019-10-17,2,15415.33470639,91
MRELG35405E15631F4134AC2A2C76BEA291DB,Afterburner,DANCE GAVIN DANCE,"[
  {
    ""CLIENT_DOMAIN"": ""Luminate"",
    ""GENRES"": [
      ""Punk"",
      ""Rock""
    ],
    ""MAIN_GENRE"": ""Rock""
  },
  {
    ""CLIENT_DOMAIN"": ""Billboard"",
    ""GENRES"": [
      ""Rock"",
      ""Hard Rock"",
      ""Alt. Rock""
    ],
    ""IS_APPROVED"": true,
    ""MAIN_GENRE"": ""Alt. Rock""
  }
]",2020-04-24,2020-04-30,1,23656.83819979,17466
MRELG35405E15631F4134AC2A2C76BEA291DB,Afterburner,DANCE GAVIN DANCE,"[
  {
    ""CLIENT_DOMAIN"": ""Luminate"",
    ""GENRES"": [
      ""Punk"",
      ""Rock""
    ],
    ""MAIN_GENRE"": ""Rock""
  },
  {
    ""CLIENT_DOMAIN"": ""Billboard"",
    ""GENRES"": [
      ""Rock"",
      ""Hard Rock"",
      ""Alt. Rock""
    ],
    ""IS_APPROVED"": true,
    ""MAIN_GENRE"": ""Alt. Rock""
  }
]",2020-04-24,2020-05-07,2,3494.93264057,548
MRELG3086BA8E606F47BCA43935714BFAC7F5,CHEAT CODES,DANGER MOUSE & BLACK THOUGHT,"[
  {
    ""CLIENT_DOMAIN"": ""Luminate"",
    ""GENRES"": [
      ""Rap"",
      ""R&B/Hip-Hop"",
      ""Others""
    ],
    ""MAIN_GENRE"": ""Rap""
  },
  {
    ""CLIENT_DOMAIN"": ""Billboard"",
    ""GENRES"": [
      ""R&B/Hip-Hop"",
      ""Rap""
    ],
    ""IS_APPROVED"": true,
    ""MAIN_GENRE"": ""Rap""
  }
]",2022-08-12,2022-08-18,1,14073.14871825,10219
MRELG3086BA8E606F47BCA43935714BFAC7F5,CHEAT CODES,DANGER MOUSE & BLACK THOUGHT,"[
  {
    ""CLIENT_DOMAIN"": ""Luminate"",
    ""GENRES"": [
      ""Rap"",
      ""R&B/Hip-Hop"",
      ""Others""
    ],
    ""MAIN_GENRE"": ""Rap""
  },
  {
    ""CLIENT_DOMAIN"": ""Billboard"",
    ""GENRES"": [
      ""R&B/Hip-Hop"",
      ""Rap""
    ],
    ""IS_APPROVED"": true,
    ""MAIN_GENRE"": ""Rap""
  }
]",2022-08-12,2022-08-25,2,5243.22919113,3169
MRELG411A2DE96BD74118B23945E1EC4278D6,WALK AROUND THE MOON,DAVE MATTHEWS BAND,"[
  {
    ""CLIENT_DOMAIN"": ""Billboard"",
    ""GENRES"": [
      ""Rock""
    ],
    ""IS_APPROVED"": true,
    ""MAIN_GENRE"": ""Rock""
  },
  {
    ""CLIENT_DOMAIN"": ""Luminate"",
    ""GENRES"": [
      ""Rock""
    ],
    ""MAIN_GENRE"": ""Rock""
  }
]",2023-05-19,2023-05-25,1,43883.53883323,39540
MRELG411A2DE96BD74118B23945E1EC4278D6,WALK AROUND THE MOON,DAVE MATTHEWS BAND,"[
  {
    ""CLIENT_DOMAIN"": ""Billboard"",
    ""GENRES"": [
      ""Rock""
    ],
    ""IS_APPROVED"": true,
    ""MAIN_GENRE"": ""Rock""
  },
  {
    ""CLIENT_DOMAIN"": ""Luminate"",
    ""GENRES"": [
      ""Rock""
    ],
    ""MAIN_GENRE"": ""Rock""
  }
]",2023-05-19,2023-06-01,2,5943.38731817,3866
MRELG7B000FE3E27145A38D4803003880D25F,Diamond Star Halos,DEF LEPPARD,"[
  {
    ""CLIENT_DOMAIN"": ""Luminate"",
    ""GENRES"": [
      ""Rock"",
      ""Metal""
    ],
    ""MAIN_GENRE"": ""Rock""
  },
  {
    ""CLIENT_DOMAIN"": ""Billboard"",
    ""GENRES"": [
      ""Rock"",
      ""Hard Rock""
    ],
    ""IS_APPROVED"": true,
    ""MAIN_GENRE"": ""Hard Rock""
  }
]",2022-05-27,2022-06-02,1,31730.91240500,29727
MRELG7B000FE3E27145A38D4803003880D25F,Diamond Star Halos,DEF LEPPARD,"[
  {
    ""CLIENT_DOMAIN"": ""Luminate"",
    ""GENRES"": [
      ""Rock"",
      ""Metal""
    ],
    ""MAIN_GENRE"": ""Rock""
  },
  {
    ""CLIENT_DOMAIN"": ""Billboard"",
    ""GENRES"": [
      ""Rock"",
      ""Hard Rock""
    ],
    ""IS_APPROVED"": true,
    ""MAIN_GENRE"": ""Hard Rock""
  }
]",2022-05-27,2022-06-09,2,8434.15857623,7523
MRELGD6DCB36443D84C6380E2625E2BA847B0,OHMS,DEFTONES,"[
  {
    ""CLIENT_DOMAIN"": ""Luminate"",
    ""GENRES"": [
      ""Rock""
    ],
    ""MAIN_GENRE"": ""Rock""
  },
  {
    ""CLIENT_DOMAIN"": ""Billboard"",
    ""GENRES"": [
      ""Hard Rock"",
      ""Rock"",
      ""Alt. Rock""
    ],
    ""IS_APPROVED"": true,
    ""MAIN_GENRE"": ""Alt. Rock""
  }
]",2020-09-25,2020-10-01,1,35592.83229659,29579
MRELGD6DCB36443D84C6380E2625E2BA847B0,OHMS,DEFTONES,"[
  {
    ""CLIENT_DOMAIN"": ""Luminate"",
    ""GENRES"": [
      ""Rock""
    ],
    ""MAIN_GENRE"": ""Rock""
  },
  {
    ""CLIENT_DOMAIN"": ""Billboard"",
    ""GENRES"": [
      ""Hard Rock"",
      ""Rock"",
      ""Alt. Rock""
    ],
    ""IS_APPROVED"": true,
    ""MAIN_GENRE"": ""Alt. Rock""
  }
]",2020-09-25,2020-10-08,2,6592.25874856,4097
MRELG393004CB9C6A4D74984E236C4ACEAC82,STILL ON MY MIND,DIDO,"[
  {
    ""CLIENT_DOMAIN"": ""Luminate"",
    ""GENRES"": [
      ""Reggae"",
      ""Electronica"",
      ""Pop""
    ],
    ""MAIN_GENRE"": ""Pop""
  },
  {
    ""CLIENT_DOMAIN"": ""Billboard"",
    ""GENRES"": [
      ""Pop""
    ],
    ""IS_APPROVED"": true,
    ""MAIN_GENRE"": ""Pop""
  }
]",2019-03-08,2019-03-14,1,14713.45704420,13217
MRELG393004CB9C6A4D74984E236C4ACEAC82,STILL ON MY MIND,DIDO,"[
  {
    ""CLIENT_DOMAIN"": ""Luminate"",
    ""GENRES"": [
      ""Reggae"",
      ""Electronica"",
      ""Pop""
    ],
    ""MAIN_GENRE"": ""Pop""
  },
  {
    ""CLIENT_DOMAIN"": ""Billboard"",
    ""GENRES"": [
      ""Pop""
    ],
    ""IS_APPROVED"": true,
    ""MAIN_GENRE"": ""Pop""
  }
]",2019-03-08,2019-03-21,2,3193.96780263,2120
MRELGBE1A973F60964E578B07EC614D65C3D2,DIVISIVE,DISTURBED,"[
  {
    ""CLIENT_DOMAIN"": ""Luminate"",
    ""GENRES"": [
      ""Rock""
    ],
    ""MAIN_GENRE"": ""Rock""
  },
  {
    ""CLIENT_DOMAIN"": ""Billboard"",
    ""GENRES"": [
      ""Alt. Rock"",
      ""Rock"",
      ""Hard Rock""
    ],
    ""IS_APPROVED"": true,
    ""MAIN_GENRE"": ""Alt. Rock""
  }
]",2022-11-17,2022-11-24,1,25819.02580462,21971
MRELGBE1A973F60964E578B07EC614D65C3D2,DIVISIVE,DISTURBED,"[
  {
    ""CLIENT_DOMAIN"": ""Luminate"",
    ""GENRES"": [
      ""Rock""
    ],
    ""MAIN_GENRE"": ""Rock""
  },
  {
    ""CLIENT_DOMAIN"": ""Billboard"",
    ""GENRES"": [
      ""Alt. Rock"",
      ""Rock"",
      ""Hard Rock""
    ],
    ""IS_APPROVED"": true,
    ""MAIN_GENRE"": ""Alt. Rock""
  }
]",2022-11-17,2022-12-01,2,7804.47920055,5583
MRELGB98C8A2856774F49BFD4D1B27A7817BA,Father Of Asahd,DJ Khaled,"[
  {
    ""CLIENT_DOMAIN"": ""Luminate"",
    ""GENRES"": [
      ""Rap"",
      ""R&B/Hip-Hop""
    ],
    ""MAIN_GENRE"": ""Rap""
  },
  {
    ""CLIENT_DOMAIN"": ""Billboard"",
    ""GENRES"": [
      ""R&B/Hip-Hop"",
      ""Rap""
    ],
    ""IS_APPROVED"": true,
    ""MAIN_GENRE"": ""Rap""
  }
]",2019-05-17,2019-05-23,1,145341.95187096,33833
MRELGB98C8A2856774F49BFD4D1B27A7817BA,Father Of Asahd,DJ Khaled,"[
  {
    ""CLIENT_DOMAIN"": ""Luminate"",
    ""GENRES"": [
      ""Rap"",
      ""R&B/Hip-Hop""
    ],
    ""MAIN_GENRE"": ""Rap""
  },
  {
    ""CLIENT_DOMAIN"": ""Billboard"",
    ""GENRES"": [
      ""R&B/Hip-Hop"",
      ""Rap""
    ],
    ""IS_APPROVED"": true,
    ""MAIN_GENRE"": ""Rap""
  }
]",2019-05-17,2019-05-30,2,63444.88707919,7451
MRELGF858793AC4E2447F9885CC2F93DCE9F8,KHALED KHALED,DJ Khaled,"[
  {
    ""CLIENT_DOMAIN"": ""Luminate"",
    ""GENRES"": [
      ""Rap"",
      ""R&B/Hip-Hop""
    ],
    ""MAIN_GENRE"": ""Rap""
  },
  {
    ""CLIENT_DOMAIN"": ""Billboard"",
    ""GENRES"": [
      ""R&B/Hip-Hop"",
      ""Rap""
    ],
    ""IS_APPROVED"": true,
    ""MAIN_GENRE"": ""Rap""
  }
]",2021-04-30,2021-05-06,1,93734.66452643,14673
MRELGF858793AC4E2447F9885CC2F93DCE9F8,KHALED KHALED,DJ Khaled,"[
  {
    ""CLIENT_DOMAIN"": ""Luminate"",
    ""GENRES"": [
      ""Rap"",
      ""R&B/Hip-Hop""
    ],
    ""MAIN_GENRE"": ""Rap""
  },
  {
    ""CLIENT_DOMAIN"": ""Billboard"",
    ""GENRES"": [
      ""R&B/Hip-Hop"",
      ""Rap""
    ],
    ""IS_APPROVED"": true,
    ""MAIN_GENRE"": ""Rap""
  }
]",2021-04-30,2021-05-13,2,45829.04788387,3922
MRELG975B0202F4AD4C22B7D0C58650F53902,POPSTAR,DJ Khaled Feat. Drake,"[
  {
    ""CLIENT_DOMAIN"": ""Billboard"",
    ""GENRES"": [
      ""R&B/Hip-Hop"",
      ""Rap""
    ],
    ""IS_APPROVED"": true,
    ""MAIN_GENRE"": ""Rap""
  },
  {
    ""CLIENT_DOMAIN"": ""Luminate"",
    ""GENRES"": [
      ""Rap"",
      ""R&B/Hip-Hop""
    ],
    ""MAIN_GENRE"": ""Rap""
  }
]",2020-07-17,2020-07-23,1,21978.97295901,249
MRELG975B0202F4AD4C22B7D0C58650F53902,POPSTAR,DJ Khaled Feat. Drake,"[
  {
    ""CLIENT_DOMAIN"": ""Billboard"",
    ""GENRES"": [
      ""R&B/Hip-Hop"",
      ""Rap""
    ],
    ""IS_APPROVED"": true,
    ""MAIN_GENRE"": ""Rap""
  },
  {
    ""CLIENT_DOMAIN"": ""Luminate"",
    ""GENRES"": [
      ""Rap"",
      ""R&B/Hip-Hop""
    ],
    ""MAIN_GENRE"": ""Rap""
  }
]",2020-07-17,2020-07-30,2,11849.82479341,86
MRELG16032C60CB814492BDFF448D796B408E,Top Off,"DJ Khaled Feat. Jay-Z, Future & Beyoncé","[
  {
    ""CLIENT_DOMAIN"": ""Billboard"",
    ""GENRES"": [
      ""Rap"",
      ""R&B/Hip-Hop""
    ],
    ""IS_APPROVED"": true,
    ""MAIN_GENRE"": ""Rap""
  },
  {
    ""CLIENT_DOMAIN"": ""Luminate"",
    ""GENRES"": [
      ""Rap"",
      ""R&B/Hip-Hop""
    ],
    ""MAIN_GENRE"": ""Rap""
  }
]",2018-03-02,2018-03-08,1,14384.73707703,124
MRELG16032C60CB814492BDFF448D796B408E,Top Off,"DJ Khaled Feat. Jay-Z, Future & Beyoncé","[
  {
    ""CLIENT_DOMAIN"": ""Billboard"",
    ""GENRES"": [
      ""Rap"",
      ""R&B/Hip-Hop""
    ],
    ""IS_APPROVED"": true,
    ""MAIN_GENRE"": ""Rap""
  },
  {
    ""CLIENT_DOMAIN"": ""Luminate"",
    ""GENRES"": [
      ""Rap"",
      ""R&B/Hip-Hop""
    ],
    ""MAIN_GENRE"": ""Rap""
  }
]",2018-03-02,2018-03-15,2,6241.00750003,95
MRELGD7A4E91BAEAB4292AC3AAEEBFF871CA5,No Brainer,"DJ Khaled, Justin Bieber & Quavo Feat. Chance The Rapper","[
  {
    ""CLIENT_DOMAIN"": ""Luminate"",
    ""GENRES"": [
      ""Rap"",
      ""R&B/Hip-Hop"",
      ""Pop""
    ],
    ""MAIN_GENRE"": ""Pop""
  },
  {
    ""CLIENT_DOMAIN"": ""Billboard"",
    ""GENRES"": [
      ""R&B/Hip-Hop"",
      ""Pop""
    ],
    ""IS_APPROVED"": true,
    ""MAIN_GENRE"": ""Pop""
  }
]",2018-07-27,2018-08-02,1,21053.91796359,198
MRELGD7A4E91BAEAB4292AC3AAEEBFF871CA5,No Brainer,"DJ Khaled, Justin Bieber & Quavo Feat. Chance The Rapper","[
  {
    ""CLIENT_DOMAIN"": ""Luminate"",
    ""GENRES"": [
      ""Rap"",
      ""R&B/Hip-Hop"",
      ""Pop""
    ],
    ""MAIN_GENRE"": ""Pop""
  },
  {
    ""CLIENT_DOMAIN"": ""Billboard"",
    ""GENRES"": [
      ""R&B/Hip-Hop"",
      ""Pop""
    ],
    ""IS_APPROVED"": true,
    ""MAIN_GENRE"": ""Pop""
  }
]",2018-07-27,2018-08-09,2,13603.87801430,158
MRELG83F5D6C1D2A24413952035BBFB47574F,Exodus,DMX,"[
  {
    ""CLIENT_DOMAIN"": ""Luminate"",
    ""GENRES"": [
      ""Rap"",
      ""R&B/Hip-Hop""
    ],
    ""MAIN_GENRE"": ""Rap""
  },
  {
    ""CLIENT_DOMAIN"": ""Billboard"",
    ""GENRES"": [
      ""Rap"",
      ""R&B/Hip-Hop""
    ],
    ""IS_APPROVED"": true,
    ""MAIN_GENRE"": ""Rap""
  }
]",2021-05-28,2021-06-03,1,31603.20317362,14399
MRELG83F5D6C1D2A24413952035BBFB47574F,Exodus,DMX,"[
  {
    ""CLIENT_DOMAIN"": ""Luminate"",
    ""GENRES"": [
      ""Rap"",
      ""R&B/Hip-Hop""
    ],
    ""MAIN_GENRE"": ""Rap""
  },
  {
    ""CLIENT_DOMAIN"": ""Billboard"",
    ""GENRES"": [
      ""Rap"",
      ""R&B/Hip-Hop""
    ],
    ""IS_APPROVED"": true,
    ""MAIN_GENRE"": ""Rap""
  }
]",2021-05-28,2021-06-10,2,5013.91687099,1034
MRELG1E217E2A938D401D830A8774E9EFBCD4,LOVE SICK,DON TOLIVER,"[
  {
    ""CLIENT_DOMAIN"": ""Billboard"",
    ""GENRES"": [
      ""R&B/Hip-Hop"",
      ""Rap""
    ],
    ""IS_APPROVED"": true,
    ""MAIN_GENRE"": ""Rap""
  },
  {
    ""CLIENT_DOMAIN"": ""Luminate"",
    ""GENRES"": [
      ""Rap"",
      ""R&B/Hip-Hop"",
      ""Others""
    ],
    ""MAIN_GENRE"": ""Rap""
  }
]",2023-02-24,2023-03-02,1,40617.63827981,810
MRELG1E217E2A938D401D830A8774E9EFBCD4,LOVE SICK,DON TOLIVER,"[
  {
    ""CLIENT_DOMAIN"": ""Billboard"",
    ""GENRES"": [
      ""R&B/Hip-Hop"",
      ""Rap""
    ],
    ""IS_APPROVED"": true,
    ""MAIN_GENRE"": ""Rap""
  },
  {
    ""CLIENT_DOMAIN"": ""Luminate"",
    ""GENRES"": [
      ""Rap"",
      ""R&B/Hip-Hop"",
      ""Others""
    ],
    ""MAIN_GENRE"": ""Rap""
  }
]",2023-02-24,2023-03-09,2,28231.06192763,206
MRELG2D9F753A9E37470890579E58E32E572F,DISTANCE OVER TIME,DREAM THEATER,"[
  {
    ""CLIENT_DOMAIN"": ""Billboard"",
    ""GENRES"": [
      ""Rock"",
      ""Hard Rock""
    ],
    ""IS_APPROVED"": true,
    ""MAIN_GENRE"": ""Hard Rock""
  },
  {
    ""CLIENT_DOMAIN"": ""Luminate"",
    ""GENRES"": [
      ""Rock"",
      ""Metal""
    ],
    ""MAIN_GENRE"": ""Rock""
  }
]",2019-02-22,2019-02-28,1,20787.07387253,19590
MRELG2D9F753A9E37470890579E58E32E572F,DISTANCE OVER TIME,DREAM THEATER,"[
  {
    ""CLIENT_DOMAIN"": ""Billboard"",
    ""GENRES"": [
      ""Rock"",
      ""Hard Rock""
    ],
    ""IS_APPROVED"": true,
    ""MAIN_GENRE"": ""Hard Rock""
  },
  {
    ""CLIENT_DOMAIN"": ""Luminate"",
    ""GENRES"": [
      ""Rock"",
      ""Metal""
    ],
    ""MAIN_GENRE"": ""Rock""
  }
]",2019-02-22,2019-03-07,2,5918.02118396,5323
MRELG42ABFD92D6C240A3A95055CA80FB81BF,DANSE MACABRE,DURAN DURAN,"[
  {
    ""CLIENT_DOMAIN"": ""Luminate"",
    ""GENRES"": [
      ""Rock""
    ],
    ""MAIN_GENRE"": ""Rock""
  },
  {
    ""CLIENT_DOMAIN"": ""Billboard"",
    ""GENRES"": [
      ""Alt. Rock"",
      ""Rock""
    ],
    ""IS_APPROVED"": true,
    ""MAIN_GENRE"": ""Alt. Rock""
  }
]",2023-10-27,2023-11-02,1,14842.24221350,13917
MRELG42ABFD92D6C240A3A95055CA80FB81BF,DANSE MACABRE,DURAN DURAN,"[
  {
    ""CLIENT_DOMAIN"": ""Luminate"",
    ""GENRES"": [
      ""Rock""
    ],
    ""MAIN_GENRE"": ""Rock""
  },
  {
    ""CLIENT_DOMAIN"": ""Billboard"",
    ""GENRES"": [
      ""Alt. Rock"",
      ""Rock""
    ],
    ""IS_APPROVED"": true,
    ""MAIN_GENRE"": ""Alt. Rock""
  }
]",2023-10-27,2023-11-09,2,2011.80996968,1718
MRELGE97D5DA075604640905E4B515F968559,BLAME IT ON BABY,DaBaby,"[
  {
    ""CLIENT_DOMAIN"": ""Billboard"",
    ""GENRES"": [
      ""Rap"",
      ""R&B/Hip-Hop""
    ],
    ""IS_APPROVED"": true,
    ""MAIN_GENRE"": ""Rap""
  },
  {
    ""CLIENT_DOMAIN"": ""Luminate"",
    ""GENRES"": [
      ""Rap"",
      ""R&B/Hip-Hop""
    ],
    ""MAIN_GENRE"": ""Rap""
  }
]",2020-04-17,2020-04-23,1,118741.48623981,6362
MRELGE97D5DA075604640905E4B515F968559,BLAME IT ON BABY,DaBaby,"[
  {
    ""CLIENT_DOMAIN"": ""Billboard"",
    ""GENRES"": [
      ""Rap"",
      ""R&B/Hip-Hop""
    ],
    ""IS_APPROVED"": true,
    ""MAIN_GENRE"": ""Rap""
  },
  {
    ""CLIENT_DOMAIN"": ""Luminate"",
    ""GENRES"": [
      ""Rap"",
      ""R&B/Hip-Hop""
    ],
    ""MAIN_GENRE"": ""Rap""
  }
]",2020-04-17,2020-04-30,2,54946.29317324,1115
MRELG81F295EB89CA4238A72D85971937F5FD,Baby On Baby,DaBaby,"[
  {
    ""CLIENT_DOMAIN"": ""Billboard"",
    ""GENRES"": [
      ""R&B/Hip-Hop"",
      ""Rap""
    ],
    ""IS_APPROVED"": true,
    ""MAIN_GENRE"": ""Rap""
  },
  {
    ""CLIENT_DOMAIN"": ""Luminate"",
    ""GENRES"": [
      ""Rap"",
      ""R&B/Hip-Hop""
    ],
    ""MAIN_GENRE"": ""Rap""
  }
]",2019-03-01,2019-03-07,1,24806.74653508,1243
MRELG81F295EB89CA4238A72D85971937F5FD,Baby On Baby,DaBaby,"[
  {
    ""CLIENT_DOMAIN"": ""Billboard"",
    ""GENRES"": [
      ""R&B/Hip-Hop"",
      ""Rap""
    ],
    ""IS_APPROVED"": true,
    ""MAIN_GENRE"": ""Rap""
  },
  {
    ""CLIENT_DOMAIN"": ""Luminate"",
    ""GENRES"": [
      ""Rap"",
      ""R&B/Hip-Hop""
    ],
    ""MAIN_GENRE"": ""Rap""
  }
]",2019-03-01,2019-03-14,2,18525.95473805,388
MRELGD2AE654D25BE4711A1DEDDEBD7D03099,KIRK,DaBaby,"[
  {
    ""CLIENT_DOMAIN"": ""Billboard"",
    ""GENRES"": [
      ""R&B/Hip-Hop"",
      ""Rap""
    ],
    ""IS_APPROVED"": true,
    ""MAIN_GENRE"": ""Rap""
  },
  {
    ""CLIENT_DOMAIN"": ""Luminate"",
    ""GENRES"": [
      ""Rap"",
      ""R&B/Hip-Hop""
    ],
    ""MAIN_GENRE"": ""Rap""
  }
]",2019-09-27,2019-10-03,1,153312.20118690,7778
MRELGD2AE654D25BE4711A1DEDDEBD7D03099,KIRK,DaBaby,"[
  {
    ""CLIENT_DOMAIN"": ""Billboard"",
    ""GENRES"": [
      ""R&B/Hip-Hop"",
      ""Rap""
    ],
    ""IS_APPROVED"": true,
    ""MAIN_GENRE"": ""Rap""
  },
  {
    ""CLIENT_DOMAIN"": ""Luminate"",
    ""GENRES"": [
      ""Rap"",
      ""R&B/Hip-Hop""
    ],
    ""MAIN_GENRE"": ""Rap""
  }
]",2019-09-27,2019-10-10,2,82437.40714431,1991
MRELG27F43900C9BE4FA9AF928287F15278A1,DAN + SHAY,Dan + Shay,"[
  {
    ""CLIENT_DOMAIN"": ""Billboard"",
    ""GENRES"": [
      ""Country""
    ],
    ""IS_APPROVED"": true,
    ""MAIN_GENRE"": ""Country""
  },
  {
    ""CLIENT_DOMAIN"": ""Luminate"",
    ""GENRES"": [
      ""Country"",
      ""Others"",
      ""Pop""
    ],
    ""MAIN_GENRE"": ""Country""
  }
]",2018-06-22,2018-06-28,1,46381.80135551,23854
MRELG27F43900C9BE4FA9AF928287F15278A1,DAN + SHAY,Dan + Shay,"[
  {
    ""CLIENT_DOMAIN"": ""Billboard"",
    ""GENRES"": [
      ""Country""
    ],
    ""IS_APPROVED"": true,
    ""MAIN_GENRE"": ""Country""
  },
  {
    ""CLIENT_DOMAIN"": ""Luminate"",
    ""GENRES"": [
      ""Country"",
      ""Others"",
      ""Pop""
    ],
    ""MAIN_GENRE"": ""Country""
  }
]",2018-06-22,2018-07-05,2,22491.33438388,5363
MRELG9A38EFB1F01F414E8C94602FF6F0D1E2,Jackpot Juicer,Dance Gavin Dance,"[
  {
    ""CLIENT_DOMAIN"": ""Luminate"",
    ""GENRES"": [
      ""Rock""
    ],
    ""MAIN_GENRE"": ""Rock""
  },
  {
    ""CLIENT_DOMAIN"": ""Billboard"",
    ""GENRES"": [
      ""Rock"",
      ""Hard Rock"",
      ""Alt. Rock""
    ],
    ""IS_APPROVED"": true,
    ""MAIN_GENRE"": ""Alt. Rock""
  }
]",2022-07-29,2022-08-04,1,33405.51331706,25457
MRELG9A38EFB1F01F414E8C94602FF6F0D1E2,Jackpot Juicer,Dance Gavin Dance,"[
  {
    ""CLIENT_DOMAIN"": ""Luminate"",
    ""GENRES"": [
      ""Rock""
    ],
    ""MAIN_GENRE"": ""Rock""
  },
  {
    ""CLIENT_DOMAIN"": ""Billboard"",
    ""GENRES"": [
      ""Rock"",
      ""Hard Rock"",
      ""Alt. Rock""
    ],
    ""IS_APPROVED"": true,
    ""MAIN_GENRE"": ""Alt. Rock""
  }
]",2022-07-29,2022-08-11,2,6924.40156007,2667
MRELGA62F0AE6BC434F138498539D970195E3,CASE STUDY 01,Daniel Caesar,"[
  {
    ""CLIENT_DOMAIN"": ""Billboard"",
    ""GENRES"": [
      ""R&B"",
      ""R&B/Hip-Hop""
    ],
    ""IS_APPROVED"": true,
    ""MAIN_GENRE"": ""R&B""
  },
  {
    ""CLIENT_DOMAIN"": ""Luminate"",
    ""GENRES"": [
      ""R&B/Hip-Hop""
    ],
    ""MAIN_GENRE"": ""R&B/Hip-Hop""
  }
]",2019-06-28,2019-07-04,1,23255.05764555,1476
MRELGA62F0AE6BC434F138498539D970195E3,CASE STUDY 01,Daniel Caesar,"[
  {
    ""CLIENT_DOMAIN"": ""Billboard"",
    ""GENRES"": [
      ""R&B"",
      ""R&B/Hip-Hop""
    ],
    ""IS_APPROVED"": true,
    ""MAIN_GENRE"": ""R&B""
  },
  {
    ""CLIENT_DOMAIN"": ""Luminate"",
    ""GENRES"": [
      ""R&B/Hip-Hop""
    ],
    ""MAIN_GENRE"": ""R&B/Hip-Hop""
  }
]",2019-06-28,2019-07-11,2,8846.44502194,240
MRELG679F27F9700F4F9FB91D4E909624F80F,Never Enough,Daniel Caesar,"[
  {
    ""CLIENT_DOMAIN"": ""Luminate"",
    ""GENRES"": [
      ""R&B/Hip-Hop""
    ],
    ""MAIN_GENRE"": ""R&B/Hip-Hop""
  },
  {
    ""CLIENT_DOMAIN"": ""Billboard"",
    ""GENRES"": [
      ""R&B/Hip-Hop"",
      ""R&B""
    ],
    ""IS_APPROVED"": true,
    ""MAIN_GENRE"": ""R&B""
  }
]",2023-04-07,2023-04-13,1,32177.55560149,8558
MRELG679F27F9700F4F9FB91D4E909624F80F,Never Enough,Daniel Caesar,"[
  {
    ""CLIENT_DOMAIN"": ""Luminate"",
    ""GENRES"": [
      ""R&B/Hip-Hop""
    ],
    ""MAIN_GENRE"": ""R&B/Hip-Hop""
  },
  {
    ""CLIENT_DOMAIN"": ""Billboard"",
    ""GENRES"": [
      ""R&B/Hip-Hop"",
      ""R&B""
    ],
    ""IS_APPROVED"": true,
    ""MAIN_GENRE"": ""R&B""
  }
]",2023-04-07,2023-04-20,2,17164.15672466,2559
MRELG7680975FFB5949BEB8A438FFCE2FB753,Son Of Spergy,Daniel Caesar,"[
  {
    ""CLIENT_DOMAIN"": ""Luminate"",
    ""GENRES"": [
      ""R&B/Hip-Hop""
    ],
    ""MAIN_GENRE"": ""R&B/Hip-Hop""
  },
  {
    ""CLIENT_DOMAIN"": ""Billboard"",
    ""GENRES"": [
      ""R&B/Hip-Hop"",
      ""R&B""
    ],
    ""IS_APPROVED"": true,
    ""MAIN_GENRE"": ""R&B/Hip-Hop""
  }
]",2025-10-24,2025-10-30,1,43646.54820599,17645
MRELG7680975FFB5949BEB8A438FFCE2FB753,Son Of Spergy,Daniel Caesar,"[
  {
    ""CLIENT_DOMAIN"": ""Luminate"",
    ""GENRES"": [
      ""R&B/Hip-Hop""
    ],
    ""MAIN_GENRE"": ""R&B/Hip-Hop""
  },
  {
    ""CLIENT_DOMAIN"": ""Billboard"",
    ""GENRES"": [
      ""R&B/Hip-Hop"",
      ""R&B""
    ],
    ""IS_APPROVED"": true,
    ""MAIN_GENRE"": ""R&B/Hip-Hop""
  }
]",2025-10-24,2025-11-06,2,16250.37260620,3205
MRELG2CB48A2AFA6D4C19B13943F1417FCD21,Survival,Dave East,"[
  {
    ""CLIENT_DOMAIN"": ""Billboard"",
    ""GENRES"": [
      ""R&B/Hip-Hop"",
      ""Rap""
    ],
    ""IS_APPROVED"": true,
    ""MAIN_GENRE"": ""Rap""
  },
  {
    ""CLIENT_DOMAIN"": ""Luminate"",
    ""GENRES"": [
      ""Rap"",
      ""R&B/Hip-Hop""
    ],
    ""MAIN_GENRE"": ""Rap""
  }
]",2019-11-08,2019-11-14,1,24914.17956788,3846
MRELG2CB48A2AFA6D4C19B13943F1417FCD21,Survival,Dave East,"[
  {
    ""CLIENT_DOMAIN"": ""Billboard"",
    ""GENRES"": [
      ""R&B/Hip-Hop"",
      ""Rap""
    ],
    ""IS_APPROVED"": true,
    ""MAIN_GENRE"": ""Rap""
  },
  {
    ""CLIENT_DOMAIN"": ""Luminate"",
    ""GENRES"": [
      ""Rap"",
      ""R&B/Hip-Hop""
    ],
    ""MAIN_GENRE"": ""Rap""
  }
]",2019-11-08,2019-11-21,2,10955.50124054,816
MRELG965A596468C246CA9F32238ABBE01B11,LUCK AND STRANGE,David Gilmour,"[
  {
    ""CLIENT_DOMAIN"": ""Billboard"",
    ""GENRES"": [
      ""Rock""
    ],
    ""IS_APPROVED"": true,
    ""MAIN_GENRE"": ""Rock""
  },
  {
    ""CLIENT_DOMAIN"": ""Luminate"",
    ""GENRES"": [
      ""Rock"",
      ""Pop""
    ],
    ""MAIN_GENRE"": ""Rock""
  }
]",2024-09-06,2024-09-12,1,32306.40580329,30598
MRELG965A596468C246CA9F32238ABBE01B11,LUCK AND STRANGE,David Gilmour,"[
  {
    ""CLIENT_DOMAIN"": ""Billboard"",
    ""GENRES"": [
      ""Rock""
    ],
    ""IS_APPROVED"": true,
    ""MAIN_GENRE"": ""Rock""
  },
  {
    ""CLIENT_DOMAIN"": ""Luminate"",
    ""GENRES"": [
      ""Rock"",
      ""Pop""
    ],
    ""MAIN_GENRE"": ""Rock""
  }
]",2024-09-06,2024-09-19,2,8330.84221280,7491
MRELGB00ECA18A2C64CBDB0D5D2A517CB497D,THE LUCK AND STRANGE CONCERTS,David Gilmour,"[
  {
    ""CLIENT_DOMAIN"": ""Billboard"",
    ""GENRES"": [
      ""Rock""
    ],
    ""IS_APPROVED"": true,
    ""MAIN_GENRE"": ""Rock""
  },
  {
    ""CLIENT_DOMAIN"": ""Luminate"",
    ""GENRES"": [
      ""Rock"",
      ""Pop""
    ],
    ""MAIN_GENRE"": ""Rock""
  }
]",2025-10-17,2025-10-23,1,7180.65943607,6469
MRELGB00ECA18A2C64CBDB0D5D2A517CB497D,THE LUCK AND STRANGE CONCERTS,David Gilmour,"[
  {
    ""CLIENT_DOMAIN"": ""Billboard"",
    ""GENRES"": [
      ""Rock""
    ],
    ""IS_APPROVED"": true,
    ""MAIN_GENRE"": ""Rock""
  },
  {
    ""CLIENT_DOMAIN"": ""Luminate"",
    ""GENRES"": [
      ""Rock"",
      ""Pop""
    ],
    ""MAIN_GENRE"": ""Rock""
  }
]",2025-10-17,2025-10-30,2,2783.75646156,2337
MRELG9BB89128EC4244AE9667B04F413E992A,7,David Guetta,"[
  {
    ""CLIENT_DOMAIN"": ""Luminate"",
    ""GENRES"": [
      ""EDM"",
      ""Others"",
      ""Dance & House"",
      ""Pop""
    ],
    ""MAIN_GENRE"": ""Dance & House""
  },
  {
    ""CLIENT_DOMAIN"": ""Billboard"",
    ""GENRES"": [
      ""Dance/Electronic""
    ],
    ""IS_APPROVED"": true,
    ""MAIN_GENRE"": ""Dance/Electronic""
  }
]",2018-09-14,2018-09-20,1,17199.70337688,2905
MRELG9BB89128EC4244AE9667B04F413E992A,7,David Guetta,"[
  {
    ""CLIENT_DOMAIN"": ""Luminate"",
    ""GENRES"": [
      ""EDM"",
      ""Others"",
      ""Dance & House"",
      ""Pop""
    ],
    ""MAIN_GENRE"": ""Dance & House""
  },
  {
    ""CLIENT_DOMAIN"": ""Billboard"",
    ""GENRES"": [
      ""Dance/Electronic""
    ],
    ""IS_APPROVED"": true,
    ""MAIN_GENRE"": ""Dance/Electronic""
  }
]",2018-09-14,2018-09-27,2,10408.22310481,354
MRELGB4EC5FB8EE2B44069C02C46F41EAF073,A Place We Knew,Dean Lewis,"[
  {
    ""CLIENT_DOMAIN"": ""Luminate"",
    ""GENRES"": [
      ""Indie Rock"",
      ""Folk"",
      ""Pop""
    ],
    ""MAIN_GENRE"": ""Pop""
  },
  {
    ""CLIENT_DOMAIN"": ""Billboard"",
    ""GENRES"": [
      ""Folk"",
      ""Pop""
    ],
    ""IS_APPROVED"": true,
    ""MAIN_GENRE"": ""Pop""
  }
]",2019-03-22,2019-03-28,1,17109.44731427,4584
MRELGB4EC5FB8EE2B44069C02C46F41EAF073,A Place We Knew,Dean Lewis,"[
  {
    ""CLIENT_DOMAIN"": ""Luminate"",
    ""GENRES"": [
      ""Indie Rock"",
      ""Folk"",
      ""Pop""
    ],
    ""MAIN_GENRE"": ""Pop""
  },
  {
    ""CLIENT_DOMAIN"": ""Billboard"",
    ""GENRES"": [
      ""Folk"",
      ""Pop""
    ],
    ""IS_APPROVED"": true,
    ""MAIN_GENRE"": ""Pop""
  }
]",2019-03-22,2019-04-04,2,11292.26346737,1110
MRELG3DCEED2EC95A4F1986D65E225B44B713,Private Music,Deftones,"[
  {
    ""CLIENT_DOMAIN"": ""Billboard"",
    ""GENRES"": [
      ""Rock"",
      ""Alt. Rock"",
      ""Hard Rock""
    ],
    ""IS_APPROVED"": true,
    ""MAIN_GENRE"": ""Alt. Rock""
  },
  {
    ""CLIENT_DOMAIN"": ""Luminate"",
    ""GENRES"": [
      ""Rock"",
      ""Metal""
    ],
    ""MAIN_GENRE"": ""Rock""
  }
]",2025-08-22,2025-08-28,1,86368.59593812,65853
MRELG3DCEED2EC95A4F1986D65E225B44B713,Private Music,Deftones,"[
  {
    ""CLIENT_DOMAIN"": ""Billboard"",
    ""GENRES"": [
      ""Rock"",
      ""Alt. Rock"",
      ""Hard Rock""
    ],
    ""IS_APPROVED"": true,
    ""MAIN_GENRE"": ""Alt. Rock""
  },
  {
    ""CLIENT_DOMAIN"": ""Luminate"",
    ""GENRES"": [
      ""Rock"",
      ""Metal""
    ],
    ""MAIN_GENRE"": ""Rock""
  }
]",2025-08-22,2025-09-04,2,21998.64386173,13077
MRELGBB20F5C4E2B54372BC2855A67EFC3BB6,Dancing With The Devil…The Art of Starting Over,Demi Lovato,"[
  {
    ""CLIENT_DOMAIN"": ""Luminate"",
    ""GENRES"": [
      ""Euro Pop"",
      ""Pop""
    ],
    ""MAIN_GENRE"": ""Pop""
  },
  {
    ""CLIENT_DOMAIN"": ""Billboard"",
    ""GENRES"": [
      ""Pop""
    ],
    ""IS_APPROVED"": true,
    ""MAIN_GENRE"": ""Pop""
  }
]",2021-04-01,2021-04-08,1,47501.53408195,12512
MRELGBB20F5C4E2B54372BC2855A67EFC3BB6,Dancing With The Devil…The Art of Starting Over,Demi Lovato,"[
  {
    ""CLIENT_DOMAIN"": ""Luminate"",
    ""GENRES"": [
      ""Euro Pop"",
      ""Pop""
    ],
    ""MAIN_GENRE"": ""Pop""
  },
  {
    ""CLIENT_DOMAIN"": ""Billboard"",
    ""GENRES"": [
      ""Pop""
    ],
    ""IS_APPROVED"": true,
    ""MAIN_GENRE"": ""Pop""
  }
]",2021-04-01,2021-04-15,2,21604.74685306,1377
MRELG4D1D4579DD8A41669669BBE13E85DE41,It’s Not That Deep,Demi Lovato,"[
  {
    ""CLIENT_DOMAIN"": ""Luminate"",
    ""GENRES"": [
      ""EDM"",
      ""Pop""
    ],
    ""MAIN_GENRE"": ""Pop""
  },
  {
    ""CLIENT_DOMAIN"": ""Billboard"",
    ""GENRES"": [
      ""Dance/Electronic"",
      ""Pop""
    ],
    ""IS_APPROVED"": true,
    ""MAIN_GENRE"": ""Pop""
  }
]",2025-10-24,2025-10-30,1,31626.79458049,23980
MRELG4D1D4579DD8A41669669BBE13E85DE41,It’s Not That Deep,Demi Lovato,"[
  {
    ""CLIENT_DOMAIN"": ""Luminate"",
    ""GENRES"": [
      ""EDM"",
      ""Pop""
    ],
    ""MAIN_GENRE"": ""Pop""
  },
  {
    ""CLIENT_DOMAIN"": ""Billboard"",
    ""GENRES"": [
      ""Dance/Electronic"",
      ""Pop""
    ],
    ""IS_APPROVED"": true,
    ""MAIN_GENRE"": ""Pop""
  }
]",2025-10-24,2025-11-06,2,7151.93762324,2459
MRELG3839E9D9311B451C8CAFFFFAAE3AC128,Without Fear,Dermot Kennedy,"[
  {
    ""CLIENT_DOMAIN"": ""Billboard"",
    ""GENRES"": [
      ""Pop""
    ],
    ""IS_APPROVED"": true,
    ""MAIN_GENRE"": ""Pop""
  },
  {
    ""CLIENT_DOMAIN"": ""Luminate"",
    ""GENRES"": [
      ""Jazz"",
      ""Electronica"",
      ""Dance & House"",
      ""Pop""
    ],
    ""MAIN_GENRE"": ""Pop""
  }
]",2019-10-04,2019-10-10,1,21121.99266671,14427
MRELG3839E9D9311B451C8CAFFFFAAE3AC128,Without Fear,Dermot Kennedy,"[
  {
    ""CLIENT_DOMAIN"": ""Billboard"",
    ""GENRES"": [
      ""Pop""
    ],
    ""IS_APPROVED"": true,
    ""MAIN_GENRE"": ""Pop""
  },
  {
    ""CLIENT_DOMAIN"": ""Luminate"",
    ""GENRES"": [
      ""Jazz"",
      ""Electronica"",
      ""Dance & House"",
      ""Pop""
    ],
    ""MAIN_GENRE"": ""Pop""
  }
]",2019-10-04,2019-10-17,2,6225.94061400,1809
MRELG46F557D8B57E402BB438AD6EF6E92BAF,If Looks Could Kill,Destroy Lonely,"[
  {
    ""CLIENT_DOMAIN"": ""Billboard"",
    ""GENRES"": [
      ""Rap"",
      ""R&B/Hip-Hop""
    ],
    ""IS_APPROVED"": true,
    ""MAIN_GENRE"": ""Rap""
  },
  {
    ""CLIENT_DOMAIN"": ""Luminate"",
    ""GENRES"": [
      ""Rap"",
      ""R&B/Hip-Hop""
    ],
    ""MAIN_GENRE"": ""Rap""
  }
]",2023-05-05,2023-05-11,1,28369.97130220,2272
MRELG46F557D8B57E402BB438AD6EF6E92BAF,If Looks Could Kill,Destroy Lonely,"[
  {
    ""CLIENT_DOMAIN"": ""Billboard"",
    ""GENRES"": [
      ""Rap"",
      ""R&B/Hip-Hop""
    ],
    ""IS_APPROVED"": true,
    ""MAIN_GENRE"": ""Rap""
  },
  {
    ""CLIENT_DOMAIN"": ""Luminate"",
    ""GENRES"": [
      ""Rap"",
      ""R&B/Hip-Hop""
    ],
    ""MAIN_GENRE"": ""Rap""
  }
]",2023-05-05,2023-05-18,2,11619.96375957,38
MRELG82DFF1640D0C4F468627163445A18BEA,LOVE LASTS FOREVER,Destroy Lonely,"[
  {
    ""CLIENT_DOMAIN"": ""Billboard"",
    ""GENRES"": [
      ""Rap"",
      ""R&B/Hip-Hop""
    ],
    ""IS_APPROVED"": true,
    ""MAIN_GENRE"": ""Rap""
  },
  {
    ""CLIENT_DOMAIN"": ""Luminate"",
    ""GENRES"": [
      ""Rap"",
      ""R&B/Hip-Hop""
    ],
    ""MAIN_GENRE"": ""Rap""
  }
]",2024-08-30,2024-09-05,1,37660.21699996,19042
MRELG82DFF1640D0C4F468627163445A18BEA,LOVE LASTS FOREVER,Destroy Lonely,"[
  {
    ""CLIENT_DOMAIN"": ""Billboard"",
    ""GENRES"": [
      ""Rap"",
      ""R&B/Hip-Hop""
    ],
    ""IS_APPROVED"": true,
    ""MAIN_GENRE"": ""Rap""
  },
  {
    ""CLIENT_DOMAIN"": ""Luminate"",
    ""GENRES"": [
      ""Rap"",
      ""R&B/Hip-Hop""
    ],
    ""MAIN_GENRE"": ""Rap""
  }
]",2024-08-30,2024-09-12,2,10606.92861352,2743
MRELG7854E166BA1442DB98872618A4F454A3,The Mountain,Dierks Bentley,"[
  {
    ""CLIENT_DOMAIN"": ""Billboard"",
    ""GENRES"": [
      ""Country""
    ],
    ""IS_APPROVED"": true,
    ""MAIN_GENRE"": ""Country""
  },
  {
    ""CLIENT_DOMAIN"": ""Luminate"",
    ""GENRES"": [
      ""Country""
    ],
    ""MAIN_GENRE"": ""Country""
  }
]",2018-06-08,2018-06-14,1,103231.53105599,93569
MRELG7854E166BA1442DB98872618A4F454A3,The Mountain,Dierks Bentley,"[
  {
    ""CLIENT_DOMAIN"": ""Billboard"",
    ""GENRES"": [
      ""Country""
    ],
    ""IS_APPROVED"": true,
    ""MAIN_GENRE"": ""Country""
  },
  {
    ""CLIENT_DOMAIN"": ""Luminate"",
    ""GENRES"": [
      ""Country""
    ],
    ""MAIN_GENRE"": ""Country""
  }
]",2018-06-08,2018-06-21,2,19036.99892840,13361
MRELG5B81707CC34C4ECE98C393A5981D47DF,Evolution,Disturbed,"[
  {
    ""CLIENT_DOMAIN"": ""Luminate"",
    ""GENRES"": [
      ""Rock""
    ],
    ""MAIN_GENRE"": ""Rock""
  },
  {
    ""CLIENT_DOMAIN"": ""Billboard"",
    ""GENRES"": [
      ""Rock"",
      ""Hard Rock"",
      ""Alt. Rock""
    ],
    ""IS_APPROVED"": true,
    ""MAIN_GENRE"": ""Alt. Rock""
  }
]",2018-10-19,2018-10-25,1,72031.86071074,64697
MRELG5B81707CC34C4ECE98C393A5981D47DF,Evolution,Disturbed,"[
  {
    ""CLIENT_DOMAIN"": ""Luminate"",
    ""GENRES"": [
      ""Rock""
    ],
    ""MAIN_GENRE"": ""Rock""
  },
  {
    ""CLIENT_DOMAIN"": ""Billboard"",
    ""GENRES"": [
      ""Rock"",
      ""Hard Rock"",
      ""Alt. Rock""
    ],
    ""IS_APPROVED"": true,
    ""MAIN_GENRE"": ""Alt. Rock""
  }
]",2018-10-19,2018-11-01,2,25948.21486752,21522
MRELG27D4366B1552410CBB7185A5E30A4349,Demons + Paint The Town Red,Doja Cat,"[
  {
    ""CLIENT_DOMAIN"": ""Billboard"",
    ""GENRES"": [
      ""R&B/Hip-Hop"",
      ""Rap"",
      ""Dance/Electronic""
    ],
    ""IS_APPROVED"": false,
    ""MAIN_GENRE"": ""Rap""
  },
  {
    ""CLIENT_DOMAIN"": ""Luminate"",
    ""GENRES"": [
      ""Rap"",
      ""R&B/Hip-Hop"",
      ""Electronica""
    ],
    ""MAIN_GENRE"": ""Rap""
  }
]",2023-09-01,2023-09-07,1,25577.14567481,0
MRELG27D4366B1552410CBB7185A5E30A4349,Demons + Paint The Town Red,Doja Cat,"[
  {
    ""CLIENT_DOMAIN"": ""Billboard"",
    ""GENRES"": [
      ""R&B/Hip-Hop"",
      ""Rap"",
      ""Dance/Electronic""
    ],
    ""IS_APPROVED"": false,
    ""MAIN_GENRE"": ""Rap""
  },
  {
    ""CLIENT_DOMAIN"": ""Luminate"",
    ""GENRES"": [
      ""Rap"",
      ""R&B/Hip-Hop"",
      ""Electronica""
    ],
    ""MAIN_GENRE"": ""Rap""
  }
]",2023-09-01,2023-09-14,2,21879.31388806,0
MRELG0191616695374761A04958DDF865D2C6,Hot Pink,Doja Cat,"[
  {
    ""CLIENT_DOMAIN"": ""Billboard"",
    ""GENRES"": [
      ""R&B"",
      ""R&B/Hip-Hop""
    ],
    ""IS_APPROVED"": true,
    ""MAIN_GENRE"": ""R&B""
  },
  {
    ""CLIENT_DOMAIN"": ""Luminate"",
    ""GENRES"": [
      ""R&B/Hip-Hop"",
      ""Rap""
    ],
    ""MAIN_GENRE"": ""R&B/Hip-Hop""
  }
]",2019-11-07,2019-11-14,1,29465.35268504,2448
MRELG0191616695374761A04958DDF865D2C6,Hot Pink,Doja Cat,"[
  {
    ""CLIENT_DOMAIN"": ""Billboard"",
    ""GENRES"": [
      ""R&B"",
      ""R&B/Hip-Hop""
    ],
    ""IS_APPROVED"": true,
    ""MAIN_GENRE"": ""R&B""
  },
  {
    ""CLIENT_DOMAIN"": ""Luminate"",
    ""GENRES"": [
      ""R&B/Hip-Hop"",
      ""Rap""
    ],
    ""MAIN_GENRE"": ""R&B/Hip-Hop""
  }
]",2019-11-07,2019-11-21,2,22522.91472510,696
MRELG9699572192994C7BB7598F6E44F85FBC,Planet Her,Doja Cat,"[
  {
    ""CLIENT_DOMAIN"": ""Luminate"",
    ""GENRES"": [
      ""Rap"",
      ""R&B/Hip-Hop"",
      ""Electronica"",
      ""Pop""
    ],
    ""MAIN_GENRE"": ""Pop""
  },
  {
    ""CLIENT_DOMAIN"": ""Billboard"",
    ""GENRES"": [
      ""Pop"",
      ""R&B"",
      ""R&B/Hip-Hop""
    ],
    ""IS_APPROVED"": true,
    ""MAIN_GENRE"": ""Pop""
  }
]",2021-06-11,2021-06-17,1,23083.15568081,0
MRELG9699572192994C7BB7598F6E44F85FBC,Planet Her,Doja Cat,"[
  {
    ""CLIENT_DOMAIN"": ""Luminate"",
    ""GENRES"": [
      ""Rap"",
      ""R&B/Hip-Hop"",
      ""Electronica"",
      ""Pop""
    ],
    ""MAIN_GENRE"": ""Pop""
  },
  {
    ""CLIENT_DOMAIN"": ""Billboard"",
    ""GENRES"": [
      ""Pop"",
      ""R&B"",
      ""R&B/Hip-Hop""
    ],
    ""IS_APPROVED"": true,
    ""MAIN_GENRE"": ""Pop""
  }
]",2021-06-11,2021-06-24,2,19174.74375634,0
MRELG1132522FF2B144AD82FF10C618CADEF9,Scarlet,Doja Cat,"[
  {
    ""CLIENT_DOMAIN"": ""Luminate"",
    ""GENRES"": [
      ""Rap"",
      ""R&B/Hip-Hop"",
      ""Electronica""
    ],
    ""MAIN_GENRE"": ""Rap""
  },
  {
    ""CLIENT_DOMAIN"": ""Billboard"",
    ""GENRES"": [
      ""R&B/Hip-Hop"",
      ""Rap""
    ],
    ""IS_APPROVED"": true,
    ""MAIN_GENRE"": ""Rap""
  }
]",2023-09-01,2023-09-07,1,27111.42238818,0
MRELG1132522FF2B144AD82FF10C618CADEF9,Scarlet,Doja Cat,"[
  {
    ""CLIENT_DOMAIN"": ""Luminate"",
    ""GENRES"": [
      ""Rap"",
      ""R&B/Hip-Hop"",
      ""Electronica""
    ],
    ""MAIN_GENRE"": ""Rap""
  },
  {
    ""CLIENT_DOMAIN"": ""Billboard"",
    ""GENRES"": [
      ""R&B/Hip-Hop"",
      ""Rap""
    ],
    ""IS_APPROVED"": true,
    ""MAIN_GENRE"": ""Rap""
  }
]",2023-09-01,2023-09-14,2,23278.76369871,0
MRELG27C6D40837BE463B9EF48EBAC3512A5D,Vie,Doja Cat,"[
  {
    ""CLIENT_DOMAIN"": ""Billboard"",
    ""GENRES"": [
      ""Pop""
    ],
    ""IS_APPROVED"": true,
    ""MAIN_GENRE"": ""Pop""
  },
  {
    ""CLIENT_DOMAIN"": ""Luminate"",
    ""GENRES"": [
      ""Rap"",
      ""R&B/Hip-Hop"",
      ""Electronica"",
      ""Pop""
    ],
    ""MAIN_GENRE"": ""Pop""
  }
]",2025-09-26,2025-10-02,1,57168.36825559,25870
MRELG27C6D40837BE463B9EF48EBAC3512A5D,Vie,Doja Cat,"[
  {
    ""CLIENT_DOMAIN"": ""Billboard"",
    ""GENRES"": [
      ""Pop""
    ],
    ""IS_APPROVED"": true,
    ""MAIN_GENRE"": ""Pop""
  },
  {
    ""CLIENT_DOMAIN"": ""Luminate"",
    ""GENRES"": [
      ""Rap"",
      ""R&B/Hip-Hop"",
      ""Electronica"",
      ""Pop""
    ],
    ""MAIN_GENRE"": ""Pop""
  }
]",2025-09-26,2025-10-09,2,20793.13626840,3669
MRELGEEA2C80C335A402F9956BFD53C3B79C3,SUNBURN,Dominic Fike,"[
  {
    ""CLIENT_DOMAIN"": ""Luminate"",
    ""GENRES"": [
      ""Rock""
    ],
    ""MAIN_GENRE"": ""Rock""
  },
  {
    ""CLIENT_DOMAIN"": ""Billboard"",
    ""GENRES"": [
      ""Rock"",
      ""Alt. Rock""
    ],
    ""IS_APPROVED"": true,
    ""MAIN_GENRE"": ""Alt. Rock""
  }
]",2023-07-07,2023-07-13,1,20929.84685507,2331
MRELGEEA2C80C335A402F9956BFD53C3B79C3,SUNBURN,Dominic Fike,"[
  {
    ""CLIENT_DOMAIN"": ""Luminate"",
    ""GENRES"": [
      ""Rock""
    ],
    ""MAIN_GENRE"": ""Rock""
  },
  {
    ""CLIENT_DOMAIN"": ""Billboard"",
    ""GENRES"": [
      ""Rock"",
      ""Alt. Rock""
    ],
    ""IS_APPROVED"": true,
    ""MAIN_GENRE"": ""Alt. Rock""
  }
]",2023-07-07,2023-07-20,2,12145.42590578,697
MRELG3037A333E4B641478A66FD48C2FFFA68,HARDSTONE PSYCHO,Don Toliver,"[
  {
    ""CLIENT_DOMAIN"": ""Luminate"",
    ""GENRES"": [
      ""Rap"",
      ""R&B/Hip-Hop""
    ],
    ""MAIN_GENRE"": ""Rap""
  },
  {
    ""CLIENT_DOMAIN"": ""Billboard"",
    ""GENRES"": [
      ""Rap"",
      ""R&B/Hip-Hop""
    ],
    ""IS_APPROVED"": true,
    ""MAIN_GENRE"": ""Rap""
  }
]",2024-06-13,2024-06-20,1,76257.80611592,19536
MRELG3037A333E4B641478A66FD48C2FFFA68,HARDSTONE PSYCHO,Don Toliver,"[
  {
    ""CLIENT_DOMAIN"": ""Luminate"",
    ""GENRES"": [
      ""Rap"",
      ""R&B/Hip-Hop""
    ],
    ""MAIN_GENRE"": ""Rap""
  },
  {
    ""CLIENT_DOMAIN"": ""Billboard"",
    ""GENRES"": [
      ""Rap"",
      ""R&B/Hip-Hop""
    ],
    ""IS_APPROVED"": true,
    ""MAIN_GENRE"": ""Rap""
  }
]",2024-06-13,2024-06-27,2,34396.64993786,154
MRELGB8F6A25FE6CF4D31A1197E42E45115C7,HEAVEN OR HELL,Don Toliver,"[
  {
    ""CLIENT_DOMAIN"": ""Luminate"",
    ""GENRES"": [
      ""Rap"",
      ""R&B/Hip-Hop""
    ],
    ""MAIN_GENRE"": ""Rap""
  },
  {
    ""CLIENT_DOMAIN"": ""Billboard"",
    ""GENRES"": [
      ""R&B/Hip-Hop"",
      ""Rap""
    ],
    ""IS_APPROVED"": true,
    ""MAIN_GENRE"": ""Rap""
  }
]",2020-03-13,2020-03-19,1,44006.54022864,3107
MRELGB8F6A25FE6CF4D31A1197E42E45115C7,HEAVEN OR HELL,Don Toliver,"[
  {
    ""CLIENT_DOMAIN"": ""Luminate"",
    ""GENRES"": [
      ""Rap"",
      ""R&B/Hip-Hop""
    ],
    ""MAIN_GENRE"": ""Rap""
  },
  {
    ""CLIENT_DOMAIN"": ""Billboard"",
    ""GENRES"": [
      ""R&B/Hip-Hop"",
      ""Rap""
    ],
    ""IS_APPROVED"": true,
    ""MAIN_GENRE"": ""Rap""
  }
]",2020-03-13,2020-03-26,2,20334.75097642,187
MRELG200D97638AEC4D1C9F06D5B559FE9543,Life Of A Don,Don Toliver,"[
  {
    ""CLIENT_DOMAIN"": ""Billboard"",
    ""GENRES"": [
      ""R&B/Hip-Hop"",
      ""Rap""
    ],
    ""IS_APPROVED"": true,
    ""MAIN_GENRE"": ""Rap""
  },
  {
    ""CLIENT_DOMAIN"": ""Luminate"",
    ""GENRES"": [
      ""Rap"",
      ""R&B/Hip-Hop""
    ],
    ""MAIN_GENRE"": ""Rap""
  }
]",2021-10-07,2021-10-14,1,68057.78058137,18384
MRELG200D97638AEC4D1C9F06D5B559FE9543,Life Of A Don,Don Toliver,"[
  {
    ""CLIENT_DOMAIN"": ""Billboard"",
    ""GENRES"": [
      ""R&B/Hip-Hop"",
      ""Rap""
    ],
    ""IS_APPROVED"": true,
    ""MAIN_GENRE"": ""Rap""
  },
  {
    ""CLIENT_DOMAIN"": ""Luminate"",
    ""GENRES"": [
      ""Rap"",
      ""R&B/Hip-Hop""
    ],
    ""MAIN_GENRE"": ""Rap""
  }
]",2021-10-07,2021-10-21,2,23393.61408680,309
MRELG48301F4EC7F74438A4D4480F5BA39B14,Critical Equation,Dr. Dog,"[
  {
    ""CLIENT_DOMAIN"": ""Billboard"",
    ""GENRES"": [
      ""Rock"",
      ""Alt. Rock"",
      ""Folk""
    ],
    ""IS_APPROVED"": true,
    ""MAIN_GENRE"": ""Alt. Rock""
  },
  {
    ""CLIENT_DOMAIN"": ""Luminate"",
    ""GENRES"": [
      ""Indie Rock"",
      ""Rock"",
      ""Folk""
    ],
    ""MAIN_GENRE"": ""Rock""
  }
]",2018-04-27,2018-05-03,1,7057.61416900,5621
MRELG48301F4EC7F74438A4D4480F5BA39B14,Critical Equation,Dr. Dog,"[
  {
    ""CLIENT_DOMAIN"": ""Billboard"",
    ""GENRES"": [
      ""Rock"",
      ""Alt. Rock"",
      ""Folk""
    ],
    ""IS_APPROVED"": true,
    ""MAIN_GENRE"": ""Alt. Rock""
  },
  {
    ""CLIENT_DOMAIN"": ""Luminate"",
    ""GENRES"": [
      ""Indie Rock"",
      ""Rock"",
      ""Folk""
    ],
    ""MAIN_GENRE"": ""Rock""
  }
]",2018-04-27,2018-05-10,2,1404.42578097,865
MRELG3BF60EA7E6D4403B886AE52662F3372C,Certified Lover Boy,Drake,"[
  {
    ""CLIENT_DOMAIN"": ""Billboard"",
    ""GENRES"": [
      ""R&B/Hip-Hop"",
      ""Rap""
    ],
    ""IS_APPROVED"": true,
    ""MAIN_GENRE"": ""Rap""
  },
  {
    ""CLIENT_DOMAIN"": ""Luminate"",
    ""GENRES"": [
      ""Rap"",
      ""R&B/Hip-Hop""
    ],
    ""MAIN_GENRE"": ""Rap""
  }
]",2021-09-03,2021-09-09,1,612377.16554803,46228
MRELG3BF60EA7E6D4403B886AE52662F3372C,Certified Lover Boy,Drake,"[
  {
    ""CLIENT_DOMAIN"": ""Billboard"",
    ""GENRES"": [
      ""R&B/Hip-Hop"",
      ""Rap""
    ],
    ""IS_APPROVED"": true,
    ""MAIN_GENRE"": ""Rap""
  },
  {
    ""CLIENT_DOMAIN"": ""Luminate"",
    ""GENRES"": [
      ""Rap"",
      ""R&B/Hip-Hop""
    ],
    ""MAIN_GENRE"": ""Rap""
  }
]",2021-09-03,2021-09-16,2,236233.02277019,6566
MRELG2BDB310D84D942D7B99D9F23AD0181E2,Dark Lane Demo Tapes,Drake,"[
  {
    ""CLIENT_DOMAIN"": ""Billboard"",
    ""GENRES"": [
      ""R&B/Hip-Hop"",
      ""Rap""
    ],
    ""IS_APPROVED"": true,
    ""MAIN_GENRE"": ""Rap""
  },
  {
    ""CLIENT_DOMAIN"": ""Luminate"",
    ""GENRES"": [
      ""Rap"",
      ""R&B/Hip-Hop""
    ],
    ""MAIN_GENRE"": ""Rap""
  }
]",2020-05-01,2020-05-07,1,197825.04172426,638
MRELGE5FC0E9E318148A2A15355C48534536A,Dark Lane Demo Tapes,Drake,"[
  {
    ""CLIENT_DOMAIN"": ""Billboard"",
    ""GENRES"": [
      ""Rap"",
      ""R&B/Hip-Hop""
    ],
    ""IS_APPROVED"": true,
    ""MAIN_GENRE"": ""Rap""
  },
  {
    ""CLIENT_DOMAIN"": ""Luminate"",
    ""GENRES"": [
      ""Rap"",
      ""R&B/Hip-Hop""
    ],
    ""MAIN_GENRE"": ""Rap""
  }
]",2020-05-01,2020-05-07,1,222401.22322193,17905
MRELGE5FC0E9E318148A2A15355C48534536A,Dark Lane Demo Tapes,Drake,"[
  {
    ""CLIENT_DOMAIN"": ""Billboard"",
    ""GENRES"": [
      ""Rap"",
      ""R&B/Hip-Hop""
    ],
    ""IS_APPROVED"": true,
    ""MAIN_GENRE"": ""Rap""
  },
  {
    ""CLIENT_DOMAIN"": ""Luminate"",
    ""GENRES"": [
      ""Rap"",
      ""R&B/Hip-Hop""
    ],
    ""MAIN_GENRE"": ""Rap""
  }
]",2020-05-01,2020-05-14,2,79272.50624831,1443
MRELG2BDB310D84D942D7B99D9F23AD0181E2,Dark Lane Demo Tapes,Drake,"[
  {
    ""CLIENT_DOMAIN"": ""Billboard"",
    ""GENRES"": [
      ""R&B/Hip-Hop"",
      ""Rap""
    ],
    ""IS_APPROVED"": true,
    ""MAIN_GENRE"": ""Rap""
  },
  {
    ""CLIENT_DOMAIN"": ""Luminate"",
    ""GENRES"": [
      ""Rap"",
      ""R&B/Hip-Hop""
    ],
    ""MAIN_GENRE"": ""Rap""
  }
]",2020-05-01,2020-05-14,2,74939.09802867,97
MRELG6839BE147DB347A9B8B17C1151B4BCB9,Family Matters,Drake,"[
  {
    ""CLIENT_DOMAIN"": ""Billboard"",
    ""GENRES"": [
      ""R&B/Hip-Hop"",
      ""Rap""
    ],
    ""IS_APPROVED"": true,
    ""MAIN_GENRE"": ""Rap""
  },
  {
    ""CLIENT_DOMAIN"": ""Luminate"",
    ""GENRES"": [
      ""Rap"",
      ""R&B/Hip-Hop""
    ],
    ""MAIN_GENRE"": ""Rap""
  }
]",2024-05-03,2024-05-09,1,25831.20926231,99
MRELG6839BE147DB347A9B8B17C1151B4BCB9,Family Matters,Drake,"[
  {
    ""CLIENT_DOMAIN"": ""Billboard"",
    ""GENRES"": [
      ""R&B/Hip-Hop"",
      ""Rap""
    ],
    ""IS_APPROVED"": true,
    ""MAIN_GENRE"": ""Rap""
  },
  {
    ""CLIENT_DOMAIN"": ""Luminate"",
    ""GENRES"": [
      ""Rap"",
      ""R&B/Hip-Hop""
    ],
    ""MAIN_GENRE"": ""Rap""
  }
]",2024-05-03,2024-05-16,2,12968.49805780,31
MRELG89F48FEBE320409DB54430153D3E25B2,"Honestly, Nevermind",Drake,"[
  {
    ""CLIENT_DOMAIN"": ""Luminate"",
    ""GENRES"": [
      ""EDM"",
      ""Rap"",
      ""R&B/Hip-Hop""
    ],
    ""MAIN_GENRE"": ""Rap""
  },
  {
    ""CLIENT_DOMAIN"": ""Billboard"",
    ""GENRES"": [
      ""R&B"",
      ""R&B/Hip-Hop"",
      ""Dance/Electronic""
    ],
    ""IS_APPROVED"": true,
    ""MAIN_GENRE"": ""Dance/Electronic""
  }
]",2022-06-17,2022-06-23,1,204052.52430350,11177
MRELG89F48FEBE320409DB54430153D3E25B2,"Honestly, Nevermind",Drake,"[
  {
    ""CLIENT_DOMAIN"": ""Luminate"",
    ""GENRES"": [
      ""EDM"",
      ""Rap"",
      ""R&B/Hip-Hop""
    ],
    ""MAIN_GENRE"": ""Rap""
  },
  {
    ""CLIENT_DOMAIN"": ""Billboard"",
    ""GENRES"": [
      ""R&B"",
      ""R&B/Hip-Hop"",
      ""Dance/Electronic""
    ],
    ""IS_APPROVED"": true,
    ""MAIN_GENRE"": ""Dance/Electronic""
  }
]",2022-06-17,2022-06-30,2,73239.06269970,1124
MRELG509E7FD389AE44F19EC2F13B2F49CC19,Laugh Now Cry Later,Drake,"[
  {
    ""CLIENT_DOMAIN"": ""Billboard"",
    ""GENRES"": [
      ""Rap"",
      ""R&B/Hip-Hop""
    ],
    ""IS_APPROVED"": true,
    ""MAIN_GENRE"": ""Rap""
  },
  {
    ""CLIENT_DOMAIN"": ""Luminate"",
    ""GENRES"": [
      ""Rap"",
      ""R&B/Hip-Hop""
    ],
    ""MAIN_GENRE"": ""Rap""
  }
]",2020-08-14,2020-08-20,1,49354.40598257,21
MRELGF9F566E17DEA453EA218B74314DC4860,Laugh Now Cry Later,Drake,"[
  {
    ""CLIENT_DOMAIN"": ""Luminate"",
    ""GENRES"": [
      ""Rock"",
      ""Rap"",
      ""R&B/Hip-Hop""
    ],
    ""MAIN_GENRE"": ""Rap""
  },
  {
    ""CLIENT_DOMAIN"": ""Billboard"",
    ""GENRES"": [
      ""Rap"",
      ""R&B/Hip-Hop""
    ],
    ""IS_APPROVED"": true,
    ""MAIN_GENRE"": ""Rap""
  }
]",2020-08-14,2020-08-20,1,49354.40598257,101
MRELGF9F566E17DEA453EA218B74314DC4860,Laugh Now Cry Later,Drake,"[
  {
    ""CLIENT_DOMAIN"": ""Luminate"",
    ""GENRES"": [
      ""Rock"",
      ""Rap"",
      ""R&B/Hip-Hop""
    ],
    ""MAIN_GENRE"": ""Rap""
  },
  {
    ""CLIENT_DOMAIN"": ""Billboard"",
    ""GENRES"": [
      ""Rap"",
      ""R&B/Hip-Hop""
    ],
    ""IS_APPROVED"": true,
    ""MAIN_GENRE"": ""Rap""
  }
]",2020-08-14,2020-08-27,2,28681.96395607,30
MRELG509E7FD389AE44F19EC2F13B2F49CC19,Laugh Now Cry Later,Drake,"[
  {
    ""CLIENT_DOMAIN"": ""Billboard"",
    ""GENRES"": [
      ""Rap"",
      ""R&B/Hip-Hop""
    ],
    ""IS_APPROVED"": true,
    ""MAIN_GENRE"": ""Rap""
  },
  {
    ""CLIENT_DOMAIN"": ""Luminate"",
    ""GENRES"": [
      ""Rap"",
      ""R&B/Hip-Hop""
    ],
    ""MAIN_GENRE"": ""Rap""
  }
]",2020-08-14,2020-08-27,2,28681.96395607,8
MRELG3C7FE53C3E3E4920A349097BC9D7DA41,Nice For What,Drake,"[
  {
    ""CLIENT_DOMAIN"": ""Luminate"",
    ""GENRES"": [
      ""Rap"",
      ""R&B/Hip-Hop""
    ],
    ""MAIN_GENRE"": ""Rap""
  },
  {
    ""CLIENT_DOMAIN"": ""Billboard"",
    ""GENRES"": [
      ""R&B/Hip-Hop"",
      ""Rap""
    ],
    ""IS_APPROVED"": true,
    ""MAIN_GENRE"": ""Rap""
  }
]",2018-04-06,2018-04-12,1,51840.09156842,202
MRELG0C8545E8143E4E7D8FDCAE62F7F8DA32,Nice For What,Drake,"[
  {
    ""CLIENT_DOMAIN"": ""Luminate"",
    ""GENRES"": [
      ""Rap"",
      ""R&B/Hip-Hop""
    ],
    ""MAIN_GENRE"": ""Rap""
  },
  {
    ""CLIENT_DOMAIN"": ""Billboard"",
    ""GENRES"": [
      ""Rap"",
      ""R&B/Hip-Hop""
    ],
    ""IS_APPROVED"": true,
    ""MAIN_GENRE"": ""Rap""
  }
]",2018-04-06,2018-04-12,1,51840.09156842,392
MRELG0C8545E8143E4E7D8FDCAE62F7F8DA32,Nice For What,Drake,"[
  {
    ""CLIENT_DOMAIN"": ""Luminate"",
    ""GENRES"": [
      ""Rap"",
      ""R&B/Hip-Hop""
    ],
    ""MAIN_GENRE"": ""Rap""
  },
  {
    ""CLIENT_DOMAIN"": ""Billboard"",
    ""GENRES"": [
      ""Rap"",
      ""R&B/Hip-Hop""
    ],
    ""IS_APPROVED"": true,
    ""MAIN_GENRE"": ""Rap""
  }
]",2018-04-06,2018-04-19,2,41810.43121951,219
MRELG3C7FE53C3E3E4920A349097BC9D7DA41,Nice For What,Drake,"[
  {
    ""CLIENT_DOMAIN"": ""Luminate"",
    ""GENRES"": [
      ""Rap"",
      ""R&B/Hip-Hop""
    ],
    ""MAIN_GENRE"": ""Rap""
  },
  {
    ""CLIENT_DOMAIN"": ""Billboard"",
    ""GENRES"": [
      ""R&B/Hip-Hop"",
      ""Rap""
    ],
    ""IS_APPROVED"": true,
    ""MAIN_GENRE"": ""Rap""
  }
]",2018-04-06,2018-04-19,2,41810.43121951,243
MRELGC77D33D898904C9D83358ABBC59AE96B,Push Ups,Drake,"[
  {
    ""CLIENT_DOMAIN"": ""Billboard"",
    ""GENRES"": [
      ""R&B/Hip-Hop"",
      ""Rap""
    ],
    ""IS_APPROVED"": true,
    ""MAIN_GENRE"": ""Rap""
  },
  {
    ""CLIENT_DOMAIN"": ""Luminate"",
    ""GENRES"": [
      ""Rap"",
      ""R&B/Hip-Hop""
    ],
    ""MAIN_GENRE"": ""Rap""
  }
]",2024-04-19,2024-04-25,1,21689.24836055,54
MRELGC77D33D898904C9D83358ABBC59AE96B,Push Ups,Drake,"[
  {
    ""CLIENT_DOMAIN"": ""Billboard"",
    ""GENRES"": [
      ""R&B/Hip-Hop"",
      ""Rap""
    ],
    ""IS_APPROVED"": true,
    ""MAIN_GENRE"": ""Rap""
  },
  {
    ""CLIENT_DOMAIN"": ""Luminate"",
    ""GENRES"": [
      ""Rap"",
      ""R&B/Hip-Hop""
    ],
    ""MAIN_GENRE"": ""Rap""
  }
]",2024-04-19,2024-05-02,2,13944.07832180,31
MRELG7CF01521261B4310B4448665072016BF,Scary Hours,Drake,"[
  {
    ""CLIENT_DOMAIN"": ""Luminate"",
    ""GENRES"": [
      ""Rap"",
      ""R&B/Hip-Hop""
    ],
    ""MAIN_GENRE"": ""Rap""
  },
  {
    ""CLIENT_DOMAIN"": ""Billboard"",
    ""GENRES"": [
      ""Rap"",
      ""R&B/Hip-Hop""
    ],
    ""IS_APPROVED"": true,
    ""MAIN_GENRE"": ""Rap""
  }
]",2018-01-20,2018-01-25,1,92129.27398498,2179
MRELG7CF01521261B4310B4448665072016BF,Scary Hours,Drake,"[
  {
    ""CLIENT_DOMAIN"": ""Luminate"",
    ""GENRES"": [
      ""Rap"",
      ""R&B/Hip-Hop""
    ],
    ""MAIN_GENRE"": ""Rap""
  },
  {
    ""CLIENT_DOMAIN"": ""Billboard"",
    ""GENRES"": [
      ""Rap"",
      ""R&B/Hip-Hop""
    ],
    ""IS_APPROVED"": true,
    ""MAIN_GENRE"": ""Rap""
  }
]",2018-01-20,2018-02-01,2,64434.30300138,964
MRELGD1B6A9D99D7B47CFB9B062AB68003E6D,Scorpion,Drake,"[
  {
    ""CLIENT_DOMAIN"": ""Billboard"",
    ""GENRES"": [
      ""R&B/Hip-Hop"",
      ""Rap""
    ],
    ""IS_APPROVED"": true,
    ""MAIN_GENRE"": ""Rap""
  },
  {
    ""CLIENT_DOMAIN"": ""Luminate"",
    ""GENRES"": [
      ""Rap"",
      ""R&B/Hip-Hop""
    ],
    ""MAIN_GENRE"": ""Rap""
  }
]",2018-06-29,2018-07-05,1,753460.58685735,159771
MRELGD1B6A9D99D7B47CFB9B062AB68003E6D,Scorpion,Drake,"[
  {
    ""CLIENT_DOMAIN"": ""Billboard"",
    ""GENRES"": [
      ""R&B/Hip-Hop"",
      ""Rap""
    ],
    ""IS_APPROVED"": true,
    ""MAIN_GENRE"": ""Rap""
  },
  {
    ""CLIENT_DOMAIN"": ""Luminate"",
    ""GENRES"": [
      ""Rap"",
      ""R&B/Hip-Hop""
    ],
    ""MAIN_GENRE"": ""Rap""
  }
]",2018-06-29,2018-07-12,2,344794.57623198,29354
MRELG7BDAD0AD351B4EEFA544AA7C1E22E105,Search & Rescue,Drake,"[
  {
    ""CLIENT_DOMAIN"": ""Luminate"",
    ""GENRES"": [
      ""Rap"",
      ""R&B/Hip-Hop""
    ],
    ""MAIN_GENRE"": ""Rap""
  },
  {
    ""CLIENT_DOMAIN"": ""Billboard"",
    ""GENRES"": [
      ""R&B/Hip-Hop"",
      ""Rap""
    ],
    ""IS_APPROVED"": true,
    ""MAIN_GENRE"": ""Rap""
  }
]",2023-04-07,2023-04-13,1,25255.69514207,2
MRELGF08147C0D3084C96ADA186A3FE50C86E,Search & Rescue,Drake,"[
  {
    ""CLIENT_DOMAIN"": ""Billboard"",
    ""GENRES"": [
      ""R&B/Hip-Hop"",
      ""Rap""
    ],
    ""IS_APPROVED"": true,
    ""MAIN_GENRE"": ""Rap""
  },
  {
    ""CLIENT_DOMAIN"": ""Luminate"",
    ""GENRES"": [
      ""Rap"",
      ""R&B/Hip-Hop""
    ],
    ""MAIN_GENRE"": ""Rap""
  }
]",2023-04-07,2023-04-13,1,25255.69514207,25
MRELGF08147C0D3084C96ADA186A3FE50C86E,Search & Rescue,Drake,"[
  {
    ""CLIENT_DOMAIN"": ""Billboard"",
    ""GENRES"": [
      ""R&B/Hip-Hop"",
      ""Rap""
    ],
    ""IS_APPROVED"": true,
    ""MAIN_GENRE"": ""Rap""
  },
  {
    ""CLIENT_DOMAIN"": ""Luminate"",
    ""GENRES"": [
      ""Rap"",
      ""R&B/Hip-Hop""
    ],
    ""MAIN_GENRE"": ""Rap""
  }
]",2023-04-07,2023-04-20,2,15298.51772158,15
MRELG7BDAD0AD351B4EEFA544AA7C1E22E105,Search & Rescue,Drake,"[
  {
    ""CLIENT_DOMAIN"": ""Luminate"",
    ""GENRES"": [
      ""Rap"",
      ""R&B/Hip-Hop""
    ],
    ""MAIN_GENRE"": ""Rap""
  },
  {
    ""CLIENT_DOMAIN"": ""Billboard"",
    ""GENRES"": [
      ""R&B/Hip-Hop"",
      ""Rap""
    ],
    ""IS_APPROVED"": true,
    ""MAIN_GENRE"": ""Rap""
  }
]",2023-04-07,2023-04-20,2,15298.51772158,2
MRELG13F7CE10F9B84B77A87BDEB090527EEB,Slime You Out,Drake,"[
  {
    ""CLIENT_DOMAIN"": ""Billboard"",
    ""GENRES"": [
      ""R&B/Hip-Hop"",
      ""Rap""
    ],
    ""IS_APPROVED"": false,
    ""MAIN_GENRE"": ""Rap""
  },
  {
    ""CLIENT_DOMAIN"": ""Luminate"",
    ""GENRES"": [
      ""Rap"",
      ""R&B/Hip-Hop""
    ],
    ""MAIN_GENRE"": ""R&B/Hip-Hop""
  }
]",2023-09-15,2023-09-21,1,24101.13334045,9
MRELG3CD1AC288BD743B0B871CB43C0273877,Slime You Out,Drake,"[
  {
    ""CLIENT_DOMAIN"": ""Luminate"",
    ""GENRES"": [
      ""Rap"",
      ""R&B/Hip-Hop""
    ],
    ""MAIN_GENRE"": ""Rap""
  },
  {
    ""CLIENT_DOMAIN"": ""Billboard"",
    ""GENRES"": [
      ""R&B/Hip-Hop"",
      ""Rap""
    ],
    ""IS_APPROVED"": false,
    ""MAIN_GENRE"": ""Rap""
  }
]",2023-09-15,2023-09-21,1,24101.13334045,0
MRELG13F7CE10F9B84B77A87BDEB090527EEB,Slime You Out,Drake,"[
  {
    ""CLIENT_DOMAIN"": ""Billboard"",
    ""GENRES"": [
      ""R&B/Hip-Hop"",
      ""Rap""
    ],
    ""IS_APPROVED"": false,
    ""MAIN_GENRE"": ""Rap""
  },
  {
    ""CLIENT_DOMAIN"": ""Luminate"",
    ""GENRES"": [
      ""Rap"",
      ""R&B/Hip-Hop""
    ],
    ""MAIN_GENRE"": ""R&B/Hip-Hop""
  }
]",2023-09-15,2023-09-28,2,11916.66791614,8
MRELG3CD1AC288BD743B0B871CB43C0273877,Slime You Out,Drake,"[
  {
    ""CLIENT_DOMAIN"": ""Luminate"",
    ""GENRES"": [
      ""Rap"",
      ""R&B/Hip-Hop""
    ],
    ""MAIN_GENRE"": ""Rap""
  },
  {
    ""CLIENT_DOMAIN"": ""Billboard"",
    ""GENRES"": [
      ""R&B/Hip-Hop"",
      ""Rap""
    ],
    ""IS_APPROVED"": false,
    ""MAIN_GENRE"": ""Rap""
  }
]",2023-09-15,2023-09-28,2,11916.66791614,1
MRELG2A9D01C2142F43DF9600C716F8E542F1,The Best In The World Pack,Drake,"[
  {
    ""CLIENT_DOMAIN"": ""Billboard"",
    ""GENRES"": [
      ""R&B/Hip-Hop"",
      ""Rap""
    ],
    ""IS_APPROVED"": true,
    ""MAIN_GENRE"": ""Rap""
  },
  {
    ""CLIENT_DOMAIN"": ""Luminate"",
    ""GENRES"": [
      ""Rap"",
      ""R&B/Hip-Hop""
    ],
    ""MAIN_GENRE"": ""Rap""
  }
]",2019-06-15,2019-06-20,1,39272.40430343,0
MRELGB32C752058BB4CFEAD45904BD1FDCFD0,The Best In The World Pack,Drake,"[
  {
    ""CLIENT_DOMAIN"": ""Billboard"",
    ""GENRES"": [
      ""R&B/Hip-Hop"",
      ""Rap""
    ],
    ""IS_APPROVED"": true,
    ""MAIN_GENRE"": ""Rap""
  },
  {
    ""CLIENT_DOMAIN"": ""Luminate"",
    ""GENRES"": [
      ""Rap"",
      ""R&B/Hip-Hop""
    ],
    ""MAIN_GENRE"": ""Rap""
  }
]",2019-06-15,2019-06-20,1,39272.40430343,841
MRELGB32C752058BB4CFEAD45904BD1FDCFD0,The Best In The World Pack,Drake,"[
  {
    ""CLIENT_DOMAIN"": ""Billboard"",
    ""GENRES"": [
      ""R&B/Hip-Hop"",
      ""Rap""
    ],
    ""IS_APPROVED"": true,
    ""MAIN_GENRE"": ""Rap""
  },
  {
    ""CLIENT_DOMAIN"": ""Luminate"",
    ""GENRES"": [
      ""Rap"",
      ""R&B/Hip-Hop""
    ],
    ""MAIN_GENRE"": ""Rap""
  }
]",2019-06-15,2019-06-27,2,27359.85260123,387
MRELG2A9D01C2142F43DF9600C716F8E542F1,The Best In The World Pack,Drake,"[
  {
    ""CLIENT_DOMAIN"": ""Billboard"",
    ""GENRES"": [
      ""R&B/Hip-Hop"",
      ""Rap""
    ],
    ""IS_APPROVED"": true,
    ""MAIN_GENRE"": ""Rap""
  },
  {
    ""CLIENT_DOMAIN"": ""Luminate"",
    ""GENRES"": [
      ""Rap"",
      ""R&B/Hip-Hop""
    ],
    ""MAIN_GENRE"": ""Rap""
  }
]",2019-06-15,2019-06-27,2,27359.85260123,0
MRELG4AB1A74D9DE8428384E0F5793BD83F3A,You Broke My Heart,Drake,"[
  {
    ""CLIENT_DOMAIN"": ""Luminate"",
    ""GENRES"": [
      ""Rap"",
      ""R&B/Hip-Hop""
    ],
    ""MAIN_GENRE"": ""R&B/Hip-Hop""
  },
  {
    ""CLIENT_DOMAIN"": ""Billboard"",
    ""GENRES"": [
      ""R&B/Hip-Hop"",
      ""Rap""
    ],
    ""IS_APPROVED"": false,
    ""MAIN_GENRE"": ""Rap""
  }
]",2023-11-23,2023-11-30,1,6814.57867033,0
MRELG4AB1A74D9DE8428384E0F5793BD83F3A,You Broke My Heart,Drake,"[
  {
    ""CLIENT_DOMAIN"": ""Luminate"",
    ""GENRES"": [
      ""Rap"",
      ""R&B/Hip-Hop""
    ],
    ""MAIN_GENRE"": ""R&B/Hip-Hop""
  },
  {
    ""CLIENT_DOMAIN"": ""Billboard"",
    ""GENRES"": [
      ""R&B/Hip-Hop"",
      ""Rap""
    ],
    ""IS_APPROVED"": false,
    ""MAIN_GENRE"": ""Rap""
  }
]",2023-11-23,2023-12-07,2,5633.77308766,1
MRELG8A16B6CC23F74BF18192D7F37411DB30,Slime You Out,Drake Feat. SZA,"[
  {
    ""CLIENT_DOMAIN"": ""Luminate"",
    ""GENRES"": [
      ""Rap"",
      ""R&B/Hip-Hop""
    ],
    ""MAIN_GENRE"": ""Rap""
  },
  {
    ""CLIENT_DOMAIN"": ""Billboard"",
    ""GENRES"": [
      ""R&B/Hip-Hop"",
      ""Rap""
    ],
    ""IS_APPROVED"": false,
    ""MAIN_GENRE"": ""Rap""
  }
]",2023-09-15,2023-09-21,1,24101.13334045,0
MRELG8A16B6CC23F74BF18192D7F37411DB30,Slime You Out,Drake Feat. SZA,"[
  {
    ""CLIENT_DOMAIN"": ""Luminate"",
    ""GENRES"": [
      ""Rap"",
      ""R&B/Hip-Hop""
    ],
    ""MAIN_GENRE"": ""Rap""
  },
  {
    ""CLIENT_DOMAIN"": ""Billboard"",
    ""GENRES"": [
      ""R&B/Hip-Hop"",
      ""Rap""
    ],
    ""IS_APPROVED"": false,
    ""MAIN_GENRE"": ""Rap""
  }
]",2023-09-15,2023-09-28,2,11916.66791614,0
MRELG47BDDB23F0494D058A76FA62B21FD9EF,Her Loss,"Drake, 21 Savage","[
  {
    ""CLIENT_DOMAIN"": ""Billboard"",
    ""GENRES"": [
      ""R&B/Hip-Hop"",
      ""Rap""
    ],
    ""IS_APPROVED"": true,
    ""MAIN_GENRE"": ""Rap""
  },
  {
    ""CLIENT_DOMAIN"": ""Luminate"",
    ""GENRES"": [
      ""Rap"",
      ""R&B/Hip-Hop""
    ],
    ""MAIN_GENRE"": ""Rap""
  }
]",2022-11-04,2022-11-10,1,404114.20107260,12190
MRELG47BDDB23F0494D058A76FA62B21FD9EF,Her Loss,"Drake, 21 Savage","[
  {
    ""CLIENT_DOMAIN"": ""Billboard"",
    ""GENRES"": [
      ""R&B/Hip-Hop"",
      ""Rap""
    ],
    ""IS_APPROVED"": true,
    ""MAIN_GENRE"": ""Rap""
  },
  {
    ""CLIENT_DOMAIN"": ""Luminate"",
    ""GENRES"": [
      ""Rap"",
      ""R&B/Hip-Hop""
    ],
    ""MAIN_GENRE"": ""Rap""
  }
]",2022-11-04,2022-11-17,2,170037.27890229,1455
MRELGCA2EF031F2E740E3AD3D9309316BBF99,Revenge Of The Dreamers III,Dreamville,"[
  {
    ""CLIENT_DOMAIN"": ""Billboard"",
    ""GENRES"": [
      ""Rap"",
      ""R&B/Hip-Hop""
    ],
    ""IS_APPROVED"": true,
    ""MAIN_GENRE"": ""Rap""
  },
  {
    ""CLIENT_DOMAIN"": ""Luminate"",
    ""GENRES"": [
      ""Rap"",
      ""R&B/Hip-Hop""
    ],
    ""MAIN_GENRE"": ""Rap""
  }
]",2019-07-04,2019-07-11,1,39511.99798356,0
MRELGCA2EF031F2E740E3AD3D9309316BBF99,Revenge Of The Dreamers III,Dreamville,"[
  {
    ""CLIENT_DOMAIN"": ""Billboard"",
    ""GENRES"": [
      ""Rap"",
      ""R&B/Hip-Hop""
    ],
    ""IS_APPROVED"": true,
    ""MAIN_GENRE"": ""Rap""
  },
  {
    ""CLIENT_DOMAIN"": ""Luminate"",
    ""GENRES"": [
      ""Rap"",
      ""R&B/Hip-Hop""
    ],
    ""MAIN_GENRE"": ""Rap""
  }
]",2019-07-04,2019-07-18,2,25448.44986507,80
MRELGACFDFCA0C2B346898FFD4507090EFC48,Future Nostalgia,Dua Lipa,"[
  {
    ""CLIENT_DOMAIN"": ""Luminate"",
    ""GENRES"": [
      ""Pop"",
      ""Electronica""
    ],
    ""MAIN_GENRE"": ""Pop""
  },
  {
    ""CLIENT_DOMAIN"": ""Billboard"",
    ""GENRES"": [
      ""Pop""
    ],
    ""IS_APPROVED"": true,
    ""MAIN_GENRE"": ""Pop""
  }
]",2020-03-27,2020-04-02,1,64963.07087520,17948
MRELGACFDFCA0C2B346898FFD4507090EFC48,Future Nostalgia,Dua Lipa,"[
  {
    ""CLIENT_DOMAIN"": ""Luminate"",
    ""GENRES"": [
      ""Pop"",
      ""Electronica""
    ],
    ""MAIN_GENRE"": ""Pop""
  },
  {
    ""CLIENT_DOMAIN"": ""Billboard"",
    ""GENRES"": [
      ""Pop""
    ],
    ""IS_APPROVED"": true,
    ""MAIN_GENRE"": ""Pop""
  }
]",2020-03-27,2020-04-09,2,37603.27334938,6684
MRELG28C208A3F93449EFA58624C84CDEA8B5,Physical,Dua Lipa,"[
  {
    ""CLIENT_DOMAIN"": ""Luminate"",
    ""GENRES"": [
      ""Latin"",
      ""EDM"",
      ""Electronica"",
      ""Dance & House"",
      ""Pop""
    ],
    ""MAIN_GENRE"": ""Pop""
  },
  {
    ""CLIENT_DOMAIN"": ""Billboard"",
    ""GENRES"": [
      ""Pop""
    ],
    ""IS_APPROVED"": true,
    ""MAIN_GENRE"": ""Pop""
  }
]",2020-01-30,2020-02-06,1,17947.73021319,12
MRELG28C208A3F93449EFA58624C84CDEA8B5,Physical,Dua Lipa,"[
  {
    ""CLIENT_DOMAIN"": ""Luminate"",
    ""GENRES"": [
      ""Latin"",
      ""EDM"",
      ""Electronica"",
      ""Dance & House"",
      ""Pop""
    ],
    ""MAIN_GENRE"": ""Pop""
  },
  {
    ""CLIENT_DOMAIN"": ""Billboard"",
    ""GENRES"": [
      ""Pop""
    ],
    ""IS_APPROVED"": true,
    ""MAIN_GENRE"": ""Pop""
  }
]",2020-01-30,2020-02-13,2,16412.84019577,8
MRELG9393474A051741179F53EE074D757CDA,Radical Optimism,Dua Lipa,"[
  {
    ""CLIENT_DOMAIN"": ""Luminate"",
    ""GENRES"": [
      ""EDM"",
      ""Electronica"",
      ""Pop""
    ],
    ""MAIN_GENRE"": ""Pop""
  },
  {
    ""CLIENT_DOMAIN"": ""Billboard"",
    ""GENRES"": [
      ""Pop""
    ],
    ""IS_APPROVED"": true,
    ""MAIN_GENRE"": ""Pop""
  }
]",2024-05-02,2024-05-09,1,86077.02937679,55080
MRELG9393474A051741179F53EE074D757CDA,Radical Optimism,Dua Lipa,"[
  {
    ""CLIENT_DOMAIN"": ""Luminate"",
    ""GENRES"": [
      ""EDM"",
      ""Electronica"",
      ""Pop""
    ],
    ""MAIN_GENRE"": ""Pop""
  },
  {
    ""CLIENT_DOMAIN"": ""Billboard"",
    ""GENRES"": [
      ""Pop""
    ],
    ""IS_APPROVED"": true,
    ""MAIN_GENRE"": ""Pop""
  }
]",2024-05-02,2024-05-16,2,25000.64596761,6733
MRELG8C23A1A9695F4A5FB058390334B2C0F9,FUTURE PAST,Duran Duran,"[
  {
    ""CLIENT_DOMAIN"": ""Billboard"",
    ""GENRES"": [
      ""Rock"",
      ""Alt. Rock""
    ],
    ""IS_APPROVED"": true,
    ""MAIN_GENRE"": ""Alt. Rock""
  },
  {
    ""CLIENT_DOMAIN"": ""Luminate"",
    ""GENRES"": [
      ""Rock"",
      ""Alternative""
    ],
    ""MAIN_GENRE"": ""Rock""
  }
]",2021-10-22,2021-10-28,1,17929.64514490,17251
MRELG8C23A1A9695F4A5FB058390334B2C0F9,FUTURE PAST,Duran Duran,"[
  {
    ""CLIENT_DOMAIN"": ""Billboard"",
    ""GENRES"": [
      ""Rock"",
      ""Alt. Rock""
    ],
    ""IS_APPROVED"": true,
    ""MAIN_GENRE"": ""Alt. Rock""
  },
  {
    ""CLIENT_DOMAIN"": ""Luminate"",
    ""GENRES"": [
      ""Rock"",
      ""Alternative""
    ],
    ""MAIN_GENRE"": ""Rock""
  }
]",2021-10-22,2021-11-04,2,4447.22335763,4134
MRELGF02D0780D60D4912B0F8AF31C7197CEB,LIVE FROM THE FORUM MMXVIII,EAGLES,"[
  {
    ""CLIENT_DOMAIN"": ""Billboard"",
    ""GENRES"": [
      ""Rock""
    ],
    ""IS_APPROVED"": true,
    ""MAIN_GENRE"": ""Rock""
  },
  {
    ""CLIENT_DOMAIN"": ""Luminate"",
    ""GENRES"": [
      ""Rock"",
      ""Pop""
    ],
    ""MAIN_GENRE"": ""Rock""
  }
]",2020-10-16,2020-10-22,1,31235.80923372,18016
MRELGF02D0780D60D4912B0F8AF31C7197CEB,LIVE FROM THE FORUM MMXVIII,EAGLES,"[
  {
    ""CLIENT_DOMAIN"": ""Billboard"",
    ""GENRES"": [
      ""Rock""
    ],
    ""IS_APPROVED"": true,
    ""MAIN_GENRE"": ""Rock""
  },
  {
    ""CLIENT_DOMAIN"": ""Luminate"",
    ""GENRES"": [
      ""Rock"",
      ""Pop""
    ],
    ""MAIN_GENRE"": ""Rock""
  }
]",2020-10-16,2020-10-29,2,17616.06519974,6157
MRELGC17D8C5138CC4277B601E244E622BE96,-,ED SHEERAN,"[
  {
    ""CLIENT_DOMAIN"": ""Luminate"",
    ""GENRES"": [
      ""Pop""
    ],
    ""MAIN_GENRE"": ""Pop""
  },
  {
    ""CLIENT_DOMAIN"": ""Billboard"",
    ""GENRES"": [
      ""Pop""
    ],
    ""IS_APPROVED"": true,
    ""MAIN_GENRE"": ""Pop""
  }
]",2023-05-05,2023-05-11,1,110517.32708156,79609
MRELGC17D8C5138CC4277B601E244E622BE96,-,ED SHEERAN,"[
  {
    ""CLIENT_DOMAIN"": ""Luminate"",
    ""GENRES"": [
      ""Pop""
    ],
    ""MAIN_GENRE"": ""Pop""
  },
  {
    ""CLIENT_DOMAIN"": ""Billboard"",
    ""GENRES"": [
      ""Pop""
    ],
    ""IS_APPROVED"": true,
    ""MAIN_GENRE"": ""Pop""
  }
]",2023-05-05,2023-05-18,2,39009.08396190,18840
MRELGCD8858546B6A462BA0292C5715747FA2,AUTUMN VARIATIONS,ED SHEERAN,"[
  {
    ""CLIENT_DOMAIN"": ""Luminate"",
    ""GENRES"": [
      ""Rock"",
      ""Folk"",
      ""Pop""
    ],
    ""MAIN_GENRE"": ""Pop""
  },
  {
    ""CLIENT_DOMAIN"": ""Billboard"",
    ""GENRES"": [
      ""Pop"",
      ""Folk""
    ],
    ""IS_APPROVED"": true,
    ""MAIN_GENRE"": ""Pop""
  }
]",2023-09-29,2023-10-05,1,46365.10921047,31281
MRELGCD8858546B6A462BA0292C5715747FA2,AUTUMN VARIATIONS,ED SHEERAN,"[
  {
    ""CLIENT_DOMAIN"": ""Luminate"",
    ""GENRES"": [
      ""Rock"",
      ""Folk"",
      ""Pop""
    ],
    ""MAIN_GENRE"": ""Pop""
  },
  {
    ""CLIENT_DOMAIN"": ""Billboard"",
    ""GENRES"": [
      ""Pop"",
      ""Folk""
    ],
    ""IS_APPROVED"": true,
    ""MAIN_GENRE"": ""Pop""
  }
]",2023-09-29,2023-10-12,2,10106.74989060,4456
MRELG2F4A3630AD694CAFA5E5CF70335B167D,NO.6 COLLABORATIONS PROJECT,ED SHEERAN,"[
  {
    ""CLIENT_DOMAIN"": ""Luminate"",
    ""GENRES"": [
      ""Pop""
    ],
    ""MAIN_GENRE"": ""Pop""
  },
  {
    ""CLIENT_DOMAIN"": ""Billboard"",
    ""GENRES"": [
      ""Pop""
    ],
    ""IS_APPROVED"": true,
    ""MAIN_GENRE"": ""Pop""
  }
]",2019-05-24,2019-05-30,1,25966.69064665,0
MRELG2F4A3630AD694CAFA5E5CF70335B167D,NO.6 COLLABORATIONS PROJECT,ED SHEERAN,"[
  {
    ""CLIENT_DOMAIN"": ""Luminate"",
    ""GENRES"": [
      ""Pop""
    ],
    ""MAIN_GENRE"": ""Pop""
  },
  {
    ""CLIENT_DOMAIN"": ""Billboard"",
    ""GENRES"": [
      ""Pop""
    ],
    ""IS_APPROVED"": true,
    ""MAIN_GENRE"": ""Pop""
  }
]",2019-05-24,2019-06-06,2,22011.96490951,0
MRELGF3B6511A546B4F6D887372E2601D35F9,I DON'T CARE (WITH JUSTIN BIEBER),ED SHEERAN & JUSTIN BIEBER,"[
  {
    ""CLIENT_DOMAIN"": ""Billboard"",
    ""GENRES"": [
      ""Pop""
    ],
    ""IS_APPROVED"": true,
    ""MAIN_GENRE"": ""Pop""
  },
  {
    ""CLIENT_DOMAIN"": ""Luminate"",
    ""GENRES"": [
      ""Classical"",
      ""EDM"",
      ""Spoken & Audio"",
      ""Pop""
    ],
    ""MAIN_GENRE"": ""Pop""
  }
]",2019-05-09,2019-05-16,1,31917.31926364,409
MRELGF3B6511A546B4F6D887372E2601D35F9,I DON'T CARE (WITH JUSTIN BIEBER),ED SHEERAN & JUSTIN BIEBER,"[
  {
    ""CLIENT_DOMAIN"": ""Billboard"",
    ""GENRES"": [
      ""Pop""
    ],
    ""IS_APPROVED"": true,
    ""MAIN_GENRE"": ""Pop""
  },
  {
    ""CLIENT_DOMAIN"": ""Luminate"",
    ""GENRES"": [
      ""Classical"",
      ""EDM"",
      ""Spoken & Audio"",
      ""Pop""
    ],
    ""MAIN_GENRE"": ""Pop""
  }
]",2019-05-09,2019-05-23,2,19431.39240104,161
MRELG232E867DEDDF4295930F5E77174121AF,no future,EDEN,"[
  {
    ""CLIENT_DOMAIN"": ""Billboard"",
    ""GENRES"": [
      ""Alt. Rock"",
      ""Pop""
    ],
    ""IS_APPROVED"": true,
    ""MAIN_GENRE"": ""Pop""
  },
  {
    ""CLIENT_DOMAIN"": ""Luminate"",
    ""GENRES"": [
      ""Indie Rock"",
      ""Rock"",
      ""Alternative"",
      ""Electronica"",
      ""Pop""
    ],
    ""MAIN_GENRE"": ""Rock""
  }
]",2020-02-14,2020-02-20,1,20462.52117785,16851
MRELG232E867DEDDF4295930F5E77174121AF,no future,EDEN,"[
  {
    ""CLIENT_DOMAIN"": ""Billboard"",
    ""GENRES"": [
      ""Alt. Rock"",
      ""Pop""
    ],
    ""IS_APPROVED"": true,
    ""MAIN_GENRE"": ""Pop""
  },
  {
    ""CLIENT_DOMAIN"": ""Luminate"",
    ""GENRES"": [
      ""Indie Rock"",
      ""Rock"",
      ""Alternative"",
      ""Electronica"",
      ""Pop""
    ],
    ""MAIN_GENRE"": ""Rock""
  }
]",2020-02-14,2020-02-27,2,2654.83011709,1281
MRELG8B7362E2CFD146A69FBAE93ED11D29E5,3MEN2 KBRN,ELADIO CARRION,"[
  {
    ""CLIENT_DOMAIN"": ""Billboard"",
    ""GENRES"": [
      ""Latin - Rhythm"",
      ""Latin""
    ],
    ""IS_APPROVED"": true,
    ""MAIN_GENRE"": ""Latin - Rhythm""
  },
  {
    ""CLIENT_DOMAIN"": ""Luminate"",
    ""GENRES"": [
      ""Latin"",
      ""Rap""
    ],
    ""MAIN_GENRE"": ""Latin""
  }
]",2023-03-17,2023-03-23,1,24538.31326730,380
MRELG8B7362E2CFD146A69FBAE93ED11D29E5,3MEN2 KBRN,ELADIO CARRION,"[
  {
    ""CLIENT_DOMAIN"": ""Billboard"",
    ""GENRES"": [
      ""Latin - Rhythm"",
      ""Latin""
    ],
    ""IS_APPROVED"": true,
    ""MAIN_GENRE"": ""Latin - Rhythm""
  },
  {
    ""CLIENT_DOMAIN"": ""Luminate"",
    ""GENRES"": [
      ""Latin"",
      ""Rap""
    ],
    ""MAIN_GENRE"": ""Latin""
  }
]",2023-03-17,2023-03-30,2,14782.81977012,41
MRELGE7EED5E10B3F441185D9A9CA660C5CBC,DON KBRN,ELADIO CARRION,"[
  {
    ""CLIENT_DOMAIN"": ""Billboard"",
    ""GENRES"": [
      ""Latin"",
      ""Latin - Rhythm""
    ],
    ""IS_APPROVED"": true,
    ""MAIN_GENRE"": ""Latin - Rhythm""
  },
  {
    ""CLIENT_DOMAIN"": ""Luminate"",
    ""GENRES"": [
      ""Latin""
    ],
    ""MAIN_GENRE"": ""Latin""
  }
]",2025-04-03,2025-04-10,1,19600.30385845,148
MRELGE7EED5E10B3F441185D9A9CA660C5CBC,DON KBRN,ELADIO CARRION,"[
  {
    ""CLIENT_DOMAIN"": ""Billboard"",
    ""GENRES"": [
      ""Latin"",
      ""Latin - Rhythm""
    ],
    ""IS_APPROVED"": true,
    ""MAIN_GENRE"": ""Latin - Rhythm""
  },
  {
    ""CLIENT_DOMAIN"": ""Luminate"",
    ""GENRES"": [
      ""Latin""
    ],
    ""MAIN_GENRE"": ""Latin""
  }
]",2025-04-03,2025-04-17,2,9161.86426890,27
MRELG82BCF5DBCD644CD5925D0663B01693F1,DESIRE : UNLEASH,ENHYPEN,"[
  {
    ""CLIENT_DOMAIN"": ""Luminate"",
    ""GENRES"": [
      ""K-Pop""
    ],
    ""MAIN_GENRE"": ""K-Pop""
  },
  {
    ""CLIENT_DOMAIN"": ""Billboard"",
    ""GENRES"": [
      ""K-Pop"",
      ""World Music""
    ],
    ""IS_APPROVED"": true,
    ""MAIN_GENRE"": ""K-Pop""
  }
]",2025-06-05,2025-06-12,1,100719.94331278,95544
MRELG82BCF5DBCD644CD5925D0663B01693F1,DESIRE : UNLEASH,ENHYPEN,"[
  {
    ""CLIENT_DOMAIN"": ""Luminate"",
    ""GENRES"": [
      ""K-Pop""
    ],
    ""MAIN_GENRE"": ""K-Pop""
  },
  {
    ""CLIENT_DOMAIN"": ""Billboard"",
    ""GENRES"": [
      ""K-Pop"",
      ""World Music""
    ],
    ""IS_APPROVED"": true,
    ""MAIN_GENRE"": ""K-Pop""
  }
]",2025-06-05,2025-06-19,2,31226.29893837,28680
MRELG907EED68DEA24C82938FFD255CBC199F,ORANGE BLOOD,ENHYPEN,"[
  {
    ""CLIENT_DOMAIN"": ""Luminate"",
    ""GENRES"": [
      ""K-Pop""
    ],
    ""MAIN_GENRE"": ""K-Pop""
  },
  {
    ""CLIENT_DOMAIN"": ""Billboard"",
    ""GENRES"": [
      ""K-Pop"",
      ""World Music""
    ],
    ""IS_APPROVED"": true,
    ""MAIN_GENRE"": ""K-Pop""
  }
]",2023-11-16,2023-11-23,1,96852.03407458,93562
MRELG907EED68DEA24C82938FFD255CBC199F,ORANGE BLOOD,ENHYPEN,"[
  {
    ""CLIENT_DOMAIN"": ""Luminate"",
    ""GENRES"": [
      ""K-Pop""
    ],
    ""MAIN_GENRE"": ""K-Pop""
  },
  {
    ""CLIENT_DOMAIN"": ""Billboard"",
    ""GENRES"": [
      ""K-Pop"",
      ""World Music""
    ],
    ""IS_APPROVED"": true,
    ""MAIN_GENRE"": ""K-Pop""
  }
]",2023-11-16,2023-11-30,2,26495.27647589,24544
MRELG5FA9A0E839BD4CCB9C17DA43A3867F16,Romance: Untold,ENHYPEN,"[
  {
    ""CLIENT_DOMAIN"": ""Luminate"",
    ""GENRES"": [
      ""K-Pop""
    ],
    ""MAIN_GENRE"": ""K-Pop""
  },
  {
    ""CLIENT_DOMAIN"": ""Billboard"",
    ""GENRES"": [
      ""World Music"",
      ""K-Pop""
    ],
    ""IS_APPROVED"": true,
    ""MAIN_GENRE"": ""K-Pop""
  }
]",2024-07-12,2024-07-18,1,123103.19110829,116324
MRELG5FA9A0E839BD4CCB9C17DA43A3867F16,Romance: Untold,ENHYPEN,"[
  {
    ""CLIENT_DOMAIN"": ""Luminate"",
    ""GENRES"": [
      ""K-Pop""
    ],
    ""MAIN_GENRE"": ""K-Pop""
  },
  {
    ""CLIENT_DOMAIN"": ""Billboard"",
    ""GENRES"": [
      ""World Music"",
      ""K-Pop""
    ],
    ""IS_APPROVED"": true,
    ""MAIN_GENRE"": ""K-Pop""
  }
]",2024-07-12,2024-07-25,2,33945.96057884,30625
MRELG3E0DBFAA29194E3698FD65C6D037CF2A,Heart,ERIC CHURCH,"[
  {
    ""CLIENT_DOMAIN"": ""Billboard"",
    ""GENRES"": [
      ""Country""
    ],
    ""IS_APPROVED"": true,
    ""MAIN_GENRE"": ""Country""
  },
  {
    ""CLIENT_DOMAIN"": ""Luminate"",
    ""GENRES"": [
      ""Latin"",
      ""Country""
    ],
    ""MAIN_GENRE"": ""Country""
  }
]",2021-04-16,2021-04-22,1,48035.74126627,40368
MRELG3E0DBFAA29194E3698FD65C6D037CF2A,Heart,ERIC CHURCH,"[
  {
    ""CLIENT_DOMAIN"": ""Billboard"",
    ""GENRES"": [
      ""Country""
    ],
    ""IS_APPROVED"": true,
    ""MAIN_GENRE"": ""Country""
  },
  {
    ""CLIENT_DOMAIN"": ""Luminate"",
    ""GENRES"": [
      ""Latin"",
      ""Country""
    ],
    ""MAIN_GENRE"": ""Country""
  }
]",2021-04-16,2021-04-29,2,11676.18071189,7726
MRELGA306ACF6F90041BA81B949DE264F76D3,Soul,ERIC CHURCH,"[
  {
    ""CLIENT_DOMAIN"": ""Billboard"",
    ""GENRES"": [
      ""Country""
    ],
    ""IS_APPROVED"": true,
    ""MAIN_GENRE"": ""Country""
  },
  {
    ""CLIENT_DOMAIN"": ""Luminate"",
    ""GENRES"": [
      ""Country""
    ],
    ""MAIN_GENRE"": ""Country""
  }
]",2021-04-23,2021-04-29,1,51812.23015033,41799
MRELGA306ACF6F90041BA81B949DE264F76D3,Soul,ERIC CHURCH,"[
  {
    ""CLIENT_DOMAIN"": ""Billboard"",
    ""GENRES"": [
      ""Country""
    ],
    ""IS_APPROVED"": true,
    ""MAIN_GENRE"": ""Country""
  },
  {
    ""CLIENT_DOMAIN"": ""Luminate"",
    ""GENRES"": [
      ""Country""
    ],
    ""MAIN_GENRE"": ""Country""
  }
]",2021-04-23,2021-05-06,2,12753.87190048,5324
MRELG8279E6C9D0A14C99AC9593A0DB49E918,I Never Felt Nun,EST Gee,"[
  {
    ""CLIENT_DOMAIN"": ""Billboard"",
    ""GENRES"": [
      ""R&B/Hip-Hop"",
      ""Rap""
    ],
    ""IS_APPROVED"": true,
    ""MAIN_GENRE"": ""Rap""
  },
  {
    ""CLIENT_DOMAIN"": ""Luminate"",
    ""GENRES"": [
      ""Rap"",
      ""R&B/Hip-Hop""
    ],
    ""MAIN_GENRE"": ""Rap""
  }
]",2022-09-16,2022-09-22,1,30131.18546224,757
MRELG8279E6C9D0A14C99AC9593A0DB49E918,I Never Felt Nun,EST Gee,"[
  {
    ""CLIENT_DOMAIN"": ""Billboard"",
    ""GENRES"": [
      ""R&B/Hip-Hop"",
      ""Rap""
    ],
    ""IS_APPROVED"": true,
    ""MAIN_GENRE"": ""Rap""
  },
  {
    ""CLIENT_DOMAIN"": ""Luminate"",
    ""GENRES"": [
      ""Rap"",
      ""R&B/Hip-Hop""
    ],
    ""MAIN_GENRE"": ""Rap""
  }
]",2022-09-16,2022-09-29,2,15204.91550717,74
MRELG6C6715C724664FBF97D65D28B5B28DE6,Last Ones Left,"EST Gee, 42 Dugg","[
  {
    ""CLIENT_DOMAIN"": ""Luminate"",
    ""GENRES"": [
      ""Rap"",
      ""R&B/Hip-Hop""
    ],
    ""MAIN_GENRE"": ""Rap""
  },
  {
    ""CLIENT_DOMAIN"": ""Billboard"",
    ""GENRES"": [
      ""R&B/Hip-Hop"",
      ""Rap""
    ],
    ""IS_APPROVED"": true,
    ""MAIN_GENRE"": ""Rap""
  }
]",2022-04-08,2022-04-14,1,30229.95703670,3508
MRELG6C6715C724664FBF97D65D28B5B28DE6,Last Ones Left,"EST Gee, 42 Dugg","[
  {
    ""CLIENT_DOMAIN"": ""Luminate"",
    ""GENRES"": [
      ""Rap"",
      ""R&B/Hip-Hop""
    ],
    ""MAIN_GENRE"": ""Rap""
  },
  {
    ""CLIENT_DOMAIN"": ""Billboard"",
    ""GENRES"": [
      ""R&B/Hip-Hop"",
      ""Rap""
    ],
    ""IS_APPROVED"": true,
    ""MAIN_GENRE"": ""Rap""
  }
]",2022-04-08,2022-04-21,2,15342.52770704,75
MRELGC03CF7360BB2428789D69D46B765D6E0,Fuse,EVERYTHING BUT THE GIRL,"[
  {
    ""CLIENT_DOMAIN"": ""Luminate"",
    ""GENRES"": [
      ""Indie Rock"",
      ""EDM"",
      ""Rock"",
      ""Electronica"",
      ""Pop""
    ],
    ""MAIN_GENRE"": ""EDM""
  },
  {
    ""CLIENT_DOMAIN"": ""Billboard"",
    ""GENRES"": [
      ""Alt. Rock"",
      ""Dance/Electronic""
    ],
    ""IS_APPROVED"": true,
    ""MAIN_GENRE"": ""Dance/Electronic""
  }
]",2023-04-21,2023-04-27,1,10277.56755646,9701
MRELGC03CF7360BB2428789D69D46B765D6E0,Fuse,EVERYTHING BUT THE GIRL,"[
  {
    ""CLIENT_DOMAIN"": ""Luminate"",
    ""GENRES"": [
      ""Indie Rock"",
      ""EDM"",
      ""Rock"",
      ""Electronica"",
      ""Pop""
    ],
    ""MAIN_GENRE"": ""EDM""
  },
  {
    ""CLIENT_DOMAIN"": ""Billboard"",
    ""GENRES"": [
      ""Alt. Rock"",
      ""Dance/Electronic""
    ],
    ""IS_APPROVED"": true,
    ""MAIN_GENRE"": ""Dance/Electronic""
  }
]",2023-04-21,2023-05-04,2,1729.64323765,1504
MRELG09B96F99FCA94394BAA80C79E8AFD087,+-=÷× (Tour Collection),Ed Sheeran,"[
  {
    ""CLIENT_DOMAIN"": ""Billboard"",
    ""GENRES"": [
      ""Pop""
    ],
    ""IS_APPROVED"": true,
    ""MAIN_GENRE"": ""Pop""
  },
  {
    ""CLIENT_DOMAIN"": ""Luminate"",
    ""GENRES"": [
      ""Pop""
    ],
    ""MAIN_GENRE"": ""Pop""
  }
]",2024-09-27,2024-10-03,1,22974.83128943,3765
MRELG09B96F99FCA94394BAA80C79E8AFD087,+-=÷× (Tour Collection),Ed Sheeran,"[
  {
    ""CLIENT_DOMAIN"": ""Billboard"",
    ""GENRES"": [
      ""Pop""
    ],
    ""IS_APPROVED"": true,
    ""MAIN_GENRE"": ""Pop""
  },
  {
    ""CLIENT_DOMAIN"": ""Luminate"",
    ""GENRES"": [
      ""Pop""
    ],
    ""MAIN_GENRE"": ""Pop""
  }
]",2024-09-27,2024-10-10,2,19234.51065195,343
MRELG24F9CDC076DA4F64A2640537BA8A5B6A,PLAY,Ed Sheeran,"[
  {
    ""CLIENT_DOMAIN"": ""Luminate"",
    ""GENRES"": [
      ""Euro Pop"",
      ""Pop""
    ],
    ""MAIN_GENRE"": ""Pop""
  },
  {
    ""CLIENT_DOMAIN"": ""Billboard"",
    ""GENRES"": [
      ""Pop""
    ],
    ""IS_APPROVED"": true,
    ""MAIN_GENRE"": ""Pop""
  }
]",2025-09-12,2025-09-18,1,70577.93522051,51296
MRELG24F9CDC076DA4F64A2640537BA8A5B6A,PLAY,Ed Sheeran,"[
  {
    ""CLIENT_DOMAIN"": ""Luminate"",
    ""GENRES"": [
      ""Euro Pop"",
      ""Pop""
    ],
    ""MAIN_GENRE"": ""Pop""
  },
  {
    ""CLIENT_DOMAIN"": ""Billboard"",
    ""GENRES"": [
      ""Pop""
    ],
    ""IS_APPROVED"": true,
    ""MAIN_GENRE"": ""Pop""
  }
]",2025-09-12,2025-09-25,2,16646.89778830,4924
MRELGD680396789BD4FB68F5ADFEF05D85523,Ella Mai,Ella Mai,"[
  {
    ""CLIENT_DOMAIN"": ""Luminate"",
    ""GENRES"": [
      ""R&B/Hip-Hop""
    ],
    ""MAIN_GENRE"": ""R&B/Hip-Hop""
  },
  {
    ""CLIENT_DOMAIN"": ""Billboard"",
    ""GENRES"": [
      ""R&B/Hip-Hop"",
      ""R&B""
    ],
    ""IS_APPROVED"": true,
    ""MAIN_GENRE"": ""R&B""
  }
]",2018-10-12,2018-10-18,1,74138.53349649,16541
MRELGD680396789BD4FB68F5ADFEF05D85523,Ella Mai,Ella Mai,"[
  {
    ""CLIENT_DOMAIN"": ""Luminate"",
    ""GENRES"": [
      ""R&B/Hip-Hop""
    ],
    ""MAIN_GENRE"": ""R&B/Hip-Hop""
  },
  {
    ""CLIENT_DOMAIN"": ""Billboard"",
    ""GENRES"": [
      ""R&B/Hip-Hop"",
      ""R&B""
    ],
    ""IS_APPROVED"": true,
    ""MAIN_GENRE"": ""R&B""
  }
]",2018-10-12,2018-10-25,2,43814.41019416,4946
MRELG8B8F500CA0D046638163ABC17ED97BFB,Who Believes In Angels?,"Elton John, Brandi Carlile","[
  {
    ""CLIENT_DOMAIN"": ""Luminate"",
    ""GENRES"": [
      ""Rock""
    ],
    ""MAIN_GENRE"": ""Rock""
  },
  {
    ""CLIENT_DOMAIN"": ""Billboard"",
    ""GENRES"": [
      ""Rock""
    ],
    ""IS_APPROVED"": true,
    ""MAIN_GENRE"": ""Rock""
  }
]",2025-04-04,2025-04-10,1,40006.53183971,36833
MRELG8B8F500CA0D046638163ABC17ED97BFB,Who Believes In Angels?,"Elton John, Brandi Carlile","[
  {
    ""CLIENT_DOMAIN"": ""Luminate"",
    ""GENRES"": [
      ""Rock""
    ],
    ""MAIN_GENRE"": ""Rock""
  },
  {
    ""CLIENT_DOMAIN"": ""Billboard"",
    ""GENRES"": [
      ""Rock""
    ],
    ""IS_APPROVED"": true,
    ""MAIN_GENRE"": ""Rock""
  }
]",2025-04-04,2025-04-17,2,10997.96449125,9050
MRELG4D3ACD67EBAC479E9C3048DCC455A700,Houdini,Eminem,"[
  {
    ""CLIENT_DOMAIN"": ""Luminate"",
    ""GENRES"": [
      ""Rap"",
      ""R&B/Hip-Hop""
    ],
    ""MAIN_GENRE"": ""Rap""
  },
  {
    ""CLIENT_DOMAIN"": ""Billboard"",
    ""GENRES"": [
      ""R&B/Hip-Hop"",
      ""Rap""
    ],
    ""IS_APPROVED"": true,
    ""MAIN_GENRE"": ""Rap""
  }
]",2024-05-30,2024-06-06,1,37078.35192263,576
MRELG4D3ACD67EBAC479E9C3048DCC455A700,Houdini,Eminem,"[
  {
    ""CLIENT_DOMAIN"": ""Luminate"",
    ""GENRES"": [
      ""Rap"",
      ""R&B/Hip-Hop""
    ],
    ""MAIN_GENRE"": ""Rap""
  },
  {
    ""CLIENT_DOMAIN"": ""Billboard"",
    ""GENRES"": [
      ""R&B/Hip-Hop"",
      ""Rap""
    ],
    ""IS_APPROVED"": true,
    ""MAIN_GENRE"": ""Rap""
  }
]",2024-05-30,2024-06-13,2,23213.58968736,227
MRELG8AFE634F6E0F44A79599F5395ABFBEDA,Kamikaze,Eminem,"[
  {
    ""CLIENT_DOMAIN"": ""Luminate"",
    ""GENRES"": [
      ""Rap"",
      ""R&B/Hip-Hop""
    ],
    ""MAIN_GENRE"": ""Rap""
  },
  {
    ""CLIENT_DOMAIN"": ""Billboard"",
    ""GENRES"": [
      ""R&B/Hip-Hop"",
      ""Rap""
    ],
    ""IS_APPROVED"": true,
    ""MAIN_GENRE"": ""Rap""
  }
]",2018-08-31,2018-09-06,1,442935.49320677,251692
MRELG8AFE634F6E0F44A79599F5395ABFBEDA,Kamikaze,Eminem,"[
  {
    ""CLIENT_DOMAIN"": ""Luminate"",
    ""GENRES"": [
      ""Rap"",
      ""R&B/Hip-Hop""
    ],
    ""MAIN_GENRE"": ""Rap""
  },
  {
    ""CLIENT_DOMAIN"": ""Billboard"",
    ""GENRES"": [
      ""R&B/Hip-Hop"",
      ""Rap""
    ],
    ""IS_APPROVED"": true,
    ""MAIN_GENRE"": ""Rap""
  }
]",2018-08-31,2018-09-13,2,141586.51756956,59133
MRELGB331E0A2ACAF4539AC46F8AA7BF3CD76,Music To Be Murdered By,Eminem,"[
  {
    ""CLIENT_DOMAIN"": ""Luminate"",
    ""GENRES"": [
      ""Rap"",
      ""R&B/Hip-Hop""
    ],
    ""MAIN_GENRE"": ""Rap""
  },
  {
    ""CLIENT_DOMAIN"": ""Billboard"",
    ""GENRES"": [
      ""Rap"",
      ""R&B/Hip-Hop""
    ],
    ""IS_APPROVED"": true,
    ""MAIN_GENRE"": ""Rap""
  }
]",2020-01-17,2020-01-23,1,281768.67642615,116990
MRELGB331E0A2ACAF4539AC46F8AA7BF3CD76,Music To Be Murdered By,Eminem,"[
  {
    ""CLIENT_DOMAIN"": ""Luminate"",
    ""GENRES"": [
      ""Rap"",
      ""R&B/Hip-Hop""
    ],
    ""MAIN_GENRE"": ""Rap""
  },
  {
    ""CLIENT_DOMAIN"": ""Billboard"",
    ""GENRES"": [
      ""Rap"",
      ""R&B/Hip-Hop""
    ],
    ""IS_APPROVED"": true,
    ""MAIN_GENRE"": ""Rap""
  }
]",2020-01-17,2020-01-30,2,90229.29639897,14170
MRELG7D11142C752E4DCF95E4A96C32C739E9,The Death Of Slim Shady (Coup De Grâce),Eminem,"[
  {
    ""CLIENT_DOMAIN"": ""Luminate"",
    ""GENRES"": [
      ""Rap"",
      ""R&B/Hip-Hop""
    ],
    ""MAIN_GENRE"": ""Rap""
  },
  {
    ""CLIENT_DOMAIN"": ""Billboard"",
    ""GENRES"": [
      ""R&B/Hip-Hop"",
      ""Rap""
    ],
    ""IS_APPROVED"": true,
    ""MAIN_GENRE"": ""Rap""
  }
]",2024-07-11,2024-07-18,1,280785.14844882,113696
MRELG7D11142C752E4DCF95E4A96C32C739E9,The Death Of Slim Shady (Coup De Grâce),Eminem,"[
  {
    ""CLIENT_DOMAIN"": ""Luminate"",
    ""GENRES"": [
      ""Rap"",
      ""R&B/Hip-Hop""
    ],
    ""MAIN_GENRE"": ""Rap""
  },
  {
    ""CLIENT_DOMAIN"": ""Billboard"",
    ""GENRES"": [
      ""R&B/Hip-Hop"",
      ""Rap""
    ],
    ""IS_APPROVED"": true,
    ""MAIN_GENRE"": ""Rap""
  }
]",2024-07-11,2024-07-25,2,78897.29200047,6990
MRELG2BBB4DA602EE4F6AAE702B8C95A141B1,Desperate Man,Eric Church,"[
  {
    ""CLIENT_DOMAIN"": ""Luminate"",
    ""GENRES"": [
      ""Country""
    ],
    ""MAIN_GENRE"": ""Country""
  },
  {
    ""CLIENT_DOMAIN"": ""Billboard"",
    ""GENRES"": [
      ""Country""
    ],
    ""IS_APPROVED"": true,
    ""MAIN_GENRE"": ""Country""
  }
]",2018-10-05,2018-10-11,1,114721.61128268,102687
MRELG2BBB4DA602EE4F6AAE702B8C95A141B1,Desperate Man,Eric Church,"[
  {
    ""CLIENT_DOMAIN"": ""Luminate"",
    ""GENRES"": [
      ""Country""
    ],
    ""MAIN_GENRE"": ""Country""
  },
  {
    ""CLIENT_DOMAIN"": ""Billboard"",
    ""GENRES"": [
      ""Country""
    ],
    ""IS_APPROVED"": true,
    ""MAIN_GENRE"": ""Country""
  }
]",2018-10-05,2018-10-18,2,22309.40284034,14977
MRELGC28C5AF8C6FE44E2B9BDFEDF92BECBD4,Evangeline vs. The Machine,Eric Church,"[
  {
    ""CLIENT_DOMAIN"": ""Luminate"",
    ""GENRES"": [
      ""Country""
    ],
    ""MAIN_GENRE"": ""Country""
  },
  {
    ""CLIENT_DOMAIN"": ""Billboard"",
    ""GENRES"": [
      ""Country""
    ],
    ""IS_APPROVED"": true,
    ""MAIN_GENRE"": ""Country""
  }
]",2025-05-02,2025-05-08,1,20419.11783000,12772
MRELGC28C5AF8C6FE44E2B9BDFEDF92BECBD4,Evangeline vs. The Machine,Eric Church,"[
  {
    ""CLIENT_DOMAIN"": ""Luminate"",
    ""GENRES"": [
      ""Country""
    ],
    ""MAIN_GENRE"": ""Country""
  },
  {
    ""CLIENT_DOMAIN"": ""Billboard"",
    ""GENRES"": [
      ""Country""
    ],
    ""IS_APPROVED"": true,
    ""MAIN_GENRE"": ""Country""
  }
]",2025-05-02,2025-05-15,2,7291.20771455,2247
MRELG9AE00F55AF0A48C5BF266B1D08589253,Corta Venas,Eslabon Armado,"[
  {
    ""CLIENT_DOMAIN"": ""Luminate"",
    ""GENRES"": [
      ""Latin""
    ],
    ""MAIN_GENRE"": ""Latin""
  },
  {
    ""CLIENT_DOMAIN"": ""Billboard"",
    ""GENRES"": [
      ""Latin Reg. Mexican"",
      ""Latin""
    ],
    ""IS_APPROVED"": true,
    ""MAIN_GENRE"": ""Latin Reg. Mexican""
  }
]",2020-12-18,2020-12-24,1,20796.56481689,479
MRELG9AE00F55AF0A48C5BF266B1D08589253,Corta Venas,Eslabon Armado,"[
  {
    ""CLIENT_DOMAIN"": ""Luminate"",
    ""GENRES"": [
      ""Latin""
    ],
    ""MAIN_GENRE"": ""Latin""
  },
  {
    ""CLIENT_DOMAIN"": ""Billboard"",
    ""GENRES"": [
      ""Latin Reg. Mexican"",
      ""Latin""
    ],
    ""IS_APPROVED"": true,
    ""MAIN_GENRE"": ""Latin Reg. Mexican""
  }
]",2020-12-18,2020-12-30,2,7276.75142894,68
MRELGC2BB2275FDC644A1BAEF302398614308,DESVELADO,Eslabon Armado,"[
  {
    ""CLIENT_DOMAIN"": ""Luminate"",
    ""GENRES"": [
      ""Latin""
    ],
    ""MAIN_GENRE"": ""Latin""
  },
  {
    ""CLIENT_DOMAIN"": ""Billboard"",
    ""GENRES"": [
      ""Latin"",
      ""Latin Reg. Mexican""
    ],
    ""IS_APPROVED"": true,
    ""MAIN_GENRE"": ""Latin Reg. Mexican""
  }
]",2023-04-28,2023-05-04,1,43932.05721531,127
MRELGC2BB2275FDC644A1BAEF302398614308,DESVELADO,Eslabon Armado,"[
  {
    ""CLIENT_DOMAIN"": ""Luminate"",
    ""GENRES"": [
      ""Latin""
    ],
    ""MAIN_GENRE"": ""Latin""
  },
  {
    ""CLIENT_DOMAIN"": ""Billboard"",
    ""GENRES"": [
      ""Latin"",
      ""Latin Reg. Mexican""
    ],
    ""IS_APPROVED"": true,
    ""MAIN_GENRE"": ""Latin Reg. Mexican""
  }
]",2023-04-28,2023-05-11,2,30473.46346787,28
MRELGE7557CC0FCEE4CA7AE139EDF30EEA44C,NOSTALGIA,Eslabon Armado,"[
  {
    ""CLIENT_DOMAIN"": ""Billboard"",
    ""GENRES"": [
      ""Latin Reg. Mexican"",
      ""Latin""
    ],
    ""IS_APPROVED"": true,
    ""MAIN_GENRE"": ""Latin Reg. Mexican""
  },
  {
    ""CLIENT_DOMAIN"": ""Luminate"",
    ""GENRES"": [
      ""Latin""
    ],
    ""MAIN_GENRE"": ""Latin""
  }
]",2022-05-06,2022-05-12,1,29447.37781985,230
MRELGE7557CC0FCEE4CA7AE139EDF30EEA44C,NOSTALGIA,Eslabon Armado,"[
  {
    ""CLIENT_DOMAIN"": ""Billboard"",
    ""GENRES"": [
      ""Latin Reg. Mexican"",
      ""Latin""
    ],
    ""IS_APPROVED"": true,
    ""MAIN_GENRE"": ""Latin Reg. Mexican""
  },
  {
    ""CLIENT_DOMAIN"": ""Luminate"",
    ""GENRES"": [
      ""Latin""
    ],
    ""MAIN_GENRE"": ""Latin""
  }
]",2022-05-06,2022-05-19,2,12953.00862792,18
MRELGB35F89D427D445D998F62463EA9216D8,Vibras De Noche,Eslabon Armado,"[
  {
    ""CLIENT_DOMAIN"": ""Luminate"",
    ""GENRES"": [
      ""Latin""
    ],
    ""MAIN_GENRE"": ""Latin""
  },
  {
    ""CLIENT_DOMAIN"": ""Billboard"",
    ""GENRES"": [
      ""Latin"",
      ""Latin Reg. Mexican""
    ],
    ""IS_APPROVED"": true,
    ""MAIN_GENRE"": ""Latin Reg. Mexican""
  }
]",2020-07-17,2020-07-23,1,22549.02274243,1028
MRELGB35F89D427D445D998F62463EA9216D8,Vibras De Noche,Eslabon Armado,"[
  {
    ""CLIENT_DOMAIN"": ""Luminate"",
    ""GENRES"": [
      ""Latin""
    ],
    ""MAIN_GENRE"": ""Latin""
  },
  {
    ""CLIENT_DOMAIN"": ""Billboard"",
    ""GENRES"": [
      ""Latin"",
      ""Latin Reg. Mexican""
    ],
    ""IS_APPROVED"": true,
    ""MAIN_GENRE"": ""Latin Reg. Mexican""
  }
]",2020-07-17,2020-07-30,2,8526.10437982,62
MRELG085B3DF3A2D24971A664EBFC24F64CDC,"WILLOUGHBY TUCKER, I'LL ALWAYS LOVE YOU",Ethel Cain,"[
  {
    ""CLIENT_DOMAIN"": ""Billboard"",
    ""GENRES"": [
      ""Alt. Rock"",
      ""Rock""
    ],
    ""IS_APPROVED"": true,
    ""MAIN_GENRE"": ""Alt. Rock""
  },
  {
    ""CLIENT_DOMAIN"": ""Luminate"",
    ""GENRES"": [
      ""Rock"",
      ""Alternative""
    ],
    ""MAIN_GENRE"": ""Rock""
  }
]",2025-08-08,2025-08-14,1,29137.56703845,22467
MRELG085B3DF3A2D24971A664EBFC24F64CDC,"WILLOUGHBY TUCKER, I'LL ALWAYS LOVE YOU",Ethel Cain,"[
  {
    ""CLIENT_DOMAIN"": ""Billboard"",
    ""GENRES"": [
      ""Alt. Rock"",
      ""Rock""
    ],
    ""IS_APPROVED"": true,
    ""MAIN_GENRE"": ""Alt. Rock""
  },
  {
    ""CLIENT_DOMAIN"": ""Luminate"",
    ""GENRES"": [
      ""Rock"",
      ""Alternative""
    ],
    ""MAIN_GENRE"": ""Rock""
  }
]",2025-08-08,2025-08-21,2,6954.22884223,3695
MRELG41A0431EE4CA474799FF6AEB65557B07,GOD'S FAVORITE CUSTOMER,FATHER JOHN MISTY,"[
  {
    ""CLIENT_DOMAIN"": ""Luminate"",
    ""GENRES"": [
      ""Indie Rock"",
      ""Rock"",
      ""Folk"",
      ""Others""
    ],
    ""MAIN_GENRE"": ""Rock""
  },
  {
    ""CLIENT_DOMAIN"": ""Billboard"",
    ""GENRES"": [
      ""Folk"",
      ""Rock"",
      ""Alt. Rock""
    ],
    ""IS_APPROVED"": true,
    ""MAIN_GENRE"": ""Alt. Rock""
  }
]",2018-06-01,2018-06-07,1,22869.72560637,19022
MRELG41A0431EE4CA474799FF6AEB65557B07,GOD'S FAVORITE CUSTOMER,FATHER JOHN MISTY,"[
  {
    ""CLIENT_DOMAIN"": ""Luminate"",
    ""GENRES"": [
      ""Indie Rock"",
      ""Rock"",
      ""Folk"",
      ""Others""
    ],
    ""MAIN_GENRE"": ""Rock""
  },
  {
    ""CLIENT_DOMAIN"": ""Billboard"",
    ""GENRES"": [
      ""Folk"",
      ""Rock"",
      ""Alt. Rock""
    ],
    ""IS_APPROVED"": true,
    ""MAIN_GENRE"": ""Alt. Rock""
  }
]",2018-06-01,2018-06-14,2,5114.99546042,3628
MRELGAF0F0CF21D4D4903937ED3077EC2B95F,EUSEXUA,FKA TWIGS,"[
  {
    ""CLIENT_DOMAIN"": ""Billboard"",
    ""GENRES"": [
      ""Dance/Electronic""
    ],
    ""IS_APPROVED"": true,
    ""MAIN_GENRE"": ""Dance/Electronic""
  },
  {
    ""CLIENT_DOMAIN"": ""Luminate"",
    ""GENRES"": [
      ""Indie Rock"",
      ""EDM"",
      ""Rock"",
      ""R&B/Hip-Hop"",
      ""Others"",
      ""Dance & House""
    ],
    ""MAIN_GENRE"": ""EDM""
  }
]",2025-01-24,2025-01-30,1,20885.10371824,11977
MRELGAF0F0CF21D4D4903937ED3077EC2B95F,EUSEXUA,FKA TWIGS,"[
  {
    ""CLIENT_DOMAIN"": ""Billboard"",
    ""GENRES"": [
      ""Dance/Electronic""
    ],
    ""IS_APPROVED"": true,
    ""MAIN_GENRE"": ""Dance/Electronic""
  },
  {
    ""CLIENT_DOMAIN"": ""Luminate"",
    ""GENRES"": [
      ""Indie Rock"",
      ""EDM"",
      ""Rock"",
      ""R&B/Hip-Hop"",
      ""Others"",
      ""Dance & House""
    ],
    ""MAIN_GENRE"": ""EDM""
  }
]",2025-01-24,2025-02-06,2,7108.41464940,3297
MRELGFFBBA957A20E4B8AAE5DE50B0D5D8EF0,VACATION IN HELL,FLATBUSH ZOMBIES,"[
  {
    ""CLIENT_DOMAIN"": ""Billboard"",
    ""GENRES"": [
      ""Rap"",
      ""R&B/Hip-Hop""
    ],
    ""IS_APPROVED"": true,
    ""MAIN_GENRE"": ""Rap""
  },
  {
    ""CLIENT_DOMAIN"": ""Luminate"",
    ""GENRES"": [
      ""Rap"",
      ""R&B/Hip-Hop""
    ],
    ""MAIN_GENRE"": ""Rap""
  }
]",2018-04-06,2018-04-12,1,29830.87186081,12922
MRELGFFBBA957A20E4B8AAE5DE50B0D5D8EF0,VACATION IN HELL,FLATBUSH ZOMBIES,"[
  {
    ""CLIENT_DOMAIN"": ""Billboard"",
    ""GENRES"": [
      ""Rap"",
      ""R&B/Hip-Hop""
    ],
    ""IS_APPROVED"": true,
    ""MAIN_GENRE"": ""Rap""
  },
  {
    ""CLIENT_DOMAIN"": ""Luminate"",
    ""GENRES"": [
      ""Rap"",
      ""R&B/Hip-Hop""
    ],
    ""MAIN_GENRE"": ""Rap""
  }
]",2018-04-06,2018-04-19,2,9686.34383412,1400
MRELG4DB4093E9D5A4802B23A51B611A6B6A0,PERO NO TE ENAMORES,FUERZA REGIDA,"[
  {
    ""CLIENT_DOMAIN"": ""Luminate"",
    ""GENRES"": [
      ""Latin""
    ],
    ""MAIN_GENRE"": ""Latin""
  },
  {
    ""CLIENT_DOMAIN"": ""Billboard"",
    ""GENRES"": [
      ""Latin""
    ],
    ""IS_APPROVED"": true,
    ""MAIN_GENRE"": ""Latin""
  }
]",2024-07-26,2024-08-01,1,23189.12320319,176
MRELG4DB4093E9D5A4802B23A51B611A6B6A0,PERO NO TE ENAMORES,FUERZA REGIDA,"[
  {
    ""CLIENT_DOMAIN"": ""Luminate"",
    ""GENRES"": [
      ""Latin""
    ],
    ""MAIN_GENRE"": ""Latin""
  },
  {
    ""CLIENT_DOMAIN"": ""Billboard"",
    ""GENRES"": [
      ""Latin""
    ],
    ""IS_APPROVED"": true,
    ""MAIN_GENRE"": ""Latin""
  }
]",2024-07-26,2024-08-08,2,16435.44778026,74
MRELG3D3916709AE44814BDC3D87075C8FF0B,FUTURE & JUICE WRLD PRESENT... WRLD ON D,FUTURE & JUICE WRLD,"[
  {
    ""CLIENT_DOMAIN"": ""Billboard"",
    ""GENRES"": [
      ""Rap"",
      ""R&B/Hip-Hop""
    ],
    ""IS_APPROVED"": true,
    ""MAIN_GENRE"": ""Rap""
  },
  {
    ""CLIENT_DOMAIN"": ""Luminate"",
    ""GENRES"": [
      ""Rap"",
      ""R&B/Hip-Hop""
    ],
    ""MAIN_GENRE"": ""Rap""
  }
]",2018-10-19,2018-10-25,1,101063.74043201,8006
MRELG3D3916709AE44814BDC3D87075C8FF0B,FUTURE & JUICE WRLD PRESENT... WRLD ON D,FUTURE & JUICE WRLD,"[
  {
    ""CLIENT_DOMAIN"": ""Billboard"",
    ""GENRES"": [
      ""Rap"",
      ""R&B/Hip-Hop""
    ],
    ""IS_APPROVED"": true,
    ""MAIN_GENRE"": ""Rap""
  },
  {
    ""CLIENT_DOMAIN"": ""Luminate"",
    ""GENRES"": [
      ""Rap"",
      ""R&B/Hip-Hop""
    ],
    ""MAIN_GENRE"": ""Rap""
  }
]",2018-10-19,2018-11-01,2,48127.75502963,2322
MRELG1D1B267230BE46C989D2557D996E321F,PLUTO X BABY PLUTO,FUTURE & LIL UZI VERT,"[
  {
    ""CLIENT_DOMAIN"": ""Luminate"",
    ""GENRES"": [
      ""Rap"",
      ""R&B/Hip-Hop"",
      ""Others""
    ],
    ""MAIN_GENRE"": ""Rap""
  },
  {
    ""CLIENT_DOMAIN"": ""Billboard"",
    ""GENRES"": [
      ""Rap"",
      ""R&B/Hip-Hop""
    ],
    ""IS_APPROVED"": true,
    ""MAIN_GENRE"": ""Rap""
  }
]",2020-11-12,2020-11-19,1,105923.50440722,5549
MRELG1D1B267230BE46C989D2557D996E321F,PLUTO X BABY PLUTO,FUTURE & LIL UZI VERT,"[
  {
    ""CLIENT_DOMAIN"": ""Luminate"",
    ""GENRES"": [
      ""Rap"",
      ""R&B/Hip-Hop"",
      ""Others""
    ],
    ""MAIN_GENRE"": ""Rap""
  },
  {
    ""CLIENT_DOMAIN"": ""Billboard"",
    ""GENRES"": [
      ""Rap"",
      ""R&B/Hip-Hop""
    ],
    ""IS_APPROVED"": true,
    ""MAIN_GENRE"": ""Rap""
  }
]",2020-11-12,2020-11-26,2,46583.09092520,383
MRELGFE87374E948B4C8090039124D0ADDBAC,WE STILL DON'T TRUST YOU,FUTURE & METRO BOOMIN,"[
  {
    ""CLIENT_DOMAIN"": ""Luminate"",
    ""GENRES"": [
      ""Rap"",
      ""R&B/Hip-Hop""
    ],
    ""MAIN_GENRE"": ""Rap""
  },
  {
    ""CLIENT_DOMAIN"": ""Billboard"",
    ""GENRES"": [
      ""R&B/Hip-Hop"",
      ""Rap""
    ],
    ""IS_APPROVED"": true,
    ""MAIN_GENRE"": ""Rap""
  }
]",2024-04-12,2024-04-18,1,127387.25316453,2593
MRELGFE87374E948B4C8090039124D0ADDBAC,WE STILL DON'T TRUST YOU,FUTURE & METRO BOOMIN,"[
  {
    ""CLIENT_DOMAIN"": ""Luminate"",
    ""GENRES"": [
      ""Rap"",
      ""R&B/Hip-Hop""
    ],
    ""MAIN_GENRE"": ""Rap""
  },
  {
    ""CLIENT_DOMAIN"": ""Billboard"",
    ""GENRES"": [
      ""R&B/Hip-Hop"",
      ""Rap""
    ],
    ""IS_APPROVED"": true,
    ""MAIN_GENRE"": ""Rap""
  }
]",2024-04-12,2024-04-25,2,54317.08610457,227
MRELG862AF1A5FF794646BEAC92C6E7AF0E03,Summertime Shootout 3: Coldest Summer Ever,Fabolous,"[
  {
    ""CLIENT_DOMAIN"": ""Billboard"",
    ""GENRES"": [
      ""R&B/Hip-Hop"",
      ""Rap""
    ],
    ""IS_APPROVED"": true,
    ""MAIN_GENRE"": ""Rap""
  },
  {
    ""CLIENT_DOMAIN"": ""Luminate"",
    ""GENRES"": [
      ""Rap"",
      ""R&B/Hip-Hop""
    ],
    ""MAIN_GENRE"": ""Rap""
  }
]",2019-11-29,2019-12-05,1,46530.38267570,6073
MRELG862AF1A5FF794646BEAC92C6E7AF0E03,Summertime Shootout 3: Coldest Summer Ever,Fabolous,"[
  {
    ""CLIENT_DOMAIN"": ""Billboard"",
    ""GENRES"": [
      ""R&B/Hip-Hop"",
      ""Rap""
    ],
    ""IS_APPROVED"": true,
    ""MAIN_GENRE"": ""Rap""
  },
  {
    ""CLIENT_DOMAIN"": ""Luminate"",
    ""GENRES"": [
      ""Rap"",
      ""R&B/Hip-Hop""
    ],
    ""MAIN_GENRE"": ""Rap""
  }
]",2019-11-29,2019-12-12,2,23411.59941949,1837
MRELG2B426BE154D94B208FE6D4B52BBDEA0B,Mania,Fall Out Boy,"[
  {
    ""CLIENT_DOMAIN"": ""Luminate"",
    ""GENRES"": [
      ""Rock""
    ],
    ""MAIN_GENRE"": ""Rock""
  },
  {
    ""CLIENT_DOMAIN"": ""Billboard"",
    ""GENRES"": [
      ""Alt. Rock"",
      ""Rock""
    ],
    ""IS_APPROVED"": true,
    ""MAIN_GENRE"": ""Alt. Rock""
  }
]",2018-01-19,2018-01-25,1,129044.23578233,116421
MRELG2B426BE154D94B208FE6D4B52BBDEA0B,Mania,Fall Out Boy,"[
  {
    ""CLIENT_DOMAIN"": ""Luminate"",
    ""GENRES"": [
      ""Rock""
    ],
    ""MAIN_GENRE"": ""Rock""
  },
  {
    ""CLIENT_DOMAIN"": ""Billboard"",
    ""GENRES"": [
      ""Alt. Rock"",
      ""Rock""
    ],
    ""IS_APPROVED"": true,
    ""MAIN_GENRE"": ""Alt. Rock""
  }
]",2018-01-19,2018-02-01,2,16474.80838387,8806
MRELGBB04BD7D072F416BB2310F54A24D93B1,So Much (For) Stardust,Fall Out Boy,"[
  {
    ""CLIENT_DOMAIN"": ""Billboard"",
    ""GENRES"": [
      ""Alt. Rock"",
      ""Rock""
    ],
    ""IS_APPROVED"": true,
    ""MAIN_GENRE"": ""Alt. Rock""
  },
  {
    ""CLIENT_DOMAIN"": ""Luminate"",
    ""GENRES"": [
      ""Punk"",
      ""Rock"",
      ""Alternative""
    ],
    ""MAIN_GENRE"": ""Rock""
  }
]",2023-03-23,2023-03-30,1,59519.96871909,44962
MRELGBB04BD7D072F416BB2310F54A24D93B1,So Much (For) Stardust,Fall Out Boy,"[
  {
    ""CLIENT_DOMAIN"": ""Billboard"",
    ""GENRES"": [
      ""Alt. Rock"",
      ""Rock""
    ],
    ""IS_APPROVED"": true,
    ""MAIN_GENRE"": ""Alt. Rock""
  },
  {
    ""CLIENT_DOMAIN"": ""Luminate"",
    ""GENRES"": [
      ""Punk"",
      ""Rock"",
      ""Alternative""
    ],
    ""MAIN_GENRE"": ""Rock""
  }
]",2023-03-23,2023-04-06,2,13075.40738503,6360
MRELG9DCFA745CE3F4C69B4696AE6728A5152,Popular Monster,Falling In Reverse,"[
  {
    ""CLIENT_DOMAIN"": ""Luminate"",
    ""GENRES"": [
      ""Rock""
    ],
    ""MAIN_GENRE"": ""Rock""
  },
  {
    ""CLIENT_DOMAIN"": ""Billboard"",
    ""GENRES"": [
      ""Hard Rock"",
      ""Alt. Rock"",
      ""Rock""
    ],
    ""IS_APPROVED"": true,
    ""MAIN_GENRE"": ""Alt. Rock""
  }
]",2024-08-16,2024-08-22,1,30187.42186921,17807
MRELG9DCFA745CE3F4C69B4696AE6728A5152,Popular Monster,Falling In Reverse,"[
  {
    ""CLIENT_DOMAIN"": ""Luminate"",
    ""GENRES"": [
      ""Rock""
    ],
    ""MAIN_GENRE"": ""Rock""
  },
  {
    ""CLIENT_DOMAIN"": ""Billboard"",
    ""GENRES"": [
      ""Hard Rock"",
      ""Alt. Rock"",
      ""Rock""
    ],
    ""IS_APPROVED"": true,
    ""MAIN_GENRE"": ""Alt. Rock""
  }
]",2024-08-16,2024-08-29,2,13815.03224821,3638
MRELGB6352B1A0ADB473786B3997B732C1E62,Dex Meets Dexter,Famous Dex,"[
  {
    ""CLIENT_DOMAIN"": ""Billboard"",
    ""GENRES"": [
      ""Rap"",
      ""R&B/Hip-Hop""
    ],
    ""IS_APPROVED"": true,
    ""MAIN_GENRE"": ""Rap""
  },
  {
    ""CLIENT_DOMAIN"": ""Luminate"",
    ""GENRES"": [
      ""Rap"",
      ""R&B/Hip-Hop""
    ],
    ""MAIN_GENRE"": ""Rap""
  }
]",2018-04-05,2018-04-12,1,29438.00068650,1182
MRELGB6352B1A0ADB473786B3997B732C1E62,Dex Meets Dexter,Famous Dex,"[
  {
    ""CLIENT_DOMAIN"": ""Billboard"",
    ""GENRES"": [
      ""Rap"",
      ""R&B/Hip-Hop""
    ],
    ""IS_APPROVED"": true,
    ""MAIN_GENRE"": ""Rap""
  },
  {
    ""CLIENT_DOMAIN"": ""Luminate"",
    ""GENRES"": [
      ""Rap"",
      ""R&B/Hip-Hop""
    ],
    ""MAIN_GENRE"": ""Rap""
  }
]",2018-04-05,2018-04-19,2,20376.91565380,142
MRELGE655E5978283492A8E6B334B5293982F,"MOR, No Le Temas a La Oscuridad",Feid,"[
  {
    ""CLIENT_DOMAIN"": ""Billboard"",
    ""GENRES"": [
      ""Latin - Rhythm"",
      ""Latin""
    ],
    ""IS_APPROVED"": true,
    ""MAIN_GENRE"": ""Latin - Rhythm""
  },
  {
    ""CLIENT_DOMAIN"": ""Luminate"",
    ""GENRES"": [
      ""Latin"",
      ""Reggaeton""
    ],
    ""MAIN_GENRE"": ""Latin""
  }
]",2023-09-29,2023-10-05,1,20251.99918335,4754
MRELGE655E5978283492A8E6B334B5293982F,"MOR, No Le Temas a La Oscuridad",Feid,"[
  {
    ""CLIENT_DOMAIN"": ""Billboard"",
    ""GENRES"": [
      ""Latin - Rhythm"",
      ""Latin""
    ],
    ""IS_APPROVED"": true,
    ""MAIN_GENRE"": ""Latin - Rhythm""
  },
  {
    ""CLIENT_DOMAIN"": ""Luminate"",
    ""GENRES"": [
      ""Latin"",
      ""Reggaeton""
    ],
    ""MAIN_GENRE"": ""Latin""
  }
]",2023-09-29,2023-10-12,2,9711.52078864,379
MRELG7BEA4402D5724CA0B18E39950A3E4ED5,FETCH THE BOLT CUTTERS,Fiona Apple,"[
  {
    ""CLIENT_DOMAIN"": ""Luminate"",
    ""GENRES"": [
      ""Indie Rock"",
      ""Rock"",
      ""Alternative"",
      ""Pop""
    ],
    ""MAIN_GENRE"": ""Alternative""
  },
  {
    ""CLIENT_DOMAIN"": ""Billboard"",
    ""GENRES"": [
      ""Alt. Rock"",
      ""Rock""
    ],
    ""IS_APPROVED"": true,
    ""MAIN_GENRE"": ""Rock""
  }
]",2020-04-17,2020-04-23,1,43602.38236079,29792
MRELG7BEA4402D5724CA0B18E39950A3E4ED5,FETCH THE BOLT CUTTERS,Fiona Apple,"[
  {
    ""CLIENT_DOMAIN"": ""Luminate"",
    ""GENRES"": [
      ""Indie Rock"",
      ""Rock"",
      ""Alternative"",
      ""Pop""
    ],
    ""MAIN_GENRE"": ""Alternative""
  },
  {
    ""CLIENT_DOMAIN"": ""Billboard"",
    ""GENRES"": [
      ""Alt. Rock"",
      ""Rock""
    ],
    ""IS_APPROVED"": true,
    ""MAIN_GENRE"": ""Rock""
  }
]",2020-04-17,2020-04-30,2,7654.14380772,3644
MRELG37B37E8BFDE14086919641F5102D177E,And Justice For None,Five Finger Death Punch,"[
  {
    ""CLIENT_DOMAIN"": ""Billboard"",
    ""GENRES"": [
      ""Rock"",
      ""Hard Rock""
    ],
    ""IS_APPROVED"": true,
    ""MAIN_GENRE"": ""Hard Rock""
  },
  {
    ""CLIENT_DOMAIN"": ""Luminate"",
    ""GENRES"": [
      ""Rock"",
      ""Metal""
    ],
    ""MAIN_GENRE"": ""Rock""
  }
]",2018-05-18,2018-05-24,1,71977.65856619,59457
MRELG37B37E8BFDE14086919641F5102D177E,And Justice For None,Five Finger Death Punch,"[
  {
    ""CLIENT_DOMAIN"": ""Billboard"",
    ""GENRES"": [
      ""Rock"",
      ""Hard Rock""
    ],
    ""IS_APPROVED"": true,
    ""MAIN_GENRE"": ""Hard Rock""
  },
  {
    ""CLIENT_DOMAIN"": ""Luminate"",
    ""GENRES"": [
      ""Rock"",
      ""Metal""
    ],
    ""MAIN_GENRE"": ""Rock""
  }
]",2018-05-18,2018-05-31,2,19759.08830823,13014
MRELG0B79DB7EC6054700BC8BE01574BED219,F8,Five Finger Death Punch,"[
  {
    ""CLIENT_DOMAIN"": ""Billboard"",
    ""GENRES"": [
      ""Hard Rock"",
      ""Rock""
    ],
    ""IS_APPROVED"": true,
    ""MAIN_GENRE"": ""Hard Rock""
  },
  {
    ""CLIENT_DOMAIN"": ""Luminate"",
    ""GENRES"": [
      ""Rock""
    ],
    ""MAIN_GENRE"": ""Rock""
  }
]",2020-02-28,2020-03-05,1,54497.71536130,44753
MRELG0B79DB7EC6054700BC8BE01574BED219,F8,Five Finger Death Punch,"[
  {
    ""CLIENT_DOMAIN"": ""Billboard"",
    ""GENRES"": [
      ""Hard Rock"",
      ""Rock""
    ],
    ""IS_APPROVED"": true,
    ""MAIN_GENRE"": ""Hard Rock""
  },
  {
    ""CLIENT_DOMAIN"": ""Luminate"",
    ""GENRES"": [
      ""Rock""
    ],
    ""MAIN_GENRE"": ""Rock""
  }
]",2020-02-28,2020-03-12,2,15083.54007641,9537
MRELG8C5E5115AA354E7CB0AD71EDBDB6ECE3,B.I.B.L.E.,Fivio Foreign,"[
  {
    ""CLIENT_DOMAIN"": ""Luminate"",
    ""GENRES"": [
      ""Rap"",
      ""R&B/Hip-Hop""
    ],
    ""MAIN_GENRE"": ""Rap""
  },
  {
    ""CLIENT_DOMAIN"": ""Billboard"",
    ""GENRES"": [
      ""Rap"",
      ""R&B/Hip-Hop""
    ],
    ""IS_APPROVED"": true,
    ""MAIN_GENRE"": ""Rap""
  }
]",2022-04-08,2022-04-14,1,29736.78981325,888
MRELG8C5E5115AA354E7CB0AD71EDBDB6ECE3,B.I.B.L.E.,Fivio Foreign,"[
  {
    ""CLIENT_DOMAIN"": ""Luminate"",
    ""GENRES"": [
      ""Rap"",
      ""R&B/Hip-Hop""
    ],
    ""MAIN_GENRE"": ""Rap""
  },
  {
    ""CLIENT_DOMAIN"": ""Billboard"",
    ""GENRES"": [
      ""Rap"",
      ""R&B/Hip-Hop""
    ],
    ""IS_APPROVED"": true,
    ""MAIN_GENRE"": ""Rap""
  }
]",2022-04-08,2022-04-21,2,16263.95190046,175
MRELGF010893DF5A34259BC80BBC27CCBFA0B,MIRAGE TOUR '82,Fleetwood Mac,"[
  {
    ""CLIENT_DOMAIN"": ""Luminate"",
    ""GENRES"": [
      ""Rock""
    ],
    ""MAIN_GENRE"": ""Rock""
  },
  {
    ""CLIENT_DOMAIN"": ""Billboard"",
    ""GENRES"": [
      ""Rock""
    ],
    ""IS_APPROVED"": true,
    ""MAIN_GENRE"": ""Rock""
  }
]",2024-09-19,2024-09-26,1,23347.13739635,3386
MRELGF010893DF5A34259BC80BBC27CCBFA0B,MIRAGE TOUR '82,Fleetwood Mac,"[
  {
    ""CLIENT_DOMAIN"": ""Luminate"",
    ""GENRES"": [
      ""Rock""
    ],
    ""MAIN_GENRE"": ""Rock""
  },
  {
    ""CLIENT_DOMAIN"": ""Billboard"",
    ""GENRES"": [
      ""Rock""
    ],
    ""IS_APPROVED"": true,
    ""MAIN_GENRE"": ""Rock""
  }
]",2024-09-19,2024-10-03,2,19607.29398218,638
MRELGF350948383184893B3821CC6369FB78D,Rumours Live,Fleetwood Mac,"[
  {
    ""CLIENT_DOMAIN"": ""Billboard"",
    ""GENRES"": [
      ""Rock""
    ],
    ""IS_APPROVED"": true,
    ""MAIN_GENRE"": ""Rock""
  },
  {
    ""CLIENT_DOMAIN"": ""Luminate"",
    ""GENRES"": [
      ""Rock""
    ],
    ""MAIN_GENRE"": ""Rock""
  }
]",2023-09-08,2023-09-14,1,28626.92853678,10243
MRELGF350948383184893B3821CC6369FB78D,Rumours Live,Fleetwood Mac,"[
  {
    ""CLIENT_DOMAIN"": ""Billboard"",
    ""GENRES"": [
      ""Rock""
    ],
    ""IS_APPROVED"": true,
    ""MAIN_GENRE"": ""Rock""
  },
  {
    ""CLIENT_DOMAIN"": ""Luminate"",
    ""GENRES"": [
      ""Rock""
    ],
    ""MAIN_GENRE"": ""Rock""
  }
]",2023-09-08,2023-09-21,2,20919.24111461,3583
MRELG55E021B44EF44879B33DE4A39A1BFD0A,Dance Fever,Florence + The Machine,"[
  {
    ""CLIENT_DOMAIN"": ""Luminate"",
    ""GENRES"": [
      ""Indie Rock"",
      ""Rock"",
      ""Alternative""
    ],
    ""MAIN_GENRE"": ""Rock""
  },
  {
    ""CLIENT_DOMAIN"": ""Billboard"",
    ""GENRES"": [
      ""Rock"",
      ""Alt. Rock""
    ],
    ""IS_APPROVED"": true,
    ""MAIN_GENRE"": ""Alt. Rock""
  }
]",2022-05-13,2022-05-19,1,56284.83266284,42310
MRELG55E021B44EF44879B33DE4A39A1BFD0A,Dance Fever,Florence + The Machine,"[
  {
    ""CLIENT_DOMAIN"": ""Luminate"",
    ""GENRES"": [
      ""Indie Rock"",
      ""Rock"",
      ""Alternative""
    ],
    ""MAIN_GENRE"": ""Rock""
  },
  {
    ""CLIENT_DOMAIN"": ""Billboard"",
    ""GENRES"": [
      ""Rock"",
      ""Alt. Rock""
    ],
    ""IS_APPROVED"": true,
    ""MAIN_GENRE"": ""Alt. Rock""
  }
]",2022-05-13,2022-05-26,2,15870.46902644,7534
MRELGD36CEE0152504B99AC711255E12E8600,Everybody Scream,Florence + The Machine,"[
  {
    ""CLIENT_DOMAIN"": ""Luminate"",
    ""GENRES"": [
      ""Indie Rock"",
      ""Rock"",
      ""Alternative""
    ],
    ""MAIN_GENRE"": ""Alternative""
  },
  {
    ""CLIENT_DOMAIN"": ""Billboard"",
    ""GENRES"": [
      ""Rock"",
      ""Alt. Rock""
    ],
    ""IS_APPROVED"": true,
    ""MAIN_GENRE"": ""Alt. Rock""
  }
]",2025-10-31,2025-11-06,1,55880.27230311,43817
MRELGD36CEE0152504B99AC711255E12E8600,Everybody Scream,Florence + The Machine,"[
  {
    ""CLIENT_DOMAIN"": ""Luminate"",
    ""GENRES"": [
      ""Indie Rock"",
      ""Rock"",
      ""Alternative""
    ],
    ""MAIN_GENRE"": ""Alternative""
  },
  {
    ""CLIENT_DOMAIN"": ""Billboard"",
    ""GENRES"": [
      ""Rock"",
      ""Alt. Rock""
    ],
    ""IS_APPROVED"": true,
    ""MAIN_GENRE"": ""Alt. Rock""
  }
]",2025-10-31,2025-11-13,2,12281.96186461,5739
MRELG33120C293C714ABA887494FB64C042EF,High As Hope,Florence + The Machine,"[
  {
    ""CLIENT_DOMAIN"": ""Luminate"",
    ""GENRES"": [
      ""Indie Rock"",
      ""Rock"",
      ""Alternative""
    ],
    ""MAIN_GENRE"": ""Rock""
  },
  {
    ""CLIENT_DOMAIN"": ""Billboard"",
    ""GENRES"": [
      ""Rock"",
      ""Alt. Rock""
    ],
    ""IS_APPROVED"": true,
    ""MAIN_GENRE"": ""Alt. Rock""
  }
]",2018-06-29,2018-07-05,1,83160.07745865,73453
MRELG33120C293C714ABA887494FB64C042EF,High As Hope,Florence + The Machine,"[
  {
    ""CLIENT_DOMAIN"": ""Luminate"",
    ""GENRES"": [
      ""Indie Rock"",
      ""Rock"",
      ""Alternative""
    ],
    ""MAIN_GENRE"": ""Rock""
  },
  {
    ""CLIENT_DOMAIN"": ""Billboard"",
    ""GENRES"": [
      ""Rock"",
      ""Alt. Rock""
    ],
    ""IS_APPROVED"": true,
    ""MAIN_GENRE"": ""Alt. Rock""
  }
]",2018-06-29,2018-07-12,2,12968.48100962,8400
MRELG6A8F0AF382144DADAA50261AFE6C8003,Can't Say I Ain't Country,Florida Georgia Line,"[
  {
    ""CLIENT_DOMAIN"": ""Billboard"",
    ""GENRES"": [
      ""Country""
    ],
    ""IS_APPROVED"": true,
    ""MAIN_GENRE"": ""Country""
  },
  {
    ""CLIENT_DOMAIN"": ""Luminate"",
    ""GENRES"": [
      ""Rock"",
      ""Country""
    ],
    ""MAIN_GENRE"": ""Country""
  }
]",2019-02-15,2019-02-21,1,55394.05008510,28851
MRELG6A8F0AF382144DADAA50261AFE6C8003,Can't Say I Ain't Country,Florida Georgia Line,"[
  {
    ""CLIENT_DOMAIN"": ""Billboard"",
    ""GENRES"": [
      ""Country""
    ],
    ""IS_APPROVED"": true,
    ""MAIN_GENRE"": ""Country""
  },
  {
    ""CLIENT_DOMAIN"": ""Luminate"",
    ""GENRES"": [
      ""Rock"",
      ""Country""
    ],
    ""MAIN_GENRE"": ""Country""
  }
]",2019-02-15,2019-02-28,2,28175.79673940,9237
MRELG615117643F7D4C5BADA2309CF573DC60,Life Rolls On,Florida Georgia Line,"[
  {
    ""CLIENT_DOMAIN"": ""Luminate"",
    ""GENRES"": [
      ""Country""
    ],
    ""MAIN_GENRE"": ""Country""
  },
  {
    ""CLIENT_DOMAIN"": ""Billboard"",
    ""GENRES"": [
      ""Country""
    ],
    ""IS_APPROVED"": true,
    ""MAIN_GENRE"": ""Country""
  }
]",2021-02-12,2021-02-18,1,21536.36461780,8422
MRELG615117643F7D4C5BADA2309CF573DC60,Life Rolls On,Florida Georgia Line,"[
  {
    ""CLIENT_DOMAIN"": ""Luminate"",
    ""GENRES"": [
      ""Country""
    ],
    ""MAIN_GENRE"": ""Country""
  },
  {
    ""CLIENT_DOMAIN"": ""Billboard"",
    ""GENRES"": [
      ""Country""
    ],
    ""IS_APPROVED"": true,
    ""MAIN_GENRE"": ""Country""
  }
]",2021-02-12,2021-02-25,2,12636.27322348,2985
MRELGCBAE1C46133C4CAC9A517288FE26BD36,BUT HERE WE ARE,Foo Fighters,"[
  {
    ""CLIENT_DOMAIN"": ""Billboard"",
    ""GENRES"": [
      ""Rock"",
      ""Hard Rock"",
      ""Alt. Rock""
    ],
    ""IS_APPROVED"": true,
    ""MAIN_GENRE"": ""Alt. Rock""
  },
  {
    ""CLIENT_DOMAIN"": ""Luminate"",
    ""GENRES"": [
      ""Rock""
    ],
    ""MAIN_GENRE"": ""Rock""
  }
]",2023-06-02,2023-06-08,1,62168.32875003,54546
MRELGCBAE1C46133C4CAC9A517288FE26BD36,BUT HERE WE ARE,Foo Fighters,"[
  {
    ""CLIENT_DOMAIN"": ""Billboard"",
    ""GENRES"": [
      ""Rock"",
      ""Hard Rock"",
      ""Alt. Rock""
    ],
    ""IS_APPROVED"": true,
    ""MAIN_GENRE"": ""Alt. Rock""
  },
  {
    ""CLIENT_DOMAIN"": ""Luminate"",
    ""GENRES"": [
      ""Rock""
    ],
    ""MAIN_GENRE"": ""Rock""
  }
]",2023-06-02,2023-06-15,2,15918.94319016,12603
MRELG3DDB3B8F6F5B413A92CF67B1604A129E,CHILD OF GOD,Forrest Frank,"[
  {
    ""CLIENT_DOMAIN"": ""Luminate"",
    ""GENRES"": [
      ""Christian"",
      ""Others"",
      ""Religious""
    ],
    ""MAIN_GENRE"": ""Christian""
  },
  {
    ""CLIENT_DOMAIN"": ""Billboard"",
    ""GENRES"": [
      ""Christian"",
      ""Christian/Gospel""
    ],
    ""IS_APPROVED"": true,
    ""MAIN_GENRE"": ""Christian""
  }
]",2024-07-26,2024-08-01,1,21490.91877619,9774
MRELG3DDB3B8F6F5B413A92CF67B1604A129E,CHILD OF GOD,Forrest Frank,"[
  {
    ""CLIENT_DOMAIN"": ""Luminate"",
    ""GENRES"": [
      ""Christian"",
      ""Others"",
      ""Religious""
    ],
    ""MAIN_GENRE"": ""Christian""
  },
  {
    ""CLIENT_DOMAIN"": ""Billboard"",
    ""GENRES"": [
      ""Christian"",
      ""Christian/Gospel""
    ],
    ""IS_APPROVED"": true,
    ""MAIN_GENRE"": ""Christian""
  }
]",2024-07-26,2024-08-08,2,10360.50649277,878
MRELG84863354E58D4A9E87325D44F7F591ED,Child of God II,Forrest Frank,"[
  {
    ""CLIENT_DOMAIN"": ""Luminate"",
    ""GENRES"": [
      ""Christian"",
      ""Religious""
    ],
    ""MAIN_GENRE"": ""Christian""
  },
  {
    ""CLIENT_DOMAIN"": ""Billboard"",
    ""GENRES"": [
      ""Christian"",
      ""Christian/Gospel""
    ],
    ""IS_APPROVED"": true,
    ""MAIN_GENRE"": ""Christian""
  }
]",2025-05-09,2025-05-15,1,33116.33081027,11728
MRELG84863354E58D4A9E87325D44F7F591ED,Child of God II,Forrest Frank,"[
  {
    ""CLIENT_DOMAIN"": ""Luminate"",
    ""GENRES"": [
      ""Christian"",
      ""Religious""
    ],
    ""MAIN_GENRE"": ""Christian""
  },
  {
    ""CLIENT_DOMAIN"": ""Billboard"",
    ""GENRES"": [
      ""Christian"",
      ""Christian/Gospel""
    ],
    ""IS_APPROVED"": true,
    ""MAIN_GENRE"": ""Christian""
  }
]",2025-05-09,2025-05-22,2,19838.56945656,1867
MRELGF23D437768F84FE8819AA89411757F8C,$OUL $OLD $EPARATELY,Freddie Gibbs,"[
  {
    ""CLIENT_DOMAIN"": ""Luminate"",
    ""GENRES"": [
      ""Rap"",
      ""R&B/Hip-Hop""
    ],
    ""MAIN_GENRE"": ""Rap""
  },
  {
    ""CLIENT_DOMAIN"": ""Billboard"",
    ""GENRES"": [
      ""R&B/Hip-Hop"",
      ""Rap""
    ],
    ""IS_APPROVED"": true,
    ""MAIN_GENRE"": ""Rap""
  }
]",2022-09-30,2022-10-06,1,23840.77377079,6289
MRELGF23D437768F84FE8819AA89411757F8C,$OUL $OLD $EPARATELY,Freddie Gibbs,"[
  {
    ""CLIENT_DOMAIN"": ""Luminate"",
    ""GENRES"": [
      ""Rap"",
      ""R&B/Hip-Hop""
    ],
    ""MAIN_GENRE"": ""Rap""
  },
  {
    ""CLIENT_DOMAIN"": ""Billboard"",
    ""GENRES"": [
      ""R&B/Hip-Hop"",
      ""Rap""
    ],
    ""IS_APPROVED"": true,
    ""MAIN_GENRE"": ""Rap""
  }
]",2022-09-30,2022-10-13,2,8752.06690138,1163
MRELGA38316537CBA44F6B4256091F74A5E81,Alfredo 2,Freddie Gibbs & The Alchemist,"[
  {
    ""CLIENT_DOMAIN"": ""Billboard"",
    ""GENRES"": [
      ""Rap"",
      ""R&B/Hip-Hop""
    ],
    ""IS_APPROVED"": true,
    ""MAIN_GENRE"": ""Rap""
  },
  {
    ""CLIENT_DOMAIN"": ""Luminate"",
    ""GENRES"": [
      ""Rap"",
      ""R&B/Hip-Hop""
    ],
    ""MAIN_GENRE"": ""Rap""
  }
]",2025-07-25,2025-07-31,1,37249.81565166,15037
MRELGA38316537CBA44F6B4256091F74A5E81,Alfredo 2,Freddie Gibbs & The Alchemist,"[
  {
    ""CLIENT_DOMAIN"": ""Billboard"",
    ""GENRES"": [
      ""Rap"",
      ""R&B/Hip-Hop""
    ],
    ""IS_APPROVED"": true,
    ""MAIN_GENRE"": ""Rap""
  },
  {
    ""CLIENT_DOMAIN"": ""Luminate"",
    ""GENRES"": [
      ""Rap"",
      ""R&B/Hip-Hop""
    ],
    ""MAIN_GENRE"": ""Rap""
  }
]",2025-07-25,2025-08-07,2,16457.87640645,5681
MRELGE33D86293A8E48BC954E5BA9CE21E642,MONTANA,French Montana,"[
  {
    ""CLIENT_DOMAIN"": ""Luminate"",
    ""GENRES"": [
      ""Rap"",
      ""R&B/Hip-Hop""
    ],
    ""MAIN_GENRE"": ""Rap""
  },
  {
    ""CLIENT_DOMAIN"": ""Billboard"",
    ""GENRES"": [
      ""R&B/Hip-Hop"",
      ""Rap""
    ],
    ""IS_APPROVED"": true,
    ""MAIN_GENRE"": ""Rap""
  }
]",2019-12-06,2019-12-12,1,25804.11379575,6334
MRELGE33D86293A8E48BC954E5BA9CE21E642,MONTANA,French Montana,"[
  {
    ""CLIENT_DOMAIN"": ""Luminate"",
    ""GENRES"": [
      ""Rap"",
      ""R&B/Hip-Hop""
    ],
    ""MAIN_GENRE"": ""Rap""
  },
  {
    ""CLIENT_DOMAIN"": ""Billboard"",
    ""GENRES"": [
      ""R&B/Hip-Hop"",
      ""Rap""
    ],
    ""IS_APPROVED"": true,
    ""MAIN_GENRE"": ""Rap""
  }
]",2019-12-06,2019-12-19,2,11713.88832053,503
MRELG19BDAADCD2B947898D4DD814E2164779,111XPANTIA,Fuerza Regida,"[
  {
    ""CLIENT_DOMAIN"": ""Billboard"",
    ""GENRES"": [
      ""Latin"",
      ""Latin Reg. Mexican""
    ],
    ""IS_APPROVED"": true,
    ""MAIN_GENRE"": ""Latin Reg. Mexican""
  },
  {
    ""CLIENT_DOMAIN"": ""Luminate"",
    ""GENRES"": [
      ""Latin Pop"",
      ""Latin""
    ],
    ""MAIN_GENRE"": ""Latin""
  }
]",2025-05-02,2025-05-08,1,75437.21134915,38869
MRELG19BDAADCD2B947898D4DD814E2164779,111XPANTIA,Fuerza Regida,"[
  {
    ""CLIENT_DOMAIN"": ""Billboard"",
    ""GENRES"": [
      ""Latin"",
      ""Latin Reg. Mexican""
    ],
    ""IS_APPROVED"": true,
    ""MAIN_GENRE"": ""Latin Reg. Mexican""
  },
  {
    ""CLIENT_DOMAIN"": ""Luminate"",
    ""GENRES"": [
      ""Latin Pop"",
      ""Latin""
    ],
    ""MAIN_GENRE"": ""Latin""
  }
]",2025-05-02,2025-05-15,2,43473.16109278,5656
MRELG6E9B841FC74A415088AABBD7FF924947,Pa Las Baby's Y Belikeada,Fuerza Regida,"[
  {
    ""CLIENT_DOMAIN"": ""Billboard"",
    ""GENRES"": [
      ""Latin"",
      ""Latin Reg. Mexican""
    ],
    ""IS_APPROVED"": true,
    ""MAIN_GENRE"": ""Latin Reg. Mexican""
  },
  {
    ""CLIENT_DOMAIN"": ""Luminate"",
    ""GENRES"": [
      ""Latin""
    ],
    ""MAIN_GENRE"": ""Latin""
  }
]",2023-10-20,2023-10-26,1,37932.81896115,314
MRELG6E9B841FC74A415088AABBD7FF924947,Pa Las Baby's Y Belikeada,Fuerza Regida,"[
  {
    ""CLIENT_DOMAIN"": ""Billboard"",
    ""GENRES"": [
      ""Latin"",
      ""Latin Reg. Mexican""
    ],
    ""IS_APPROVED"": true,
    ""MAIN_GENRE"": ""Latin Reg. Mexican""
  },
  {
    ""CLIENT_DOMAIN"": ""Luminate"",
    ""GENRES"": [
      ""Latin""
    ],
    ""MAIN_GENRE"": ""Latin""
  }
]",2023-10-20,2023-11-02,2,27238.12536229,80
MRELG2A1DFF518C9149D6862C16F20EA1FD4F,BEASTMODE 2,Future,"[
  {
    ""CLIENT_DOMAIN"": ""Luminate"",
    ""GENRES"": [
      ""Rap"",
      ""R&B/Hip-Hop""
    ],
    ""MAIN_GENRE"": ""Rap""
  },
  {
    ""CLIENT_DOMAIN"": ""Billboard"",
    ""GENRES"": [
      ""R&B/Hip-Hop"",
      ""Rap""
    ],
    ""IS_APPROVED"": true,
    ""MAIN_GENRE"": ""Rap""
  }
]",2018-07-06,2018-07-12,1,59072.08408869,0
MRELG2A1DFF518C9149D6862C16F20EA1FD4F,BEASTMODE 2,Future,"[
  {
    ""CLIENT_DOMAIN"": ""Luminate"",
    ""GENRES"": [
      ""Rap"",
      ""R&B/Hip-Hop""
    ],
    ""MAIN_GENRE"": ""Rap""
  },
  {
    ""CLIENT_DOMAIN"": ""Billboard"",
    ""GENRES"": [
      ""R&B/Hip-Hop"",
      ""Rap""
    ],
    ""IS_APPROVED"": true,
    ""MAIN_GENRE"": ""Rap""
  }
]",2018-07-06,2018-07-19,2,27913.98292636,0
MRELG30B3C3F2A3C445ABB966F44E53DA57F4,I NEVER LIKED YOU,Future,"[
  {
    ""CLIENT_DOMAIN"": ""Luminate"",
    ""GENRES"": [
      ""Rap""
    ],
    ""MAIN_GENRE"": ""Rap""
  },
  {
    ""CLIENT_DOMAIN"": ""Billboard"",
    ""GENRES"": [
      ""R&B/Hip-Hop"",
      ""Rap""
    ],
    ""IS_APPROVED"": true,
    ""MAIN_GENRE"": ""Rap""
  }
]",2022-04-29,2022-05-05,1,221509.15261005,6316
MRELG30B3C3F2A3C445ABB966F44E53DA57F4,I NEVER LIKED YOU,Future,"[
  {
    ""CLIENT_DOMAIN"": ""Luminate"",
    ""GENRES"": [
      ""Rap""
    ],
    ""MAIN_GENRE"": ""Rap""
  },
  {
    ""CLIENT_DOMAIN"": ""Billboard"",
    ""GENRES"": [
      ""R&B/Hip-Hop"",
      ""Rap""
    ],
    ""IS_APPROVED"": true,
    ""MAIN_GENRE"": ""Rap""
  }
]",2022-04-29,2022-05-12,2,118487.05640927,1519
MRELGE206E986F8A843FA9B8FDA9F2A4C0DB5,MIXTAPE PLUTO,Future,"[
  {
    ""CLIENT_DOMAIN"": ""Billboard"",
    ""GENRES"": [
      ""Rap"",
      ""R&B/Hip-Hop""
    ],
    ""IS_APPROVED"": true,
    ""MAIN_GENRE"": ""Rap""
  },
  {
    ""CLIENT_DOMAIN"": ""Luminate"",
    ""GENRES"": [
      ""Rap"",
      ""R&B/Hip-Hop""
    ],
    ""MAIN_GENRE"": ""Rap""
  }
]",2024-09-20,2024-09-26,1,128730.27507693,10045
MRELGE206E986F8A843FA9B8FDA9F2A4C0DB5,MIXTAPE PLUTO,Future,"[
  {
    ""CLIENT_DOMAIN"": ""Billboard"",
    ""GENRES"": [
      ""Rap"",
      ""R&B/Hip-Hop""
    ],
    ""IS_APPROVED"": true,
    ""MAIN_GENRE"": ""Rap""
  },
  {
    ""CLIENT_DOMAIN"": ""Luminate"",
    ""GENRES"": [
      ""Rap"",
      ""R&B/Hip-Hop""
    ],
    ""MAIN_GENRE"": ""Rap""
  }
]",2024-09-20,2024-10-03,2,55889.16010331,688
MRELG2B7710AD4F694F018D1C8AAFC554AB42,SAVE ME,Future,"[
  {
    ""CLIENT_DOMAIN"": ""Billboard"",
    ""GENRES"": [
      ""Rap"",
      ""R&B/Hip-Hop""
    ],
    ""IS_APPROVED"": true,
    ""MAIN_GENRE"": ""Rap""
  },
  {
    ""CLIENT_DOMAIN"": ""Luminate"",
    ""GENRES"": [
      ""Rap"",
      ""R&B/Hip-Hop""
    ],
    ""MAIN_GENRE"": ""Rap""
  }
]",2019-06-07,2019-06-13,1,44050.89004582,5469
MRELG2B7710AD4F694F018D1C8AAFC554AB42,SAVE ME,Future,"[
  {
    ""CLIENT_DOMAIN"": ""Billboard"",
    ""GENRES"": [
      ""Rap"",
      ""R&B/Hip-Hop""
    ],
    ""IS_APPROVED"": true,
    ""MAIN_GENRE"": ""Rap""
  },
  {
    ""CLIENT_DOMAIN"": ""Luminate"",
    ""GENRES"": [
      ""Rap"",
      ""R&B/Hip-Hop""
    ],
    ""MAIN_GENRE"": ""Rap""
  }
]",2019-06-07,2019-06-20,2,14636.53605798,1302
MRELGE8A89BFDE7314795B037C654D085230E,We Don't Trust You,Future & Metro Boomin,"[
  {
    ""CLIENT_DOMAIN"": ""Billboard"",
    ""GENRES"": [
      ""Rap"",
      ""R&B/Hip-Hop""
    ],
    ""IS_APPROVED"": true,
    ""MAIN_GENRE"": ""Rap""
  },
  {
    ""CLIENT_DOMAIN"": ""Luminate"",
    ""GENRES"": [
      ""R&B/Hip-Hop""
    ],
    ""MAIN_GENRE"": ""R&B/Hip-Hop""
  }
]",2024-03-22,2024-03-28,1,251002.62524192,4351
MRELGE8A89BFDE7314795B037C654D085230E,We Don't Trust You,Future & Metro Boomin,"[
  {
    ""CLIENT_DOMAIN"": ""Billboard"",
    ""GENRES"": [
      ""Rap"",
      ""R&B/Hip-Hop""
    ],
    ""IS_APPROVED"": true,
    ""MAIN_GENRE"": ""Rap""
  },
  {
    ""CLIENT_DOMAIN"": ""Luminate"",
    ""GENRES"": [
      ""R&B/Hip-Hop""
    ],
    ""MAIN_GENRE"": ""R&B/Hip-Hop""
  }
]",2024-03-22,2024-04-04,2,130754.29079502,608
MRELG42D17163B62542EBA110E32E91F85EE0,Like That,Future & Metro Boomin Feat. Kendrick Lamar,"[
  {
    ""CLIENT_DOMAIN"": ""Billboard"",
    ""GENRES"": [
      ""R&B/Hip-Hop"",
      ""Rap""
    ],
    ""IS_APPROVED"": false,
    ""MAIN_GENRE"": ""Rap""
  },
  {
    ""CLIENT_DOMAIN"": ""Luminate"",
    ""GENRES"": [
      ""Rap"",
      ""R&B/Hip-Hop""
    ],
    ""MAIN_GENRE"": ""Rap""
  }
]",2024-05-16,2024-05-23,1,16819.65789451,0
MRELG42D17163B62542EBA110E32E91F85EE0,Like That,Future & Metro Boomin Feat. Kendrick Lamar,"[
  {
    ""CLIENT_DOMAIN"": ""Billboard"",
    ""GENRES"": [
      ""R&B/Hip-Hop"",
      ""Rap""
    ],
    ""IS_APPROVED"": false,
    ""MAIN_GENRE"": ""Rap""
  },
  {
    ""CLIENT_DOMAIN"": ""Luminate"",
    ""GENRES"": [
      ""Rap"",
      ""R&B/Hip-Hop""
    ],
    ""MAIN_GENRE"": ""Rap""
  }
]",2024-05-16,2024-05-30,2,14265.25994385,0
MRELG90428490FE964A22BA03E37775F1AF39,Type Shit,Future & Metro Boomin Feat. Travis Scott & Playboi Carti,"[
  {
    ""CLIENT_DOMAIN"": ""Luminate"",
    ""GENRES"": [
      ""Rap"",
      ""R&B/Hip-Hop""
    ],
    ""MAIN_GENRE"": ""Rap""
  },
  {
    ""CLIENT_DOMAIN"": ""Billboard"",
    ""GENRES"": [
      ""R&B/Hip-Hop"",
      ""Rap""
    ],
    ""IS_APPROVED"": false,
    ""MAIN_GENRE"": ""Rap""
  }
]",2024-03-22,2024-03-28,1,25511.86636351,0
MRELG90428490FE964A22BA03E37775F1AF39,Type Shit,Future & Metro Boomin Feat. Travis Scott & Playboi Carti,"[
  {
    ""CLIENT_DOMAIN"": ""Luminate"",
    ""GENRES"": [
      ""Rap"",
      ""R&B/Hip-Hop""
    ],
    ""MAIN_GENRE"": ""Rap""
  },
  {
    ""CLIENT_DOMAIN"": ""Billboard"",
    ""GENRES"": [
      ""R&B/Hip-Hop"",
      ""Rap""
    ],
    ""IS_APPROVED"": false,
    ""MAIN_GENRE"": ""Rap""
  }
]",2024-03-22,2024-04-04,2,15813.83735500,0
MRELGEE1869AB56AB4D3CBD3C7E96A081C8AB,25,G Herbo,"[
  {
    ""CLIENT_DOMAIN"": ""Billboard"",
    ""GENRES"": [
      ""Rap"",
      ""R&B/Hip-Hop""
    ],
    ""IS_APPROVED"": true,
    ""MAIN_GENRE"": ""Rap""
  },
  {
    ""CLIENT_DOMAIN"": ""Luminate"",
    ""GENRES"": [
      ""Indie Rock"",
      ""Rap"",
      ""R&B/Hip-Hop""
    ],
    ""MAIN_GENRE"": ""Rap""
  }
]",2021-07-02,2021-07-08,1,46014.18156816,1443
MRELGEE1869AB56AB4D3CBD3C7E96A081C8AB,25,G Herbo,"[
  {
    ""CLIENT_DOMAIN"": ""Billboard"",
    ""GENRES"": [
      ""Rap"",
      ""R&B/Hip-Hop""
    ],
    ""IS_APPROVED"": true,
    ""MAIN_GENRE"": ""Rap""
  },
  {
    ""CLIENT_DOMAIN"": ""Luminate"",
    ""GENRES"": [
      ""Indie Rock"",
      ""Rap"",
      ""R&B/Hip-Hop""
    ],
    ""MAIN_GENRE"": ""Rap""
  }
]",2021-07-02,2021-07-15,2,22618.04990910,255
MRELGBB19AA3D25614A1B8360B953E5CEBDA4,Lil Herb,G Herbo,"[
  {
    ""CLIENT_DOMAIN"": ""Luminate"",
    ""GENRES"": [
      ""Rap"",
      ""R&B/Hip-Hop""
    ],
    ""MAIN_GENRE"": ""Rap""
  },
  {
    ""CLIENT_DOMAIN"": ""Billboard"",
    ""GENRES"": [
      ""R&B/Hip-Hop"",
      ""Rap""
    ],
    ""IS_APPROVED"": true,
    ""MAIN_GENRE"": ""Rap""
  }
]",2025-11-07,2025-11-13,1,25110.15290745,2167
MRELGBB19AA3D25614A1B8360B953E5CEBDA4,Lil Herb,G Herbo,"[
  {
    ""CLIENT_DOMAIN"": ""Luminate"",
    ""GENRES"": [
      ""Rap"",
      ""R&B/Hip-Hop""
    ],
    ""MAIN_GENRE"": ""Rap""
  },
  {
    ""CLIENT_DOMAIN"": ""Billboard"",
    ""GENRES"": [
      ""R&B/Hip-Hop"",
      ""Rap""
    ],
    ""IS_APPROVED"": true,
    ""MAIN_GENRE"": ""Rap""
  }
]",2025-11-07,2025-11-20,2,15957.32972236,498
MRELG29C79797B5EF41D691086943A0DFC6A4,PTSD,G Herbo,"[
  {
    ""CLIENT_DOMAIN"": ""Billboard"",
    ""GENRES"": [
      ""Rap"",
      ""R&B/Hip-Hop""
    ],
    ""IS_APPROVED"": true,
    ""MAIN_GENRE"": ""Rap""
  },
  {
    ""CLIENT_DOMAIN"": ""Luminate"",
    ""GENRES"": [
      ""Rap"",
      ""R&B/Hip-Hop""
    ],
    ""MAIN_GENRE"": ""Rap""
  }
]",2020-02-28,2020-03-05,1,60019.61860521,4027
MRELG29C79797B5EF41D691086943A0DFC6A4,PTSD,G Herbo,"[
  {
    ""CLIENT_DOMAIN"": ""Billboard"",
    ""GENRES"": [
      ""Rap"",
      ""R&B/Hip-Hop""
    ],
    ""IS_APPROVED"": true,
    ""MAIN_GENRE"": ""Rap""
  },
  {
    ""CLIENT_DOMAIN"": ""Luminate"",
    ""GENRES"": [
      ""Rap"",
      ""R&B/Hip-Hop""
    ],
    ""MAIN_GENRE"": ""Rap""
  }
]",2020-02-28,2020-03-12,2,25972.80381939,426
MRELG24FA0B2CF98F4B12B82CBA43253EB165,Strictly 4 My Fans 2,G Herbo,"[
  {
    ""CLIENT_DOMAIN"": ""Billboard"",
    ""GENRES"": [
      ""Rap"",
      ""R&B/Hip-Hop""
    ],
    ""IS_APPROVED"": true,
    ""MAIN_GENRE"": ""Rap""
  },
  {
    ""CLIENT_DOMAIN"": ""Luminate"",
    ""GENRES"": [
      ""Rap"",
      ""R&B/Hip-Hop""
    ],
    ""MAIN_GENRE"": ""Rap""
  }
]",2023-04-28,2023-05-04,1,10062.35649290,235
MRELG24FA0B2CF98F4B12B82CBA43253EB165,Strictly 4 My Fans 2,G Herbo,"[
  {
    ""CLIENT_DOMAIN"": ""Billboard"",
    ""GENRES"": [
      ""Rap"",
      ""R&B/Hip-Hop""
    ],
    ""IS_APPROVED"": true,
    ""MAIN_GENRE"": ""Rap""
  },
  {
    ""CLIENT_DOMAIN"": ""Luminate"",
    ""GENRES"": [
      ""Rap"",
      ""R&B/Hip-Hop""
    ],
    ""MAIN_GENRE"": ""Rap""
  }
]",2023-04-28,2023-05-11,2,4175.50733097,23
MRELGE576765A083A4D4B9B723B55947229DF,Survivor's Remorse: A Side & B Side,G Herbo,"[
  {
    ""CLIENT_DOMAIN"": ""Billboard"",
    ""GENRES"": [
      ""Rap"",
      ""R&B/Hip-Hop""
    ],
    ""IS_APPROVED"": true,
    ""MAIN_GENRE"": ""Rap""
  },
  {
    ""CLIENT_DOMAIN"": ""Luminate"",
    ""GENRES"": [
      ""Rap"",
      ""R&B/Hip-Hop""
    ],
    ""MAIN_GENRE"": ""Rap""
  }
]",2022-10-07,2022-10-13,1,27798.45765659,165
MRELGE576765A083A4D4B9B723B55947229DF,Survivor's Remorse: A Side & B Side,G Herbo,"[
  {
    ""CLIENT_DOMAIN"": ""Billboard"",
    ""GENRES"": [
      ""Rap"",
      ""R&B/Hip-Hop""
    ],
    ""IS_APPROVED"": true,
    ""MAIN_GENRE"": ""Rap""
  },
  {
    ""CLIENT_DOMAIN"": ""Luminate"",
    ""GENRES"": [
      ""Rap"",
      ""R&B/Hip-Hop""
    ],
    ""MAIN_GENRE"": ""Rap""
  }
]",2022-10-07,2022-10-20,2,14674.55434188,128
MRELGDFA71E36538B4D73BB71F756344425B2,Swervo,G Herbo & Southside,"[
  {
    ""CLIENT_DOMAIN"": ""Luminate"",
    ""GENRES"": [
      ""Rap"",
      ""R&B/Hip-Hop""
    ],
    ""MAIN_GENRE"": ""Rap""
  },
  {
    ""CLIENT_DOMAIN"": ""Billboard"",
    ""GENRES"": [
      ""R&B/Hip-Hop"",
      ""Rap""
    ],
    ""IS_APPROVED"": true,
    ""MAIN_GENRE"": ""Rap""
  }
]",2018-07-27,2018-08-02,1,21210.85929718,2580
MRELGDFA71E36538B4D73BB71F756344425B2,Swervo,G Herbo & Southside,"[
  {
    ""CLIENT_DOMAIN"": ""Luminate"",
    ""GENRES"": [
      ""Rap"",
      ""R&B/Hip-Hop""
    ],
    ""MAIN_GENRE"": ""Rap""
  },
  {
    ""CLIENT_DOMAIN"": ""Billboard"",
    ""GENRES"": [
      ""R&B/Hip-Hop"",
      ""Rap""
    ],
    ""IS_APPROVED"": true,
    ""MAIN_GENRE"": ""Rap""
  }
]",2018-07-27,2018-08-09,2,9194.68978058,664
MRELG8D8FC9B52D55467C8BE86FFE6077EF8D,No Gods No Masters,GARBAGE,"[
  {
    ""CLIENT_DOMAIN"": ""Billboard"",
    ""GENRES"": [
      ""Rock"",
      ""Alt. Rock""
    ],
    ""IS_APPROVED"": true,
    ""MAIN_GENRE"": ""Alt. Rock""
  },
  {
    ""CLIENT_DOMAIN"": ""Luminate"",
    ""GENRES"": [
      ""Rock"",
      ""Alternative""
    ],
    ""MAIN_GENRE"": ""Rock""
  }
]",2021-06-11,2021-06-17,1,16922.58161429,16254
MRELG8D8FC9B52D55467C8BE86FFE6077EF8D,No Gods No Masters,GARBAGE,"[
  {
    ""CLIENT_DOMAIN"": ""Billboard"",
    ""GENRES"": [
      ""Rock"",
      ""Alt. Rock""
    ],
    ""IS_APPROVED"": true,
    ""MAIN_GENRE"": ""Alt. Rock""
  },
  {
    ""CLIENT_DOMAIN"": ""Luminate"",
    ""GENRES"": [
      ""Rock"",
      ""Alternative""
    ],
    ""MAIN_GENRE"": ""Rock""
  }
]",2021-06-11,2021-06-24,2,2944.97130771,2688
MRELG9266863A116240F091FFBFDEED673A80,Prequelle,GHOST,"[
  {
    ""CLIENT_DOMAIN"": ""Luminate"",
    ""GENRES"": [
      ""Rock"",
      ""Metal"",
      ""K-Pop""
    ],
    ""MAIN_GENRE"": ""Rock""
  },
  {
    ""CLIENT_DOMAIN"": ""Billboard"",
    ""GENRES"": [
      ""Hard Rock"",
      ""Rock""
    ],
    ""IS_APPROVED"": true,
    ""MAIN_GENRE"": ""Hard Rock""
  }
]",2018-06-01,2018-06-07,1,66181.59088581,61440
MRELG9266863A116240F091FFBFDEED673A80,Prequelle,GHOST,"[
  {
    ""CLIENT_DOMAIN"": ""Luminate"",
    ""GENRES"": [
      ""Rock"",
      ""Metal"",
      ""K-Pop""
    ],
    ""MAIN_GENRE"": ""Rock""
  },
  {
    ""CLIENT_DOMAIN"": ""Billboard"",
    ""GENRES"": [
      ""Hard Rock"",
      ""Rock""
    ],
    ""IS_APPROVED"": true,
    ""MAIN_GENRE"": ""Hard Rock""
  }
]",2018-06-01,2018-06-14,2,11869.33371525,9541
MRELGFA3215C825924743975021E2825403D8,GIVE OR TAKE,GIVĒON,"[
  {
    ""CLIENT_DOMAIN"": ""Luminate"",
    ""GENRES"": [
      ""R&B/Hip-Hop""
    ],
    ""MAIN_GENRE"": ""R&B/Hip-Hop""
  },
  {
    ""CLIENT_DOMAIN"": ""Billboard"",
    ""GENRES"": [
      ""R&B/Hip-Hop"",
      ""R&B""
    ],
    ""IS_APPROVED"": true,
    ""MAIN_GENRE"": ""R&B""
  }
]",2022-06-24,2022-06-30,1,42729.17689264,5267
MRELGFA3215C825924743975021E2825403D8,GIVE OR TAKE,GIVĒON,"[
  {
    ""CLIENT_DOMAIN"": ""Luminate"",
    ""GENRES"": [
      ""R&B/Hip-Hop""
    ],
    ""MAIN_GENRE"": ""R&B/Hip-Hop""
  },
  {
    ""CLIENT_DOMAIN"": ""Billboard"",
    ""GENRES"": [
      ""R&B/Hip-Hop"",
      ""R&B""
    ],
    ""IS_APPROVED"": true,
    ""MAIN_GENRE"": ""R&B""
  }
]",2022-06-24,2022-07-07,2,21772.36272759,987
MRELG3D59BF59784442DF8C56006049AE9175,When Legends Rise,GODSMACK,"[
  {
    ""CLIENT_DOMAIN"": ""Luminate"",
    ""GENRES"": [
      ""Rock"",
      ""Alternative"",
      ""Metal""
    ],
    ""MAIN_GENRE"": ""Rock""
  },
  {
    ""CLIENT_DOMAIN"": ""Billboard"",
    ""GENRES"": [
      ""Alt. Rock"",
      ""Hard Rock"",
      ""Rock""
    ],
    ""IS_APPROVED"": true,
    ""MAIN_GENRE"": ""Alt. Rock""
  }
]",2018-04-27,2018-05-03,1,39698.18537361,35560
MRELG3D59BF59784442DF8C56006049AE9175,When Legends Rise,GODSMACK,"[
  {
    ""CLIENT_DOMAIN"": ""Luminate"",
    ""GENRES"": [
      ""Rock"",
      ""Alternative"",
      ""Metal""
    ],
    ""MAIN_GENRE"": ""Rock""
  },
  {
    ""CLIENT_DOMAIN"": ""Billboard"",
    ""GENRES"": [
      ""Alt. Rock"",
      ""Hard Rock"",
      ""Rock""
    ],
    ""IS_APPROVED"": true,
    ""MAIN_GENRE"": ""Alt. Rock""
  }
]",2018-04-27,2018-05-10,2,10792.27565014,7925
MRELG31525D056E674DD3BF88552EE2D843C8,CRACKER ISLAND,GORILLAZ,"[
  {
    ""CLIENT_DOMAIN"": ""Billboard"",
    ""GENRES"": [
      ""Alt. Rock"",
      ""Rock""
    ],
    ""IS_APPROVED"": true,
    ""MAIN_GENRE"": ""Alt. Rock""
  },
  {
    ""CLIENT_DOMAIN"": ""Luminate"",
    ""GENRES"": [
      ""Indie Rock"",
      ""Rock"",
      ""Rap"",
      ""Alternative"",
      ""Electronica""
    ],
    ""MAIN_GENRE"": ""Rock""
  }
]",2023-02-24,2023-03-02,1,64159.25997654,48457
MRELG31525D056E674DD3BF88552EE2D843C8,CRACKER ISLAND,GORILLAZ,"[
  {
    ""CLIENT_DOMAIN"": ""Billboard"",
    ""GENRES"": [
      ""Alt. Rock"",
      ""Rock""
    ],
    ""IS_APPROVED"": true,
    ""MAIN_GENRE"": ""Alt. Rock""
  },
  {
    ""CLIENT_DOMAIN"": ""Luminate"",
    ""GENRES"": [
      ""Indie Rock"",
      ""Rock"",
      ""Rap"",
      ""Alternative"",
      ""Electronica""
    ],
    ""MAIN_GENRE"": ""Rock""
  }
]",2023-02-24,2023-03-09,2,19423.52181683,9878
MRELGEA8307E84BC34B44BBCE7520A37BFB73,"SONG MACHINE, SEASON ONE: STRANGE TIMEZ",GORILLAZ,"[
  {
    ""CLIENT_DOMAIN"": ""Luminate"",
    ""GENRES"": [
      ""Indie Rock"",
      ""Rock"",
      ""Rap"",
      ""Alternative"",
      ""Electronica""
    ],
    ""MAIN_GENRE"": ""Rock""
  },
  {
    ""CLIENT_DOMAIN"": ""Billboard"",
    ""GENRES"": [
      ""Alt. Rock"",
      ""Rock""
    ],
    ""IS_APPROVED"": true,
    ""MAIN_GENRE"": ""Alt. Rock""
  }
]",2020-10-23,2020-10-29,1,26078.30649439,20015
MRELGEA8307E84BC34B44BBCE7520A37BFB73,"SONG MACHINE, SEASON ONE: STRANGE TIMEZ",GORILLAZ,"[
  {
    ""CLIENT_DOMAIN"": ""Luminate"",
    ""GENRES"": [
      ""Indie Rock"",
      ""Rock"",
      ""Rap"",
      ""Alternative"",
      ""Electronica""
    ],
    ""MAIN_GENRE"": ""Rock""
  },
  {
    ""CLIENT_DOMAIN"": ""Billboard"",
    ""GENRES"": [
      ""Alt. Rock"",
      ""Rock""
    ],
    ""IS_APPROVED"": true,
    ""MAIN_GENRE"": ""Alt. Rock""
  }
]",2020-10-23,2020-11-05,2,13993.47554511,10985
MRELG1E41CEF1847B42F58C8715AC778FE885,THE NOW NOW,GORILLAZ,"[
  {
    ""CLIENT_DOMAIN"": ""Billboard"",
    ""GENRES"": [
      ""Alt. Rock"",
      ""Rock""
    ],
    ""IS_APPROVED"": true,
    ""MAIN_GENRE"": ""Alt. Rock""
  },
  {
    ""CLIENT_DOMAIN"": ""Luminate"",
    ""GENRES"": [
      ""Rock""
    ],
    ""MAIN_GENRE"": ""Rock""
  }
]",2018-06-29,2018-07-05,1,63030.54141395,51134
MRELG1E41CEF1847B42F58C8715AC778FE885,THE NOW NOW,GORILLAZ,"[
  {
    ""CLIENT_DOMAIN"": ""Billboard"",
    ""GENRES"": [
      ""Alt. Rock"",
      ""Rock""
    ],
    ""IS_APPROVED"": true,
    ""MAIN_GENRE"": ""Alt. Rock""
  },
  {
    ""CLIENT_DOMAIN"": ""Luminate"",
    ""GENRES"": [
      ""Rock""
    ],
    ""MAIN_GENRE"": ""Rock""
  }
]",2018-06-29,2018-07-12,2,14631.32241827,9622
MRELGA4384C338499416B89D9F96F98667FEA,FATHER OF ALL...,GREEN DAY,"[
  {
    ""CLIENT_DOMAIN"": ""Billboard"",
    ""GENRES"": [
      ""Rock"",
      ""Alt. Rock""
    ],
    ""IS_APPROVED"": true,
    ""MAIN_GENRE"": ""Alt. Rock""
  },
  {
    ""CLIENT_DOMAIN"": ""Luminate"",
    ""GENRES"": [
      ""Rock""
    ],
    ""MAIN_GENRE"": ""Rock""
  }
]",2020-02-07,2020-02-13,1,28885.76697194,23060
MRELGA4384C338499416B89D9F96F98667FEA,FATHER OF ALL...,GREEN DAY,"[
  {
    ""CLIENT_DOMAIN"": ""Billboard"",
    ""GENRES"": [
      ""Rock"",
      ""Alt. Rock""
    ],
    ""IS_APPROVED"": true,
    ""MAIN_GENRE"": ""Alt. Rock""
  },
  {
    ""CLIENT_DOMAIN"": ""Luminate"",
    ""GENRES"": [
      ""Rock""
    ],
    ""MAIN_GENRE"": ""Rock""
  }
]",2020-02-07,2020-02-20,2,4855.21014876,2884
MRELG14653CB5221A4033B766367BE9647DC0,SAVIORS,GREEN DAY,"[
  {
    ""CLIENT_DOMAIN"": ""Luminate"",
    ""GENRES"": [
      ""Rock""
    ],
    ""MAIN_GENRE"": ""Rock""
  },
  {
    ""CLIENT_DOMAIN"": ""Billboard"",
    ""GENRES"": [
      ""Rock"",
      ""Alt. Rock""
    ],
    ""IS_APPROVED"": true,
    ""MAIN_GENRE"": ""Alt. Rock""
  }
]",2024-01-19,2024-01-25,1,57799.07703889,48390
MRELG14653CB5221A4033B766367BE9647DC0,SAVIORS,GREEN DAY,"[
  {
    ""CLIENT_DOMAIN"": ""Luminate"",
    ""GENRES"": [
      ""Rock""
    ],
    ""MAIN_GENRE"": ""Rock""
  },
  {
    ""CLIENT_DOMAIN"": ""Billboard"",
    ""GENRES"": [
      ""Rock"",
      ""Alt. Rock""
    ],
    ""IS_APPROVED"": true,
    ""MAIN_GENRE"": ""Alt. Rock""
  }
]",2024-01-19,2024-02-01,2,14279.43331668,10089
MRELG788417F639B94B4794FECBCF0A923F0D,Starcatcher,GRETA VAN FLEET,"[
  {
    ""CLIENT_DOMAIN"": ""Luminate"",
    ""GENRES"": [
      ""Rock"",
      ""Alternative""
    ],
    ""MAIN_GENRE"": ""Rock""
  },
  {
    ""CLIENT_DOMAIN"": ""Billboard"",
    ""GENRES"": [
      ""Rock"",
      ""Hard Rock""
    ],
    ""IS_APPROVED"": true,
    ""MAIN_GENRE"": ""Hard Rock""
  }
]",2023-07-21,2023-07-27,1,45568.65221635,40904
MRELG788417F639B94B4794FECBCF0A923F0D,Starcatcher,GRETA VAN FLEET,"[
  {
    ""CLIENT_DOMAIN"": ""Luminate"",
    ""GENRES"": [
      ""Rock"",
      ""Alternative""
    ],
    ""MAIN_GENRE"": ""Rock""
  },
  {
    ""CLIENT_DOMAIN"": ""Billboard"",
    ""GENRES"": [
      ""Rock"",
      ""Hard Rock""
    ],
    ""IS_APPROVED"": true,
    ""MAIN_GENRE"": ""Hard Rock""
  }
]",2023-07-21,2023-08-03,2,8397.87877023,6240
MRELG8AADB3BC6DA34F728509133B50AA497B,ICE DADDY,GUCCI MANE,"[
  {
    ""CLIENT_DOMAIN"": ""Billboard"",
    ""GENRES"": [
      ""R&B/Hip-Hop"",
      ""Rap""
    ],
    ""IS_APPROVED"": true,
    ""MAIN_GENRE"": ""Rap""
  },
  {
    ""CLIENT_DOMAIN"": ""Luminate"",
    ""GENRES"": [
      ""Rap"",
      ""R&B/Hip-Hop""
    ],
    ""MAIN_GENRE"": ""Rap""
  }
]",2021-06-17,2021-06-24,1,17101.88254926,1015
MRELG8AADB3BC6DA34F728509133B50AA497B,ICE DADDY,GUCCI MANE,"[
  {
    ""CLIENT_DOMAIN"": ""Billboard"",
    ""GENRES"": [
      ""R&B/Hip-Hop"",
      ""Rap""
    ],
    ""IS_APPROVED"": true,
    ""MAIN_GENRE"": ""Rap""
  },
  {
    ""CLIENT_DOMAIN"": ""Luminate"",
    ""GENRES"": [
      ""Rap"",
      ""R&B/Hip-Hop""
    ],
    ""MAIN_GENRE"": ""Rap""
  }
]",2021-06-17,2021-07-01,2,8974.35558463,107
MRELGE531F8E5FB874744BAE963E6861DED72,WOPTOBER II,GUCCI MANE,"[
  {
    ""CLIENT_DOMAIN"": ""Billboard"",
    ""GENRES"": [
      ""R&B/Hip-Hop"",
      ""Rap""
    ],
    ""IS_APPROVED"": true,
    ""MAIN_GENRE"": ""Rap""
  },
  {
    ""CLIENT_DOMAIN"": ""Luminate"",
    ""GENRES"": [
      ""Rap"",
      ""R&B/Hip-Hop""
    ],
    ""MAIN_GENRE"": ""Rap""
  }
]",2019-10-18,2019-10-24,1,32150.84109347,2317
MRELGE531F8E5FB874744BAE963E6861DED72,WOPTOBER II,GUCCI MANE,"[
  {
    ""CLIENT_DOMAIN"": ""Billboard"",
    ""GENRES"": [
      ""R&B/Hip-Hop"",
      ""Rap""
    ],
    ""IS_APPROVED"": true,
    ""MAIN_GENRE"": ""Rap""
  },
  {
    ""CLIENT_DOMAIN"": ""Luminate"",
    ""GENRES"": [
      ""Rap"",
      ""R&B/Hip-Hop""
    ],
    ""MAIN_GENRE"": ""Rap""
  }
]",2019-10-18,2019-10-31,2,17407.20930872,494
MRELG0847A26410B94F74BD28415CF6C0DB4A,Own Worst Enemy,Gavin Adcock,"[
  {
    ""CLIENT_DOMAIN"": ""Billboard"",
    ""GENRES"": [
      ""Country""
    ],
    ""IS_APPROVED"": true,
    ""MAIN_GENRE"": ""Country""
  },
  {
    ""CLIENT_DOMAIN"": ""Luminate"",
    ""GENRES"": [
      ""Alternative"",
      ""Country""
    ],
    ""MAIN_GENRE"": ""Country""
  }
]",2025-08-15,2025-08-21,1,23752.65748155,3900
MRELG0847A26410B94F74BD28415CF6C0DB4A,Own Worst Enemy,Gavin Adcock,"[
  {
    ""CLIENT_DOMAIN"": ""Billboard"",
    ""GENRES"": [
      ""Country""
    ],
    ""IS_APPROVED"": true,
    ""MAIN_GENRE"": ""Country""
  },
  {
    ""CLIENT_DOMAIN"": ""Luminate"",
    ""GENRES"": [
      ""Alternative"",
      ""Country""
    ],
    ""MAIN_GENRE"": ""Country""
  }
]",2025-08-15,2025-08-28,2,16436.70716234,1439
MRELG0486B4466E9545508B12822CBF3DBC98,Cowboys And Dreamers,George Strait,"[
  {
    ""CLIENT_DOMAIN"": ""Billboard"",
    ""GENRES"": [
      ""Country""
    ],
    ""IS_APPROVED"": true,
    ""MAIN_GENRE"": ""Country""
  },
  {
    ""CLIENT_DOMAIN"": ""Luminate"",
    ""GENRES"": [
      ""Country & Folk"",
      ""Country""
    ],
    ""MAIN_GENRE"": ""Country""
  }
]",2024-09-06,2024-09-12,1,26754.85212972,22094
MRELG0486B4466E9545508B12822CBF3DBC98,Cowboys And Dreamers,George Strait,"[
  {
    ""CLIENT_DOMAIN"": ""Billboard"",
    ""GENRES"": [
      ""Country""
    ],
    ""IS_APPROVED"": true,
    ""MAIN_GENRE"": ""Country""
  },
  {
    ""CLIENT_DOMAIN"": ""Luminate"",
    ""GENRES"": [
      ""Country & Folk"",
      ""Country""
    ],
    ""MAIN_GENRE"": ""Country""
  }
]",2024-09-06,2024-09-19,2,7933.84944407,5268
MRELGF97E22CA20A64730A30885EAA14D47A9,Honky Tonk Time Machine,George Strait,"[
  {
    ""CLIENT_DOMAIN"": ""Billboard"",
    ""GENRES"": [
      ""Country""
    ],
    ""IS_APPROVED"": true,
    ""MAIN_GENRE"": ""Country""
  },
  {
    ""CLIENT_DOMAIN"": ""Luminate"",
    ""GENRES"": [
      ""Country""
    ],
    ""MAIN_GENRE"": ""Country""
  }
]",2019-03-29,2019-04-04,1,50117.71118663,43563
MRELGF97E22CA20A64730A30885EAA14D47A9,Honky Tonk Time Machine,George Strait,"[
  {
    ""CLIENT_DOMAIN"": ""Billboard"",
    ""GENRES"": [
      ""Country""
    ],
    ""IS_APPROVED"": true,
    ""MAIN_GENRE"": ""Country""
  },
  {
    ""CLIENT_DOMAIN"": ""Luminate"",
    ""GENRES"": [
      ""Country""
    ],
    ""MAIN_GENRE"": ""Country""
  }
]",2019-03-29,2019-04-11,2,22728.93362675,17879
MRELGF6990FEF90BE468AB3928A4F81CE1476,IMPERA,Ghost,"[
  {
    ""CLIENT_DOMAIN"": ""Luminate"",
    ""GENRES"": [
      ""Rock"",
      ""Metal""
    ],
    ""MAIN_GENRE"": ""Metal""
  },
  {
    ""CLIENT_DOMAIN"": ""Billboard"",
    ""GENRES"": [
      ""Hard Rock"",
      ""Rock""
    ],
    ""IS_APPROVED"": true,
    ""MAIN_GENRE"": ""Hard Rock""
  }
]",2022-03-11,2022-03-17,1,68636.76464531,62023
MRELGF6990FEF90BE468AB3928A4F81CE1476,IMPERA,Ghost,"[
  {
    ""CLIENT_DOMAIN"": ""Luminate"",
    ""GENRES"": [
      ""Rock"",
      ""Metal""
    ],
    ""MAIN_GENRE"": ""Metal""
  },
  {
    ""CLIENT_DOMAIN"": ""Billboard"",
    ""GENRES"": [
      ""Hard Rock"",
      ""Rock""
    ],
    ""IS_APPROVED"": true,
    ""MAIN_GENRE"": ""Hard Rock""
  }
]",2022-03-11,2022-03-24,2,14545.62353678,10831
MRELG6860691103DB44DD9B0780C1EEE8F520,Phantomime,Ghost,"[
  {
    ""CLIENT_DOMAIN"": ""Billboard"",
    ""GENRES"": [
      ""Rock"",
      ""Hard Rock""
    ],
    ""IS_APPROVED"": true,
    ""MAIN_GENRE"": ""Hard Rock""
  },
  {
    ""CLIENT_DOMAIN"": ""Luminate"",
    ""GENRES"": [
      ""Rock""
    ],
    ""MAIN_GENRE"": ""Rock""
  }
]",2023-05-18,2023-05-25,1,28390.00000000,28390
MRELG6860691103DB44DD9B0780C1EEE8F520,Phantomime,Ghost,"[
  {
    ""CLIENT_DOMAIN"": ""Billboard"",
    ""GENRES"": [
      ""Rock"",
      ""Hard Rock""
    ],
    ""IS_APPROVED"": true,
    ""MAIN_GENRE"": ""Hard Rock""
  },
  {
    ""CLIENT_DOMAIN"": ""Luminate"",
    ""GENRES"": [
      ""Rock""
    ],
    ""MAIN_GENRE"": ""Rock""
  }
]",2023-05-18,2023-06-01,2,4809.00000000,4809
MRELGA0C586845A354E5CA10BEC0BAFC1392F,Skeletá,Ghost,"[
  {
    ""CLIENT_DOMAIN"": ""Billboard"",
    ""GENRES"": [
      ""Rock"",
      ""Hard Rock""
    ],
    ""IS_APPROVED"": true,
    ""MAIN_GENRE"": ""Hard Rock""
  },
  {
    ""CLIENT_DOMAIN"": ""Luminate"",
    ""GENRES"": [
      ""Rock"",
      ""Metal""
    ],
    ""MAIN_GENRE"": ""Rock""
  }
]",2025-04-25,2025-05-01,1,85958.09223170,77095
MRELGA0C586845A354E5CA10BEC0BAFC1392F,Skeletá,Ghost,"[
  {
    ""CLIENT_DOMAIN"": ""Billboard"",
    ""GENRES"": [
      ""Rock"",
      ""Hard Rock""
    ],
    ""IS_APPROVED"": true,
    ""MAIN_GENRE"": ""Hard Rock""
  },
  {
    ""CLIENT_DOMAIN"": ""Luminate"",
    ""GENRES"": [
      ""Rock"",
      ""Metal""
    ],
    ""MAIN_GENRE"": ""Rock""
  }
]",2025-04-25,2025-05-08,2,15332.35515817,10552
MRELG059E107B417241AA8CCE0BB18C3A4CDF,Dreamland,Glass Animals,"[
  {
    ""CLIENT_DOMAIN"": ""Billboard"",
    ""GENRES"": [
      ""Alt. Rock"",
      ""Rock""
    ],
    ""IS_APPROVED"": true,
    ""MAIN_GENRE"": ""Alt. Rock""
  },
  {
    ""CLIENT_DOMAIN"": ""Luminate"",
    ""GENRES"": [
      ""Rock"",
      ""Pop""
    ],
    ""MAIN_GENRE"": ""Rock""
  }
]",2020-08-07,2020-08-13,1,59429.77313443,42524
MRELG059E107B417241AA8CCE0BB18C3A4CDF,Dreamland,Glass Animals,"[
  {
    ""CLIENT_DOMAIN"": ""Billboard"",
    ""GENRES"": [
      ""Alt. Rock"",
      ""Rock""
    ],
    ""IS_APPROVED"": true,
    ""MAIN_GENRE"": ""Alt. Rock""
  },
  {
    ""CLIENT_DOMAIN"": ""Luminate"",
    ""GENRES"": [
      ""Rock"",
      ""Pop""
    ],
    ""MAIN_GENRE"": ""Rock""
  }
]",2020-08-07,2020-08-20,2,14671.19816882,4628
MRELGC55563075D0245FBBFD4739907C237A1,I Love You So F***ing Much,Glass Animals,"[
  {
    ""CLIENT_DOMAIN"": ""Billboard"",
    ""GENRES"": [
      ""Rock"",
      ""Alt. Rock""
    ],
    ""IS_APPROVED"": true,
    ""MAIN_GENRE"": ""Alt. Rock""
  },
  {
    ""CLIENT_DOMAIN"": ""Luminate"",
    ""GENRES"": [
      ""Rock""
    ],
    ""MAIN_GENRE"": ""Rock""
  }
]",2024-07-19,2024-07-25,1,39442.97809035,26739
MRELGC55563075D0245FBBFD4739907C237A1,I Love You So F***ing Much,Glass Animals,"[
  {
    ""CLIENT_DOMAIN"": ""Billboard"",
    ""GENRES"": [
      ""Rock"",
      ""Alt. Rock""
    ],
    ""IS_APPROVED"": true,
    ""MAIN_GENRE"": ""Alt. Rock""
  },
  {
    ""CLIENT_DOMAIN"": ""Luminate"",
    ""GENRES"": [
      ""Rock""
    ],
    ""MAIN_GENRE"": ""Rock""
  }
]",2024-07-19,2024-08-01,2,9368.95687335,2173
MRELGC31AC0F2811147F1B840226CA8AF32EF,"Anyways, Life's Great... (Bonus Edition)",GloRilla,"[
  {
    ""CLIENT_DOMAIN"": ""Billboard"",
    ""GENRES"": [
      ""Rap"",
      ""R&B/Hip-Hop""
    ],
    ""IS_APPROVED"": true,
    ""MAIN_GENRE"": ""Rap""
  },
  {
    ""CLIENT_DOMAIN"": ""Luminate"",
    ""GENRES"": [
      ""Rap"",
      ""R&B/Hip-Hop""
    ],
    ""MAIN_GENRE"": ""Rap""
  }
]",2022-11-11,2022-11-17,1,26133.98958864,6169
MRELGC31AC0F2811147F1B840226CA8AF32EF,"Anyways, Life's Great... (Bonus Edition)",GloRilla,"[
  {
    ""CLIENT_DOMAIN"": ""Billboard"",
    ""GENRES"": [
      ""Rap"",
      ""R&B/Hip-Hop""
    ],
    ""IS_APPROVED"": true,
    ""MAIN_GENRE"": ""Rap""
  },
  {
    ""CLIENT_DOMAIN"": ""Luminate"",
    ""GENRES"": [
      ""Rap"",
      ""R&B/Hip-Hop""
    ],
    ""MAIN_GENRE"": ""Rap""
  }
]",2022-11-11,2022-11-24,2,17086.76974347,40
MRELGCE0D168F8ACD426DA432A56E724025AA,"Anyways, Life’s Great…",GloRilla,"[
  {
    ""CLIENT_DOMAIN"": ""Billboard"",
    ""GENRES"": [
      ""Rap"",
      ""R&B/Hip-Hop""
    ],
    ""IS_APPROVED"": true,
    ""MAIN_GENRE"": ""Rap""
  },
  {
    ""CLIENT_DOMAIN"": ""Luminate"",
    ""GENRES"": [
      ""Rap"",
      ""R&B/Hip-Hop""
    ],
    ""MAIN_GENRE"": ""Rap""
  }
]",2022-11-11,2022-11-17,1,22408.90883870,1963
MRELGCE0D168F8ACD426DA432A56E724025AA,"Anyways, Life’s Great…",GloRilla,"[
  {
    ""CLIENT_DOMAIN"": ""Billboard"",
    ""GENRES"": [
      ""Rap"",
      ""R&B/Hip-Hop""
    ],
    ""IS_APPROVED"": true,
    ""MAIN_GENRE"": ""Rap""
  },
  {
    ""CLIENT_DOMAIN"": ""Luminate"",
    ""GENRES"": [
      ""Rap"",
      ""R&B/Hip-Hop""
    ],
    ""MAIN_GENRE"": ""Rap""
  }
]",2022-11-11,2022-11-24,2,17604.31779794,157
MRELG6337C80EF1DC4404A05653CE97EB77B0,GLORIOUS,GloRilla,"[
  {
    ""CLIENT_DOMAIN"": ""Luminate"",
    ""GENRES"": [
      ""Rap"",
      ""R&B/Hip-Hop""
    ],
    ""MAIN_GENRE"": ""Rap""
  },
  {
    ""CLIENT_DOMAIN"": ""Billboard"",
    ""GENRES"": [
      ""Rap"",
      ""R&B/Hip-Hop""
    ],
    ""IS_APPROVED"": true,
    ""MAIN_GENRE"": ""Rap""
  }
]",2024-10-11,2024-10-17,1,69153.02630674,11783
MRELG6337C80EF1DC4404A05653CE97EB77B0,GLORIOUS,GloRilla,"[
  {
    ""CLIENT_DOMAIN"": ""Luminate"",
    ""GENRES"": [
      ""Rap"",
      ""R&B/Hip-Hop""
    ],
    ""MAIN_GENRE"": ""Rap""
  },
  {
    ""CLIENT_DOMAIN"": ""Billboard"",
    ""GENRES"": [
      ""Rap"",
      ""R&B/Hip-Hop""
    ],
    ""IS_APPROVED"": true,
    ""MAIN_GENRE"": ""Rap""
  }
]",2024-10-11,2024-10-24,2,49877.15717576,1705
MRELG344CA022C8374100A2F0A7BED2FAA1F3,TGIF,GloRilla,"[
  {
    ""CLIENT_DOMAIN"": ""Billboard"",
    ""GENRES"": [
      ""Rap"",
      ""R&B/Hip-Hop""
    ],
    ""IS_APPROVED"": true,
    ""MAIN_GENRE"": ""Rap""
  },
  {
    ""CLIENT_DOMAIN"": ""Luminate"",
    ""GENRES"": [
      ""Rap"",
      ""R&B/Hip-Hop""
    ],
    ""MAIN_GENRE"": ""Rap""
  }
]",2024-06-20,2024-06-27,1,21944.01345626,23
MRELG344CA022C8374100A2F0A7BED2FAA1F3,TGIF,GloRilla,"[
  {
    ""CLIENT_DOMAIN"": ""Billboard"",
    ""GENRES"": [
      ""Rap"",
      ""R&B/Hip-Hop""
    ],
    ""IS_APPROVED"": true,
    ""MAIN_GENRE"": ""Rap""
  },
  {
    ""CLIENT_DOMAIN"": ""Luminate"",
    ""GENRES"": [
      ""Rap"",
      ""R&B/Hip-Hop""
    ],
    ""MAIN_GENRE"": ""Rap""
  }
]",2024-06-20,2024-07-04,2,24767.45954152,14
MRELG174EA8B5E8AE4FDBB1F4D2BDD60FFCE6,Lighting Up The Sky,Godsmack,"[
  {
    ""CLIENT_DOMAIN"": ""Luminate"",
    ""GENRES"": [
      ""Rock""
    ],
    ""MAIN_GENRE"": ""Rock""
  },
  {
    ""CLIENT_DOMAIN"": ""Billboard"",
    ""GENRES"": [
      ""Hard Rock"",
      ""Alt. Rock"",
      ""Rock""
    ],
    ""IS_APPROVED"": true,
    ""MAIN_GENRE"": ""Alt. Rock""
  }
]",2023-02-24,2023-03-02,1,20875.20007720,18167
MRELG174EA8B5E8AE4FDBB1F4D2BDD60FFCE6,Lighting Up The Sky,Godsmack,"[
  {
    ""CLIENT_DOMAIN"": ""Luminate"",
    ""GENRES"": [
      ""Rock""
    ],
    ""MAIN_GENRE"": ""Rock""
  },
  {
    ""CLIENT_DOMAIN"": ""Billboard"",
    ""GENRES"": [
      ""Hard Rock"",
      ""Alt. Rock"",
      ""Rock""
    ],
    ""IS_APPROVED"": true,
    ""MAIN_GENRE"": ""Alt. Rock""
  }
]",2023-02-24,2023-03-09,2,7099.91524112,5562
MRELG9338A6BD4480401F8D03B6FDB80572D8,The Secret of Us,Gracie Abrams,"[
  {
    ""CLIENT_DOMAIN"": ""Billboard"",
    ""GENRES"": [
      ""Pop""
    ],
    ""IS_APPROVED"": true,
    ""MAIN_GENRE"": ""Pop""
  },
  {
    ""CLIENT_DOMAIN"": ""Luminate"",
    ""GENRES"": [
      ""Pop""
    ],
    ""MAIN_GENRE"": ""Pop""
  }
]",2024-06-21,2024-06-27,1,88506.01250531,50254
MRELG9338A6BD4480401F8D03B6FDB80572D8,The Secret of Us,Gracie Abrams,"[
  {
    ""CLIENT_DOMAIN"": ""Billboard"",
    ""GENRES"": [
      ""Pop""
    ],
    ""IS_APPROVED"": true,
    ""MAIN_GENRE"": ""Pop""
  },
  {
    ""CLIENT_DOMAIN"": ""Luminate"",
    ""GENRES"": [
      ""Pop""
    ],
    ""MAIN_GENRE"": ""Pop""
  }
]",2024-06-21,2024-07-04,2,32038.76235675,7958
MRELG3F47607640BD46A4B2154C38696047C3,Anthem Of The Peaceful Army,Greta Van Fleet,"[
  {
    ""CLIENT_DOMAIN"": ""Luminate"",
    ""GENRES"": [
      ""Rock""
    ],
    ""MAIN_GENRE"": ""Rock""
  },
  {
    ""CLIENT_DOMAIN"": ""Billboard"",
    ""GENRES"": [
      ""Rock"",
      ""Hard Rock""
    ],
    ""IS_APPROVED"": true,
    ""MAIN_GENRE"": ""Hard Rock""
  }
]",2018-10-19,2018-10-25,1,86571.46523993,80306
MRELG3F47607640BD46A4B2154C38696047C3,Anthem Of The Peaceful Army,Greta Van Fleet,"[
  {
    ""CLIENT_DOMAIN"": ""Luminate"",
    ""GENRES"": [
      ""Rock""
    ],
    ""MAIN_GENRE"": ""Rock""
  },
  {
    ""CLIENT_DOMAIN"": ""Billboard"",
    ""GENRES"": [
      ""Rock"",
      ""Hard Rock""
    ],
    ""IS_APPROVED"": true,
    ""MAIN_GENRE"": ""Hard Rock""
  }
]",2018-10-19,2018-11-01,2,17822.30221844,14694
MRELG4D6EBF4195734180BD0B113480C45E60,EL COMIENZO,Grupo Frontera,"[
  {
    ""CLIENT_DOMAIN"": ""Luminate"",
    ""GENRES"": [
      ""Latin""
    ],
    ""MAIN_GENRE"": ""Latin""
  },
  {
    ""CLIENT_DOMAIN"": ""Billboard"",
    ""GENRES"": [
      ""Latin Reg. Mexican"",
      ""Latin""
    ],
    ""IS_APPROVED"": true,
    ""MAIN_GENRE"": ""Latin Reg. Mexican""
  }
]",2023-08-03,2023-08-10,1,22010.01319405,176
MRELG4D6EBF4195734180BD0B113480C45E60,EL COMIENZO,Grupo Frontera,"[
  {
    ""CLIENT_DOMAIN"": ""Luminate"",
    ""GENRES"": [
      ""Latin""
    ],
    ""MAIN_GENRE"": ""Latin""
  },
  {
    ""CLIENT_DOMAIN"": ""Billboard"",
    ""GENRES"": [
      ""Latin Reg. Mexican"",
      ""Latin""
    ],
    ""IS_APPROVED"": true,
    ""MAIN_GENRE"": ""Latin Reg. Mexican""
  }
]",2023-08-03,2023-08-17,2,18106.17517120,81
MRELG5B788AD52077480EBF4C6762D0F403AF,DELUSIONS OF GRANDEUR,Gucci Mane,"[
  {
    ""CLIENT_DOMAIN"": ""Billboard"",
    ""GENRES"": [
      ""Rap"",
      ""R&B/Hip-Hop""
    ],
    ""IS_APPROVED"": true,
    ""MAIN_GENRE"": ""Rap""
  },
  {
    ""CLIENT_DOMAIN"": ""Luminate"",
    ""GENRES"": [
      ""Rap"",
      ""R&B/Hip-Hop""
    ],
    ""MAIN_GENRE"": ""Rap""
  }
]",2019-06-21,2019-06-27,1,33185.43047875,2628
MRELG5B788AD52077480EBF4C6762D0F403AF,DELUSIONS OF GRANDEUR,Gucci Mane,"[
  {
    ""CLIENT_DOMAIN"": ""Billboard"",
    ""GENRES"": [
      ""Rap"",
      ""R&B/Hip-Hop""
    ],
    ""IS_APPROVED"": true,
    ""MAIN_GENRE"": ""Rap""
  },
  {
    ""CLIENT_DOMAIN"": ""Luminate"",
    ""GENRES"": [
      ""Rap"",
      ""R&B/Hip-Hop""
    ],
    ""MAIN_GENRE"": ""Rap""
  }
]",2019-06-21,2019-07-04,2,15810.58573433,887
MRELGF4E3CAC3B5804CC282EDFBB6AFD727B6,Evil Genius,Gucci Mane,"[
  {
    ""CLIENT_DOMAIN"": ""Billboard"",
    ""GENRES"": [
      ""R&B/Hip-Hop"",
      ""Rap""
    ],
    ""IS_APPROVED"": true,
    ""MAIN_GENRE"": ""Rap""
  },
  {
    ""CLIENT_DOMAIN"": ""Luminate"",
    ""GENRES"": [
      ""Rap"",
      ""R&B/Hip-Hop""
    ],
    ""MAIN_GENRE"": ""Rap""
  }
]",2018-12-07,2018-12-13,1,55209.43363187,5048
MRELGF4E3CAC3B5804CC282EDFBB6AFD727B6,Evil Genius,Gucci Mane,"[
  {
    ""CLIENT_DOMAIN"": ""Billboard"",
    ""GENRES"": [
      ""R&B/Hip-Hop"",
      ""Rap""
    ],
    ""IS_APPROVED"": true,
    ""MAIN_GENRE"": ""Rap""
  },
  {
    ""CLIENT_DOMAIN"": ""Luminate"",
    ""GENRES"": [
      ""Rap"",
      ""R&B/Hip-Hop""
    ],
    ""MAIN_GENRE"": ""Rap""
  }
]",2018-12-07,2018-12-20,2,30915.95513318,1201
MRELG87D4CABC0F1D47598AFDE84A80A3EF3A,DS4EVER,Gunna,"[
  {
    ""CLIENT_DOMAIN"": ""Luminate"",
    ""GENRES"": [
      ""Rap"",
      ""R&B/Hip-Hop""
    ],
    ""MAIN_GENRE"": ""Rap""
  },
  {
    ""CLIENT_DOMAIN"": ""Billboard"",
    ""GENRES"": [
      ""R&B/Hip-Hop"",
      ""Rap""
    ],
    ""IS_APPROVED"": true,
    ""MAIN_GENRE"": ""Rap""
  }
]",2022-01-06,2022-01-13,1,150269.61505214,4736
MRELG87D4CABC0F1D47598AFDE84A80A3EF3A,DS4EVER,Gunna,"[
  {
    ""CLIENT_DOMAIN"": ""Luminate"",
    ""GENRES"": [
      ""Rap"",
      ""R&B/Hip-Hop""
    ],
    ""MAIN_GENRE"": ""Rap""
  },
  {
    ""CLIENT_DOMAIN"": ""Billboard"",
    ""GENRES"": [
      ""R&B/Hip-Hop"",
      ""Rap""
    ],
    ""IS_APPROVED"": true,
    ""MAIN_GENRE"": ""Rap""
  }
]",2022-01-06,2022-01-20,2,95836.27897875,705
MRELG0E7B84042146439D8A1AB5A682AB39AF,Drip or Drown 2,Gunna,"[
  {
    ""CLIENT_DOMAIN"": ""Billboard"",
    ""GENRES"": [
      ""R&B/Hip-Hop"",
      ""Rap""
    ],
    ""IS_APPROVED"": true,
    ""MAIN_GENRE"": ""Rap""
  },
  {
    ""CLIENT_DOMAIN"": ""Luminate"",
    ""GENRES"": [
      ""Rap"",
      ""R&B/Hip-Hop""
    ],
    ""MAIN_GENRE"": ""Rap""
  }
]",2019-02-21,2019-02-28,1,95275.72079267,4914
MRELG0E7B84042146439D8A1AB5A682AB39AF,Drip or Drown 2,Gunna,"[
  {
    ""CLIENT_DOMAIN"": ""Billboard"",
    ""GENRES"": [
      ""R&B/Hip-Hop"",
      ""Rap""
    ],
    ""IS_APPROVED"": true,
    ""MAIN_GENRE"": ""Rap""
  },
  {
    ""CLIENT_DOMAIN"": ""Luminate"",
    ""GENRES"": [
      ""Rap"",
      ""R&B/Hip-Hop""
    ],
    ""MAIN_GENRE"": ""Rap""
  }
]",2019-02-21,2019-03-07,2,46582.86734348,730
MRELG3B6CD1045A564BB68F6618F03A5FB742,One of Wun,Gunna,"[
  {
    ""CLIENT_DOMAIN"": ""Billboard"",
    ""GENRES"": [
      ""Rap"",
      ""R&B/Hip-Hop""
    ],
    ""IS_APPROVED"": true,
    ""MAIN_GENRE"": ""Rap""
  },
  {
    ""CLIENT_DOMAIN"": ""Luminate"",
    ""GENRES"": [
      ""Rap"",
      ""R&B/Hip-Hop""
    ],
    ""MAIN_GENRE"": ""Rap""
  }
]",2024-05-10,2024-05-16,1,91157.93869399,843
MRELG3B6CD1045A564BB68F6618F03A5FB742,One of Wun,Gunna,"[
  {
    ""CLIENT_DOMAIN"": ""Billboard"",
    ""GENRES"": [
      ""Rap"",
      ""R&B/Hip-Hop""
    ],
    ""IS_APPROVED"": true,
    ""MAIN_GENRE"": ""Rap""
  },
  {
    ""CLIENT_DOMAIN"": ""Luminate"",
    ""GENRES"": [
      ""Rap"",
      ""R&B/Hip-Hop""
    ],
    ""MAIN_GENRE"": ""Rap""
  }
]",2024-05-10,2024-05-23,2,56441.44728912,134
MRELG6D644676E9B445BC91310B140FF7814E,The Last Wun,Gunna,"[
  {
    ""CLIENT_DOMAIN"": ""Billboard"",
    ""GENRES"": [
      ""Rap"",
      ""R&B/Hip-Hop""
    ],
    ""IS_APPROVED"": true,
    ""MAIN_GENRE"": ""Rap""
  },
  {
    ""CLIENT_DOMAIN"": ""Luminate"",
    ""GENRES"": [
      ""Rap"",
      ""R&B/Hip-Hop""
    ],
    ""MAIN_GENRE"": ""Rap""
  }
]",2025-08-08,2025-08-14,1,80064.10595623,793
MRELG6D644676E9B445BC91310B140FF7814E,The Last Wun,Gunna,"[
  {
    ""CLIENT_DOMAIN"": ""Billboard"",
    ""GENRES"": [
      ""Rap"",
      ""R&B/Hip-Hop""
    ],
    ""IS_APPROVED"": true,
    ""MAIN_GENRE"": ""Rap""
  },
  {
    ""CLIENT_DOMAIN"": ""Luminate"",
    ""GENRES"": [
      ""Rap"",
      ""R&B/Hip-Hop""
    ],
    ""MAIN_GENRE"": ""Rap""
  }
]",2025-08-08,2025-08-21,2,47909.37302130,181
MRELGCACB6A66524148C78690807004FA247E,WUNNA,Gunna,"[
  {
    ""CLIENT_DOMAIN"": ""Luminate"",
    ""GENRES"": [
      ""R&B/Hip-Hop"",
      ""Rap""
    ],
    ""MAIN_GENRE"": ""R&B/Hip-Hop""
  },
  {
    ""CLIENT_DOMAIN"": ""Billboard"",
    ""GENRES"": [
      ""Rap"",
      ""R&B/Hip-Hop""
    ],
    ""IS_APPROVED"": true,
    ""MAIN_GENRE"": ""Rap""
  }
]",2020-05-21,2020-05-28,1,113314.99423116,3515
MRELGCACB6A66524148C78690807004FA247E,WUNNA,Gunna,"[
  {
    ""CLIENT_DOMAIN"": ""Luminate"",
    ""GENRES"": [
      ""R&B/Hip-Hop"",
      ""Rap""
    ],
    ""MAIN_GENRE"": ""R&B/Hip-Hop""
  },
  {
    ""CLIENT_DOMAIN"": ""Billboard"",
    ""GENRES"": [
      ""Rap"",
      ""R&B/Hip-Hop""
    ],
    ""IS_APPROVED"": true,
    ""MAIN_GENRE"": ""Rap""
  }
]",2020-05-21,2020-06-04,2,50198.59337755,720
MRELG2207351CF5FB4E68BA50F8326241060C,a Gift & a Curse,Gunna,"[
  {
    ""CLIENT_DOMAIN"": ""Luminate"",
    ""GENRES"": [
      ""Rap"",
      ""R&B/Hip-Hop"",
      ""Others""
    ],
    ""MAIN_GENRE"": ""Rap""
  },
  {
    ""CLIENT_DOMAIN"": ""Billboard"",
    ""GENRES"": [
      ""Rap"",
      ""R&B/Hip-Hop""
    ],
    ""IS_APPROVED"": true,
    ""MAIN_GENRE"": ""Rap""
  }
]",2023-06-15,2023-06-22,1,84999.88240928,855
MRELG2207351CF5FB4E68BA50F8326241060C,a Gift & a Curse,Gunna,"[
  {
    ""CLIENT_DOMAIN"": ""Luminate"",
    ""GENRES"": [
      ""Rap"",
      ""R&B/Hip-Hop"",
      ""Others""
    ],
    ""MAIN_GENRE"": ""Rap""
  },
  {
    ""CLIENT_DOMAIN"": ""Billboard"",
    ""GENRES"": [
      ""Rap"",
      ""R&B/Hip-Hop""
    ],
    ""IS_APPROVED"": true,
    ""MAIN_GENRE"": ""Rap""
  }
]",2023-06-15,2023-06-29,2,54508.49656700,317
MRELGF941BC6055FC41969DECC6781F87446D,WOMEN IN MUSIC PT. III,HAIM,"[
  {
    ""CLIENT_DOMAIN"": ""Luminate"",
    ""GENRES"": [
      ""Indie Rock"",
      ""Rock"",
      ""Others"",
      ""Pop""
    ],
    ""MAIN_GENRE"": ""Rock""
  },
  {
    ""CLIENT_DOMAIN"": ""Billboard"",
    ""GENRES"": [
      ""Alt. Rock"",
      ""Rock"",
      ""Pop"",
      ""Others""
    ],
    ""IS_APPROVED"": false,
    ""MAIN_GENRE"": ""Alt. Rock""
  }
]",2020-06-26,2020-07-02,1,26502.71245406,18803
MRELGF941BC6055FC41969DECC6781F87446D,WOMEN IN MUSIC PT. III,HAIM,"[
  {
    ""CLIENT_DOMAIN"": ""Luminate"",
    ""GENRES"": [
      ""Indie Rock"",
      ""Rock"",
      ""Others"",
      ""Pop""
    ],
    ""MAIN_GENRE"": ""Rock""
  },
  {
    ""CLIENT_DOMAIN"": ""Billboard"",
    ""GENRES"": [
      ""Alt. Rock"",
      ""Rock"",
      ""Pop"",
      ""Others""
    ],
    ""IS_APPROVED"": false,
    ""MAIN_GENRE"": ""Alt. Rock""
  }
]",2020-06-26,2020-07-09,2,6210.78910722,2716
MRELG2C2B9908364A4F65BDFE741A3B5ED889,VICIOUS,HALESTORM,"[
  {
    ""CLIENT_DOMAIN"": ""Billboard"",
    ""GENRES"": [
      ""Hard Rock"",
      ""Rock""
    ],
    ""IS_APPROVED"": true,
    ""MAIN_GENRE"": ""Hard Rock""
  },
  {
    ""CLIENT_DOMAIN"": ""Luminate"",
    ""GENRES"": [
      ""Rock""
    ],
    ""MAIN_GENRE"": ""Rock""
  }
]",2018-07-27,2018-08-02,1,28906.81658066,26794
MRELG2C2B9908364A4F65BDFE741A3B5ED889,VICIOUS,HALESTORM,"[
  {
    ""CLIENT_DOMAIN"": ""Billboard"",
    ""GENRES"": [
      ""Hard Rock"",
      ""Rock""
    ],
    ""IS_APPROVED"": true,
    ""MAIN_GENRE"": ""Hard Rock""
  },
  {
    ""CLIENT_DOMAIN"": ""Luminate"",
    ""GENRES"": [
      ""Rock""
    ],
    ""MAIN_GENRE"": ""Rock""
  }
]",2018-07-27,2018-08-09,2,6517.28511243,5491
MRELGB03014859B174814B044560AF61566C3,Country! Country!,HARDY,"[
  {
    ""CLIENT_DOMAIN"": ""Luminate"",
    ""GENRES"": [
      ""Country""
    ],
    ""MAIN_GENRE"": ""Country""
  },
  {
    ""CLIENT_DOMAIN"": ""Billboard"",
    ""GENRES"": [
      ""Country""
    ],
    ""IS_APPROVED"": true,
    ""MAIN_GENRE"": ""Country""
  }
]",2025-09-26,2025-10-02,1,23842.10918405,10151
MRELGB03014859B174814B044560AF61566C3,Country! Country!,HARDY,"[
  {
    ""CLIENT_DOMAIN"": ""Luminate"",
    ""GENRES"": [
      ""Country""
    ],
    ""MAIN_GENRE"": ""Country""
  },
  {
    ""CLIENT_DOMAIN"": ""Billboard"",
    ""GENRES"": [
      ""Country""
    ],
    ""IS_APPROVED"": true,
    ""MAIN_GENRE"": ""Country""
  }
]",2025-09-26,2025-10-09,2,10556.60979266,1155
MRELG67981486B00241CD8BAFDCB40E3FF5CB,Quit!!,HARDY,"[
  {
    ""CLIENT_DOMAIN"": ""Luminate"",
    ""GENRES"": [
      ""Rock""
    ],
    ""MAIN_GENRE"": ""Rock""
  },
  {
    ""CLIENT_DOMAIN"": ""Billboard"",
    ""GENRES"": [
      ""Rock"",
      ""Hard Rock""
    ],
    ""IS_APPROVED"": true,
    ""MAIN_GENRE"": ""Hard Rock""
  }
]",2024-07-12,2024-07-18,1,23863.65803007,12725
MRELG67981486B00241CD8BAFDCB40E3FF5CB,Quit!!,HARDY,"[
  {
    ""CLIENT_DOMAIN"": ""Luminate"",
    ""GENRES"": [
      ""Rock""
    ],
    ""MAIN_GENRE"": ""Rock""
  },
  {
    ""CLIENT_DOMAIN"": ""Billboard"",
    ""GENRES"": [
      ""Rock"",
      ""Hard Rock""
    ],
    ""IS_APPROVED"": true,
    ""MAIN_GENRE"": ""Hard Rock""
  }
]",2024-07-12,2024-07-25,2,8690.63802831,1788
MRELGF5136342259642EAA781955F5E3DD29E,the mockingbird & THE CROW,HARDY,"[
  {
    ""CLIENT_DOMAIN"": ""Luminate"",
    ""GENRES"": [
      ""Rock"",
      ""Country""
    ],
    ""MAIN_GENRE"": ""Country""
  },
  {
    ""CLIENT_DOMAIN"": ""Billboard"",
    ""GENRES"": [
      ""Rock"",
      ""Country"",
      ""Hard Rock""
    ],
    ""IS_APPROVED"": true,
    ""MAIN_GENRE"": ""Country""
  }
]",2023-01-20,2023-01-26,1,53469.26811899,19573
MRELGF5136342259642EAA781955F5E3DD29E,the mockingbird & THE CROW,HARDY,"[
  {
    ""CLIENT_DOMAIN"": ""Luminate"",
    ""GENRES"": [
      ""Rock"",
      ""Country""
    ],
    ""MAIN_GENRE"": ""Country""
  },
  {
    ""CLIENT_DOMAIN"": ""Billboard"",
    ""GENRES"": [
      ""Rock"",
      ""Country"",
      ""Hard Rock""
    ],
    ""IS_APPROVED"": true,
    ""MAIN_GENRE"": ""Country""
  }
]",2023-01-20,2023-02-02,2,26934.20749392,5433
MRELG11521FFDAAFB4B5AB2F7D1039A98677A,ADORE YOU,HARRY STYLES,"[
  {
    ""CLIENT_DOMAIN"": ""Luminate"",
    ""GENRES"": [
      ""Pop""
    ],
    ""MAIN_GENRE"": ""Pop""
  },
  {
    ""CLIENT_DOMAIN"": ""Billboard"",
    ""GENRES"": [
      ""Pop""
    ],
    ""IS_APPROVED"": false,
    ""MAIN_GENRE"": ""Pop""
  }
]",2019-12-06,2019-12-12,1,22316.66522871,1
MRELG11521FFDAAFB4B5AB2F7D1039A98677A,ADORE YOU,HARRY STYLES,"[
  {
    ""CLIENT_DOMAIN"": ""Luminate"",
    ""GENRES"": [
      ""Pop""
    ],
    ""MAIN_GENRE"": ""Pop""
  },
  {
    ""CLIENT_DOMAIN"": ""Billboard"",
    ""GENRES"": [
      ""Pop""
    ],
    ""IS_APPROVED"": false,
    ""MAIN_GENRE"": ""Pop""
  }
]",2019-12-06,2019-12-19,2,29539.23590768,2
MRELGB07A4C39713D4A31A4657F0E6A93AD7A,AS IT WAS,HARRY STYLES,"[
  {
    ""CLIENT_DOMAIN"": ""Luminate"",
    ""GENRES"": [
      ""Pop""
    ],
    ""MAIN_GENRE"": ""Pop""
  },
  {
    ""CLIENT_DOMAIN"": ""Billboard"",
    ""GENRES"": [
      ""Pop""
    ],
    ""IS_APPROVED"": false,
    ""MAIN_GENRE"": ""Pop""
  }
]",2022-03-31,2022-04-07,1,32949.67935921,0
MRELGB07A4C39713D4A31A4657F0E6A93AD7A,AS IT WAS,HARRY STYLES,"[
  {
    ""CLIENT_DOMAIN"": ""Luminate"",
    ""GENRES"": [
      ""Pop""
    ],
    ""MAIN_GENRE"": ""Pop""
  },
  {
    ""CLIENT_DOMAIN"": ""Billboard"",
    ""GENRES"": [
      ""Pop""
    ],
    ""IS_APPROVED"": false,
    ""MAIN_GENRE"": ""Pop""
  }
]",2022-03-31,2022-04-14,2,23990.65899364,0
MRELG88A3C6E827984391ABEA7E8E462AF337,LATE NIGHT TALKING,HARRY STYLES,"[
  {
    ""CLIENT_DOMAIN"": ""Luminate"",
    ""GENRES"": [
      ""Pop""
    ],
    ""MAIN_GENRE"": ""Pop""
  },
  {
    ""CLIENT_DOMAIN"": ""Billboard"",
    ""GENRES"": [
      ""Pop""
    ],
    ""IS_APPROVED"": true,
    ""MAIN_GENRE"": ""Pop""
  }
]",2022-05-20,2022-05-26,1,20388.55332900,0
MRELG88A3C6E827984391ABEA7E8E462AF337,LATE NIGHT TALKING,HARRY STYLES,"[
  {
    ""CLIENT_DOMAIN"": ""Luminate"",
    ""GENRES"": [
      ""Pop""
    ],
    ""MAIN_GENRE"": ""Pop""
  },
  {
    ""CLIENT_DOMAIN"": ""Billboard"",
    ""GENRES"": [
      ""Pop""
    ],
    ""IS_APPROVED"": true,
    ""MAIN_GENRE"": ""Pop""
  }
]",2022-05-20,2022-06-02,2,12569.22321558,0
MRELG314D674C4EED404BAB6C1B5ED88BAFB9,EXPECTATIONS,HAYLEY KIYOKO,"[
  {
    ""CLIENT_DOMAIN"": ""Luminate"",
    ""GENRES"": [
      ""Pop""
    ],
    ""MAIN_GENRE"": ""Pop""
  },
  {
    ""CLIENT_DOMAIN"": ""Billboard"",
    ""GENRES"": [
      ""Pop""
    ],
    ""IS_APPROVED"": true,
    ""MAIN_GENRE"": ""Pop""
  }
]",2018-03-30,2018-04-05,1,24230.68583505,17170
MRELG314D674C4EED404BAB6C1B5ED88BAFB9,EXPECTATIONS,HAYLEY KIYOKO,"[
  {
    ""CLIENT_DOMAIN"": ""Luminate"",
    ""GENRES"": [
      ""Pop""
    ],
    ""MAIN_GENRE"": ""Pop""
  },
  {
    ""CLIENT_DOMAIN"": ""Billboard"",
    ""GENRES"": [
      ""Pop""
    ],
    ""IS_APPROVED"": true,
    ""MAIN_GENRE"": ""Pop""
  }
]",2018-03-30,2018-04-12,2,5563.20704966,1711
MRELG9695B9E86D4E400CB9A77386EE540623,UNHEARD,HOZIER,"[
  {
    ""CLIENT_DOMAIN"": ""Luminate"",
    ""GENRES"": [
      ""Rock"",
      ""Folk""
    ],
    ""MAIN_GENRE"": ""Rock""
  },
  {
    ""CLIENT_DOMAIN"": ""Billboard"",
    ""GENRES"": [
      ""Folk"",
      ""Rock"",
      ""Alt. Rock""
    ],
    ""IS_APPROVED"": true,
    ""MAIN_GENRE"": ""Alt. Rock""
  }
]",2024-03-22,2024-03-28,1,37684.55258225,3091
MRELG9695B9E86D4E400CB9A77386EE540623,UNHEARD,HOZIER,"[
  {
    ""CLIENT_DOMAIN"": ""Luminate"",
    ""GENRES"": [
      ""Rock"",
      ""Folk""
    ],
    ""MAIN_GENRE"": ""Rock""
  },
  {
    ""CLIENT_DOMAIN"": ""Billboard"",
    ""GENRES"": [
      ""Folk"",
      ""Rock"",
      ""Alt. Rock""
    ],
    ""IS_APPROVED"": true,
    ""MAIN_GENRE"": ""Alt. Rock""
  }
]",2024-03-22,2024-04-04,2,29465.64259512,797
MRELG97682EEC4487466786A28784158A719E,Weather,HUEY LEWIS & THE NEWS,"[
  {
    ""CLIENT_DOMAIN"": ""Billboard"",
    ""GENRES"": [
      ""Pop""
    ],
    ""IS_APPROVED"": true,
    ""MAIN_GENRE"": ""Pop""
  },
  {
    ""CLIENT_DOMAIN"": ""Luminate"",
    ""GENRES"": [
      ""Rock"",
      ""Pop""
    ],
    ""MAIN_GENRE"": ""Pop""
  }
]",2020-02-14,2020-02-20,1,11058.00418240,10612
MRELG97682EEC4487466786A28784158A719E,Weather,HUEY LEWIS & THE NEWS,"[
  {
    ""CLIENT_DOMAIN"": ""Billboard"",
    ""GENRES"": [
      ""Pop""
    ],
    ""IS_APPROVED"": true,
    ""MAIN_GENRE"": ""Pop""
  },
  {
    ""CLIENT_DOMAIN"": ""Luminate"",
    ""GENRES"": [
      ""Rock"",
      ""Pop""
    ],
    ""MAIN_GENRE"": ""Pop""
  }
]",2020-02-14,2020-02-27,2,2738.44173361,2565
MRELGEEACC35803B644DFA15D35862B2C07DD,KPop Demon Hunters,"HUNTR/X, Saja Boys, Kpop Demon Hunters Cast","[
  {
    ""CLIENT_DOMAIN"": ""Luminate"",
    ""GENRES"": [
      ""Soundtrack"",
      ""K-Pop"",
      ""Pop""
    ],
    ""MAIN_GENRE"": ""K-Pop""
  },
  {
    ""CLIENT_DOMAIN"": ""Billboard"",
    ""GENRES"": [
      ""Pop"",
      ""Soundtrack"",
      ""K-Pop""
    ],
    ""IS_APPROVED"": true,
    ""MAIN_GENRE"": ""Pop""
  }
]",2025-06-20,2025-06-26,1,32957.10263046,3378
MRELGEEACC35803B644DFA15D35862B2C07DD,KPop Demon Hunters,"HUNTR/X, Saja Boys, Kpop Demon Hunters Cast","[
  {
    ""CLIENT_DOMAIN"": ""Luminate"",
    ""GENRES"": [
      ""Soundtrack"",
      ""K-Pop"",
      ""Pop""
    ],
    ""MAIN_GENRE"": ""K-Pop""
  },
  {
    ""CLIENT_DOMAIN"": ""Billboard"",
    ""GENRES"": [
      ""Pop"",
      ""Soundtrack"",
      ""K-Pop""
    ],
    ""IS_APPROVED"": true,
    ""MAIN_GENRE"": ""Pop""
  }
]",2025-06-20,2025-07-03,2,64698.99992953,4438
MRELG5CD72172D8CC4AEB96DAF2D555D8B1CA,"If I Can’t Have Love, I Want Power",Halsey,"[
  {
    ""CLIENT_DOMAIN"": ""Luminate"",
    ""GENRES"": [
      ""Indie Rock"",
      ""Rock"",
      ""Others"",
      ""Electronica"",
      ""Pop""
    ],
    ""MAIN_GENRE"": ""Pop""
  },
  {
    ""CLIENT_DOMAIN"": ""Billboard"",
    ""GENRES"": [
      ""Alt. Rock"",
      ""Rock"",
      ""Pop"",
      ""Others""
    ],
    ""IS_APPROVED"": false,
    ""MAIN_GENRE"": ""Pop""
  }
]",2021-08-27,2021-09-02,1,72746.53369768,45414
MRELG5CD72172D8CC4AEB96DAF2D555D8B1CA,"If I Can’t Have Love, I Want Power",Halsey,"[
  {
    ""CLIENT_DOMAIN"": ""Luminate"",
    ""GENRES"": [
      ""Indie Rock"",
      ""Rock"",
      ""Others"",
      ""Electronica"",
      ""Pop""
    ],
    ""MAIN_GENRE"": ""Pop""
  },
  {
    ""CLIENT_DOMAIN"": ""Billboard"",
    ""GENRES"": [
      ""Alt. Rock"",
      ""Rock"",
      ""Pop"",
      ""Others""
    ],
    ""IS_APPROVED"": false,
    ""MAIN_GENRE"": ""Pop""
  }
]",2021-08-27,2021-09-09,2,23711.66064999,11251
MRELG45CBAF52C02B458991E869F1E861B4B3,Manic,Halsey,"[
  {
    ""CLIENT_DOMAIN"": ""Luminate"",
    ""GENRES"": [
      ""Rock"",
      ""Electronica"",
      ""Pop""
    ],
    ""MAIN_GENRE"": ""Pop""
  },
  {
    ""CLIENT_DOMAIN"": ""Billboard"",
    ""GENRES"": [
      ""Pop""
    ],
    ""IS_APPROVED"": true,
    ""MAIN_GENRE"": ""Pop""
  }
]",2020-01-17,2020-01-23,1,237810.19039318,180086
MRELG45CBAF52C02B458991E869F1E861B4B3,Manic,Halsey,"[
  {
    ""CLIENT_DOMAIN"": ""Luminate"",
    ""GENRES"": [
      ""Rock"",
      ""Electronica"",
      ""Pop""
    ],
    ""MAIN_GENRE"": ""Pop""
  },
  {
    ""CLIENT_DOMAIN"": ""Billboard"",
    ""GENRES"": [
      ""Pop""
    ],
    ""IS_APPROVED"": true,
    ""MAIN_GENRE"": ""Pop""
  }
]",2020-01-17,2020-01-30,2,56012.13547908,17396
MRELGC6304D80645E48348E07425C8E4F6DFE,THE GREAT IMPERSONATOR,Halsey,"[
  {
    ""CLIENT_DOMAIN"": ""Billboard"",
    ""GENRES"": [
      ""Pop"",
      ""Alt. Rock""
    ],
    ""IS_APPROVED"": true,
    ""MAIN_GENRE"": ""Pop""
  },
  {
    ""CLIENT_DOMAIN"": ""Luminate"",
    ""GENRES"": [
      ""Rock"",
      ""Pop""
    ],
    ""MAIN_GENRE"": ""Pop""
  }
]",2024-10-25,2024-10-31,1,93312.01914606,80788
MRELGC6304D80645E48348E07425C8E4F6DFE,THE GREAT IMPERSONATOR,Halsey,"[
  {
    ""CLIENT_DOMAIN"": ""Billboard"",
    ""GENRES"": [
      ""Pop"",
      ""Alt. Rock""
    ],
    ""IS_APPROVED"": true,
    ""MAIN_GENRE"": ""Pop""
  },
  {
    ""CLIENT_DOMAIN"": ""Luminate"",
    ""GENRES"": [
      ""Rock"",
      ""Pop""
    ],
    ""MAIN_GENRE"": ""Pop""
  }
]",2024-10-25,2024-11-07,2,8294.59363368,2754
MRELG61E72EE38A6449BA8B8B86303E9AE5F2,Harry's House,Harry Styles,"[
  {
    ""CLIENT_DOMAIN"": ""Billboard"",
    ""GENRES"": [
      ""Pop""
    ],
    ""IS_APPROVED"": true,
    ""MAIN_GENRE"": ""Pop""
  },
  {
    ""CLIENT_DOMAIN"": ""Luminate"",
    ""GENRES"": [
      ""Pop""
    ],
    ""MAIN_GENRE"": ""Pop""
  }
]",2022-05-20,2022-05-26,1,520832.80867209,330033
MRELG61E72EE38A6449BA8B8B86303E9AE5F2,Harry's House,Harry Styles,"[
  {
    ""CLIENT_DOMAIN"": ""Billboard"",
    ""GENRES"": [
      ""Pop""
    ],
    ""IS_APPROVED"": true,
    ""MAIN_GENRE"": ""Pop""
  },
  {
    ""CLIENT_DOMAIN"": ""Luminate"",
    ""GENRES"": [
      ""Pop""
    ],
    ""MAIN_GENRE"": ""Pop""
  }
]",2022-05-20,2022-06-02,2,160293.44301544,56543
MRELGBD9D599CA1FB4D20AE5B5A3C120490AA,Ego Death At A Bachelorette Party,Hayley Williams,"[
  {
    ""CLIENT_DOMAIN"": ""Luminate"",
    ""GENRES"": [
      ""Rock"",
      ""Alternative"",
      ""Pop""
    ],
    ""MAIN_GENRE"": ""Rock""
  },
  {
    ""CLIENT_DOMAIN"": ""Billboard"",
    ""GENRES"": [
      ""Alt. Rock"",
      ""Rock""
    ],
    ""IS_APPROVED"": true,
    ""MAIN_GENRE"": ""Alt. Rock""
  }
]",2025-11-07,2025-11-13,1,29734.92274264,23298
MRELGBD9D599CA1FB4D20AE5B5A3C120490AA,Ego Death At A Bachelorette Party,Hayley Williams,"[
  {
    ""CLIENT_DOMAIN"": ""Luminate"",
    ""GENRES"": [
      ""Rock"",
      ""Alternative"",
      ""Pop""
    ],
    ""MAIN_GENRE"": ""Rock""
  },
  {
    ""CLIENT_DOMAIN"": ""Billboard"",
    ""GENRES"": [
      ""Alt. Rock"",
      ""Rock""
    ],
    ""IS_APPROVED"": true,
    ""MAIN_GENRE"": ""Alt. Rock""
  }
]",2025-11-07,2025-11-20,2,14666.48734125,9820
MRELG818232C2693E481E9D71CC8FDC7A1100,Hazbin Hotel: Season Two (Original Soundtrack),Hazbin Hotel Cast,"[
  {
    ""CLIENT_DOMAIN"": ""Luminate"",
    ""GENRES"": [
      ""Soundtrack"",
      ""Comedy"",
      ""Others"",
      ""Pop""
    ],
    ""MAIN_GENRE"": ""Soundtrack""
  },
  {
    ""CLIENT_DOMAIN"": ""Billboard"",
    ""GENRES"": [
      ""Pop"",
      ""Soundtrack"",
      ""Comedy""
    ],
    ""IS_APPROVED"": true,
    ""MAIN_GENRE"": ""Comedy""
  }
]",2025-11-19,2025-11-20,1,30572.70592931,3459
MRELG818232C2693E481E9D71CC8FDC7A1100,Hazbin Hotel: Season Two (Original Soundtrack),Hazbin Hotel Cast,"[
  {
    ""CLIENT_DOMAIN"": ""Luminate"",
    ""GENRES"": [
      ""Soundtrack"",
      ""Comedy"",
      ""Others"",
      ""Pop""
    ],
    ""MAIN_GENRE"": ""Soundtrack""
  },
  {
    ""CLIENT_DOMAIN"": ""Billboard"",
    ""GENRES"": [
      ""Pop"",
      ""Soundtrack"",
      ""Comedy""
    ],
    ""IS_APPROVED"": true,
    ""MAIN_GENRE"": ""Comedy""
  }
]",2025-11-19,2025-11-27,2,45701.77109234,13397
MRELGBC7A6940758647E283836F50D0AFC43B,People (Live),Hillsong UNITED,"[
  {
    ""CLIENT_DOMAIN"": ""Billboard"",
    ""GENRES"": [
      ""Christian/Gospel"",
      ""Christian""
    ],
    ""IS_APPROVED"": true,
    ""MAIN_GENRE"": ""Christian""
  },
  {
    ""CLIENT_DOMAIN"": ""Luminate"",
    ""GENRES"": [
      ""Christian"",
      ""Religious"",
      ""Gospel""
    ],
    ""MAIN_GENRE"": ""Religious""
  }
]",2019-04-26,2019-05-02,1,106410.31283005,101070
MRELGBC7A6940758647E283836F50D0AFC43B,People (Live),Hillsong UNITED,"[
  {
    ""CLIENT_DOMAIN"": ""Billboard"",
    ""GENRES"": [
      ""Christian/Gospel"",
      ""Christian""
    ],
    ""IS_APPROVED"": true,
    ""MAIN_GENRE"": ""Christian""
  },
  {
    ""CLIENT_DOMAIN"": ""Luminate"",
    ""GENRES"": [
      ""Christian"",
      ""Religious"",
      ""Gospel""
    ],
    ""MAIN_GENRE"": ""Religious""
  }
]",2019-04-26,2019-05-09,2,10929.16660408,6668
MRELGF3C3376EB6DA478C810C01E42E565D5C,Unaired,Hozier,"[
  {
    ""CLIENT_DOMAIN"": ""Luminate"",
    ""GENRES"": [
      ""Indie Rock"",
      ""Rock"",
      ""Alternative"",
      ""Folk""
    ],
    ""MAIN_GENRE"": ""Rock""
  },
  {
    ""CLIENT_DOMAIN"": ""Billboard"",
    ""GENRES"": [
      ""Alt. Rock"",
      ""Rock"",
      ""Folk""
    ],
    ""IS_APPROVED"": true,
    ""MAIN_GENRE"": ""Alt. Rock""
  }
]",2024-08-16,2024-08-22,1,23324.02081637,156
MRELGF3C3376EB6DA478C810C01E42E565D5C,Unaired,Hozier,"[
  {
    ""CLIENT_DOMAIN"": ""Luminate"",
    ""GENRES"": [
      ""Indie Rock"",
      ""Rock"",
      ""Alternative"",
      ""Folk""
    ],
    ""MAIN_GENRE"": ""Rock""
  },
  {
    ""CLIENT_DOMAIN"": ""Billboard"",
    ""GENRES"": [
      ""Alt. Rock"",
      ""Rock"",
      ""Folk""
    ],
    ""IS_APPROVED"": true,
    ""MAIN_GENRE"": ""Alt. Rock""
  }
]",2024-08-16,2024-08-29,2,19232.36207680,24
MRELG06B2F23C743C43F0909521E8DB7A1C41,TRAUMA,I Prevail,"[
  {
    ""CLIENT_DOMAIN"": ""Billboard"",
    ""GENRES"": [
      ""Hard Rock"",
      ""Rock"",
      ""Alt. Rock""
    ],
    ""IS_APPROVED"": true,
    ""MAIN_GENRE"": ""Alt. Rock""
  },
  {
    ""CLIENT_DOMAIN"": ""Luminate"",
    ""GENRES"": [
      ""Rock""
    ],
    ""MAIN_GENRE"": ""Rock""
  }
]",2019-03-29,2019-04-04,1,23878.57099349,15799
MRELG06B2F23C743C43F0909521E8DB7A1C41,TRAUMA,I Prevail,"[
  {
    ""CLIENT_DOMAIN"": ""Billboard"",
    ""GENRES"": [
      ""Hard Rock"",
      ""Rock"",
      ""Alt. Rock""
    ],
    ""IS_APPROVED"": true,
    ""MAIN_GENRE"": ""Alt. Rock""
  },
  {
    ""CLIENT_DOMAIN"": ""Luminate"",
    ""GENRES"": [
      ""Rock""
    ],
    ""MAIN_GENRE"": ""Rock""
  }
]",2019-03-29,2019-04-11,2,8020.64358352,2843
MRELGFF51A27CCBFF492BA50BEF005A798899,The Silver Scream,ICE NINE KILLS,"[
  {
    ""CLIENT_DOMAIN"": ""Luminate"",
    ""GENRES"": [
      ""Punk"",
      ""Rock"",
      ""Others""
    ],
    ""MAIN_GENRE"": ""Rock""
  },
  {
    ""CLIENT_DOMAIN"": ""Billboard"",
    ""GENRES"": [
      ""Hard Rock"",
      ""Rock""
    ],
    ""IS_APPROVED"": true,
    ""MAIN_GENRE"": ""Hard Rock""
  }
]",2018-10-05,2018-10-11,1,17359.33513882,14804
MRELGFF51A27CCBFF492BA50BEF005A798899,The Silver Scream,ICE NINE KILLS,"[
  {
    ""CLIENT_DOMAIN"": ""Luminate"",
    ""GENRES"": [
      ""Punk"",
      ""Rock"",
      ""Others""
    ],
    ""MAIN_GENRE"": ""Rock""
  },
  {
    ""CLIENT_DOMAIN"": ""Billboard"",
    ""GENRES"": [
      ""Hard Rock"",
      ""Rock""
    ],
    ""IS_APPROVED"": true,
    ""MAIN_GENRE"": ""Hard Rock""
  }
]",2018-10-05,2018-10-18,2,3263.94492322,1630
MRELG1F8C6EBA4C15479EB7463F7F53165A21,ASCEND,ILLENIUM,"[
  {
    ""CLIENT_DOMAIN"": ""Billboard"",
    ""GENRES"": [
      ""Dance/Electronic""
    ],
    ""IS_APPROVED"": true,
    ""MAIN_GENRE"": ""Dance/Electronic""
  },
  {
    ""CLIENT_DOMAIN"": ""Luminate"",
    ""GENRES"": [
      ""EDM"",
      ""Electronica""
    ],
    ""MAIN_GENRE"": ""EDM""
  }
]",2019-08-16,2019-08-22,1,30083.52761092,8756
MRELG1F8C6EBA4C15479EB7463F7F53165A21,ASCEND,ILLENIUM,"[
  {
    ""CLIENT_DOMAIN"": ""Billboard"",
    ""GENRES"": [
      ""Dance/Electronic""
    ],
    ""IS_APPROVED"": true,
    ""MAIN_GENRE"": ""Dance/Electronic""
  },
  {
    ""CLIENT_DOMAIN"": ""Luminate"",
    ""GENRES"": [
      ""EDM"",
      ""Electronica""
    ],
    ""MAIN_GENRE"": ""EDM""
  }
]",2019-08-16,2019-08-29,2,14584.60925311,609
MRELG10AA6B8CD0BB412688E07884466F6E0F,SENJUTSU,IRON MAIDEN,"[
  {
    ""CLIENT_DOMAIN"": ""Billboard"",
    ""GENRES"": [
      ""Hard Rock"",
      ""Rock""
    ],
    ""IS_APPROVED"": true,
    ""MAIN_GENRE"": ""Hard Rock""
  },
  {
    ""CLIENT_DOMAIN"": ""Luminate"",
    ""GENRES"": [
      ""Rock"",
      ""Metal""
    ],
    ""MAIN_GENRE"": ""Rock""
  }
]",2021-09-03,2021-09-09,1,64010.87424252,61505
MRELG10AA6B8CD0BB412688E07884466F6E0F,SENJUTSU,IRON MAIDEN,"[
  {
    ""CLIENT_DOMAIN"": ""Billboard"",
    ""GENRES"": [
      ""Hard Rock"",
      ""Rock""
    ],
    ""IS_APPROVED"": true,
    ""MAIN_GENRE"": ""Hard Rock""
  },
  {
    ""CLIENT_DOMAIN"": ""Luminate"",
    ""GENRES"": [
      ""Rock"",
      ""Metal""
    ],
    ""MAIN_GENRE"": ""Rock""
  }
]",2021-09-03,2021-09-16,2,17683.78215417,16556
MRELG1A3E17D9537F451E91D646E30A53D31A,THE HOUSE IS BURNING,ISAIAH RASHAD,"[
  {
    ""CLIENT_DOMAIN"": ""Luminate"",
    ""GENRES"": [
      ""Rap"",
      ""R&B/Hip-Hop""
    ],
    ""MAIN_GENRE"": ""Rap""
  },
  {
    ""CLIENT_DOMAIN"": ""Billboard"",
    ""GENRES"": [
      ""Rap"",
      ""R&B/Hip-Hop""
    ],
    ""IS_APPROVED"": true,
    ""MAIN_GENRE"": ""Rap""
  }
]",2021-07-30,2021-08-05,1,40916.94042291,4638
MRELG1A3E17D9537F451E91D646E30A53D31A,THE HOUSE IS BURNING,ISAIAH RASHAD,"[
  {
    ""CLIENT_DOMAIN"": ""Luminate"",
    ""GENRES"": [
      ""Rap"",
      ""R&B/Hip-Hop""
    ],
    ""MAIN_GENRE"": ""Rap""
  },
  {
    ""CLIENT_DOMAIN"": ""Billboard"",
    ""GENRES"": [
      ""Rap"",
      ""R&B/Hip-Hop""
    ],
    ""IS_APPROVED"": true,
    ""MAIN_GENRE"": ""Rap""
  }
]",2021-07-30,2021-08-12,2,20392.25275561,4285
MRELG0E12F1DA0F67422FA56C40E76F44DF99,CHECKMATE,ITZY,"[
  {
    ""CLIENT_DOMAIN"": ""Luminate"",
    ""GENRES"": [
      ""K-Pop""
    ],
    ""MAIN_GENRE"": ""K-Pop""
  },
  {
    ""CLIENT_DOMAIN"": ""Billboard"",
    ""GENRES"": [
      ""World Music"",
      ""K-Pop""
    ],
    ""IS_APPROVED"": true,
    ""MAIN_GENRE"": ""K-Pop""
  }
]",2022-07-15,2022-07-21,1,33078.74500518,31197
MRELG0E12F1DA0F67422FA56C40E76F44DF99,CHECKMATE,ITZY,"[
  {
    ""CLIENT_DOMAIN"": ""Luminate"",
    ""GENRES"": [
      ""K-Pop""
    ],
    ""MAIN_GENRE"": ""K-Pop""
  },
  {
    ""CLIENT_DOMAIN"": ""Billboard"",
    ""GENRES"": [
      ""World Music"",
      ""K-Pop""
    ],
    ""IS_APPROVED"": true,
    ""MAIN_GENRE"": ""K-Pop""
  }
]",2022-07-15,2022-07-28,2,11659.89058484,10772
MRELGADE8F3E8624B4A29B9E901B82E8B3333,Welcome To Horrorwood: The Silver Scream 2,Ice Nine Kills,"[
  {
    ""CLIENT_DOMAIN"": ""Luminate"",
    ""GENRES"": [
      ""Punk"",
      ""Rock""
    ],
    ""MAIN_GENRE"": ""Rock""
  },
  {
    ""CLIENT_DOMAIN"": ""Billboard"",
    ""GENRES"": [
      ""Rock"",
      ""Hard Rock""
    ],
    ""IS_APPROVED"": true,
    ""MAIN_GENRE"": ""Hard Rock""
  }
]",2021-10-14,2021-10-21,1,24444.30008422,17778
MRELGADE8F3E8624B4A29B9E901B82E8B3333,Welcome To Horrorwood: The Silver Scream 2,Ice Nine Kills,"[
  {
    ""CLIENT_DOMAIN"": ""Luminate"",
    ""GENRES"": [
      ""Punk"",
      ""Rock""
    ],
    ""MAIN_GENRE"": ""Rock""
  },
  {
    ""CLIENT_DOMAIN"": ""Billboard"",
    ""GENRES"": [
      ""Rock"",
      ""Hard Rock""
    ],
    ""IS_APPROVED"": true,
    ""MAIN_GENRE"": ""Hard Rock""
  }
]",2021-10-14,2021-10-28,2,4844.70983359,1105
MRELGC93E4DAF684B442D9E1F019B8930A343,Y2K!,Ice Spice,"[
  {
    ""CLIENT_DOMAIN"": ""Billboard"",
    ""GENRES"": [
      ""Rap"",
      ""R&B/Hip-Hop""
    ],
    ""IS_APPROVED"": true,
    ""MAIN_GENRE"": ""Rap""
  },
  {
    ""CLIENT_DOMAIN"": ""Luminate"",
    ""GENRES"": [
      ""Rap"",
      ""R&B/Hip-Hop"",
      ""Others""
    ],
    ""MAIN_GENRE"": ""Rap""
  }
]",2024-07-25,2024-08-01,1,16874.57993172,1324
MRELGC93E4DAF684B442D9E1F019B8930A343,Y2K!,Ice Spice,"[
  {
    ""CLIENT_DOMAIN"": ""Billboard"",
    ""GENRES"": [
      ""Rap"",
      ""R&B/Hip-Hop""
    ],
    ""IS_APPROVED"": true,
    ""MAIN_GENRE"": ""Rap""
  },
  {
    ""CLIENT_DOMAIN"": ""Luminate"",
    ""GENRES"": [
      ""Rap"",
      ""R&B/Hip-Hop"",
      ""Others""
    ],
    ""MAIN_GENRE"": ""Rap""
  }
]",2024-07-25,2024-08-08,2,9456.62437008,105
MRELG2E1E4A26E5B145CDB6A1D8FF5B397BC8,Princess Diana,Ice Spice & Nicki Minaj,"[
  {
    ""CLIENT_DOMAIN"": ""Billboard"",
    ""GENRES"": [
      ""R&B/Hip-Hop"",
      ""Rap""
    ],
    ""IS_APPROVED"": true,
    ""MAIN_GENRE"": ""Rap""
  },
  {
    ""CLIENT_DOMAIN"": ""Luminate"",
    ""GENRES"": [
      ""Rap"",
      ""R&B/Hip-Hop""
    ],
    ""MAIN_GENRE"": ""Rap""
  }
]",2023-04-14,2023-04-20,1,22026.21825488,1213
MRELG2E1E4A26E5B145CDB6A1D8FF5B397BC8,Princess Diana,Ice Spice & Nicki Minaj,"[
  {
    ""CLIENT_DOMAIN"": ""Billboard"",
    ""GENRES"": [
      ""R&B/Hip-Hop"",
      ""Rap""
    ],
    ""IS_APPROVED"": true,
    ""MAIN_GENRE"": ""Rap""
  },
  {
    ""CLIENT_DOMAIN"": ""Luminate"",
    ""GENRES"": [
      ""Rap"",
      ""R&B/Hip-Hop""
    ],
    ""MAIN_GENRE"": ""Rap""
  }
]",2023-04-14,2023-04-27,2,8648.72374172,61
MRELG0F8CB02ED0A544A0A4E19824455EAB9C,LOOM,Imagine Dragons,"[
  {
    ""CLIENT_DOMAIN"": ""Luminate"",
    ""GENRES"": [
      ""Rock""
    ],
    ""MAIN_GENRE"": ""Rock""
  },
  {
    ""CLIENT_DOMAIN"": ""Billboard"",
    ""GENRES"": [
      ""Alt. Rock"",
      ""Rock""
    ],
    ""IS_APPROVED"": true,
    ""MAIN_GENRE"": ""Alt. Rock""
  }
]",2024-06-28,2024-07-04,1,27951.03975060,17141
MRELG0F8CB02ED0A544A0A4E19824455EAB9C,LOOM,Imagine Dragons,"[
  {
    ""CLIENT_DOMAIN"": ""Luminate"",
    ""GENRES"": [
      ""Rock""
    ],
    ""MAIN_GENRE"": ""Rock""
  },
  {
    ""CLIENT_DOMAIN"": ""Billboard"",
    ""GENRES"": [
      ""Alt. Rock"",
      ""Rock""
    ],
    ""IS_APPROVED"": true,
    ""MAIN_GENRE"": ""Alt. Rock""
  }
]",2024-06-28,2024-07-11,2,9782.66148482,2861
MRELG10820954D9344B75812745B8082E7383,Mercury - Act 1,Imagine Dragons,"[
  {
    ""CLIENT_DOMAIN"": ""Billboard"",
    ""GENRES"": [
      ""Alt. Rock"",
      ""Rock""
    ],
    ""IS_APPROVED"": true,
    ""MAIN_GENRE"": ""Alt. Rock""
  },
  {
    ""CLIENT_DOMAIN"": ""Luminate"",
    ""GENRES"": [
      ""Rock""
    ],
    ""MAIN_GENRE"": ""Rock""
  }
]",2021-09-03,2021-09-09,1,30423.41920124,17052
MRELG10820954D9344B75812745B8082E7383,Mercury - Act 1,Imagine Dragons,"[
  {
    ""CLIENT_DOMAIN"": ""Billboard"",
    ""GENRES"": [
      ""Alt. Rock"",
      ""Rock""
    ],
    ""IS_APPROVED"": true,
    ""MAIN_GENRE"": ""Alt. Rock""
  },
  {
    ""CLIENT_DOMAIN"": ""Luminate"",
    ""GENRES"": [
      ""Rock""
    ],
    ""MAIN_GENRE"": ""Rock""
  }
]",2021-09-03,2021-09-16,2,13189.34346563,4728
MRELG49289E265AAF4A6DBDCE0A882ABC385C,Origins,Imagine Dragons,"[
  {
    ""CLIENT_DOMAIN"": ""Luminate"",
    ""GENRES"": [
      ""Indie Rock"",
      ""Rock"",
      ""Alternative""
    ],
    ""MAIN_GENRE"": ""Rock""
  },
  {
    ""CLIENT_DOMAIN"": ""Billboard"",
    ""GENRES"": [
      ""Alt. Rock"",
      ""Rock""
    ],
    ""IS_APPROVED"": true,
    ""MAIN_GENRE"": ""Alt. Rock""
  }
]",2018-11-09,2018-11-15,1,90915.90311346,60404
MRELG49289E265AAF4A6DBDCE0A882ABC385C,Origins,Imagine Dragons,"[
  {
    ""CLIENT_DOMAIN"": ""Luminate"",
    ""GENRES"": [
      ""Indie Rock"",
      ""Rock"",
      ""Alternative""
    ],
    ""MAIN_GENRE"": ""Rock""
  },
  {
    ""CLIENT_DOMAIN"": ""Billboard"",
    ""GENRES"": [
      ""Alt. Rock"",
      ""Rock""
    ],
    ""IS_APPROVED"": true,
    ""MAIN_GENRE"": ""Alt. Rock""
  }
]",2018-11-09,2018-11-22,2,36296.04401392,15926
MRELG624963E68CAA4F07B34D66CE5C2BF2EF,B4 The Storm,Internet Money,"[
  {
    ""CLIENT_DOMAIN"": ""Billboard"",
    ""GENRES"": [
      ""Rap"",
      ""R&B/Hip-Hop""
    ],
    ""IS_APPROVED"": true,
    ""MAIN_GENRE"": ""Rap""
  },
  {
    ""CLIENT_DOMAIN"": ""Luminate"",
    ""GENRES"": [
      ""Rap"",
      ""R&B/Hip-Hop""
    ],
    ""MAIN_GENRE"": ""Rap""
  }
]",2020-08-28,2020-09-03,1,30871.31802563,672
MRELG624963E68CAA4F07B34D66CE5C2BF2EF,B4 The Storm,Internet Money,"[
  {
    ""CLIENT_DOMAIN"": ""Billboard"",
    ""GENRES"": [
      ""Rap"",
      ""R&B/Hip-Hop""
    ],
    ""IS_APPROVED"": true,
    ""MAIN_GENRE"": ""Rap""
  },
  {
    ""CLIENT_DOMAIN"": ""Luminate"",
    ""GENRES"": [
      ""Rap"",
      ""R&B/Hip-Hop""
    ],
    ""MAIN_GENRE"": ""Rap""
  }
]",2020-08-28,2020-09-10,2,21250.24568599,84
MRELGB631ED4D5C104FFDAF0C482A1899DC8B,Colores,J Balvin,"[
  {
    ""CLIENT_DOMAIN"": ""Luminate"",
    ""GENRES"": [
      ""Latin""
    ],
    ""MAIN_GENRE"": ""Latin""
  },
  {
    ""CLIENT_DOMAIN"": ""Billboard"",
    ""GENRES"": [
      ""Latin"",
      ""Latin - Rhythm""
    ],
    ""IS_APPROVED"": true,
    ""MAIN_GENRE"": ""Latin - Rhythm""
  }
]",2020-03-19,2020-03-26,1,24220.44501278,3430
MRELGB631ED4D5C104FFDAF0C482A1899DC8B,Colores,J Balvin,"[
  {
    ""CLIENT_DOMAIN"": ""Luminate"",
    ""GENRES"": [
      ""Latin""
    ],
    ""MAIN_GENRE"": ""Latin""
  },
  {
    ""CLIENT_DOMAIN"": ""Billboard"",
    ""GENRES"": [
      ""Latin"",
      ""Latin - Rhythm""
    ],
    ""IS_APPROVED"": true,
    ""MAIN_GENRE"": ""Latin - Rhythm""
  }
]",2020-03-19,2020-04-02,2,12781.76889791,1069
MRELGBB2A2EC94B394420AFC5535F4199F2E6,JOSE,J Balvin,"[
  {
    ""CLIENT_DOMAIN"": ""Billboard"",
    ""GENRES"": [
      ""Latin - Rhythm"",
      ""Latin""
    ],
    ""IS_APPROVED"": true,
    ""MAIN_GENRE"": ""Latin - Rhythm""
  },
  {
    ""CLIENT_DOMAIN"": ""Luminate"",
    ""GENRES"": [
      ""Latin""
    ],
    ""MAIN_GENRE"": ""Latin""
  }
]",2021-09-10,2021-09-16,1,28602.06172661,1283
MRELGBB2A2EC94B394420AFC5535F4199F2E6,JOSE,J Balvin,"[
  {
    ""CLIENT_DOMAIN"": ""Billboard"",
    ""GENRES"": [
      ""Latin - Rhythm"",
      ""Latin""
    ],
    ""IS_APPROVED"": true,
    ""MAIN_GENRE"": ""Latin - Rhythm""
  },
  {
    ""CLIENT_DOMAIN"": ""Luminate"",
    ""GENRES"": [
      ""Latin""
    ],
    ""MAIN_GENRE"": ""Latin""
  }
]",2021-09-10,2021-09-23,2,17277.41557160,211
MRELG3CA6BF425A52417998EBABDF337B64D1,Vibras,J Balvin,"[
  {
    ""CLIENT_DOMAIN"": ""Luminate"",
    ""GENRES"": [
      ""Latin""
    ],
    ""MAIN_GENRE"": ""Latin""
  },
  {
    ""CLIENT_DOMAIN"": ""Billboard"",
    ""GENRES"": [
      ""Latin - Rhythm"",
      ""Latin""
    ],
    ""IS_APPROVED"": true,
    ""MAIN_GENRE"": ""Latin - Rhythm""
  }
]",2018-05-25,2018-05-31,1,25097.65012274,10086
MRELG3CA6BF425A52417998EBABDF337B64D1,Vibras,J Balvin,"[
  {
    ""CLIENT_DOMAIN"": ""Luminate"",
    ""GENRES"": [
      ""Latin""
    ],
    ""MAIN_GENRE"": ""Latin""
  },
  {
    ""CLIENT_DOMAIN"": ""Billboard"",
    ""GENRES"": [
      ""Latin - Rhythm"",
      ""Latin""
    ],
    ""IS_APPROVED"": true,
    ""MAIN_GENRE"": ""Latin - Rhythm""
  }
]",2018-05-25,2018-06-07,2,13771.66774541,2367
MRELG1BDDAFD3DCAD4F73A78B3B0A6FED3B1C,OASIS,J Balvin & Bad Bunny,"[
  {
    ""CLIENT_DOMAIN"": ""Billboard"",
    ""GENRES"": [
      ""Latin - Rhythm"",
      ""Latin""
    ],
    ""IS_APPROVED"": true,
    ""MAIN_GENRE"": ""Latin - Rhythm""
  },
  {
    ""CLIENT_DOMAIN"": ""Luminate"",
    ""GENRES"": [
      ""Latin""
    ],
    ""MAIN_GENRE"": ""Latin""
  }
]",2019-06-28,2019-07-04,1,37478.58464271,5166
MRELG1BDDAFD3DCAD4F73A78B3B0A6FED3B1C,OASIS,J Balvin & Bad Bunny,"[
  {
    ""CLIENT_DOMAIN"": ""Billboard"",
    ""GENRES"": [
      ""Latin - Rhythm"",
      ""Latin""
    ],
    ""IS_APPROVED"": true,
    ""MAIN_GENRE"": ""Latin - Rhythm""
  },
  {
    ""CLIENT_DOMAIN"": ""Luminate"",
    ""GENRES"": [
      ""Latin""
    ],
    ""MAIN_GENRE"": ""Latin""
  }
]",2019-06-28,2019-07-11,2,17165.69368649,632
MRELG250F313598F34A38A435839C55337CBA,HOPE ON THE STREET VOL.1,J-Hope,"[
  {
    ""CLIENT_DOMAIN"": ""Luminate"",
    ""GENRES"": [
      ""Rap"",
      ""K-Pop""
    ],
    ""MAIN_GENRE"": ""K-Pop""
  },
  {
    ""CLIENT_DOMAIN"": ""Billboard"",
    ""GENRES"": [
      ""K-Pop"",
      ""World Music""
    ],
    ""IS_APPROVED"": true,
    ""MAIN_GENRE"": ""K-Pop""
  }
]",2024-03-29,2024-04-04,1,55181.28328144,49102
MRELG250F313598F34A38A435839C55337CBA,HOPE ON THE STREET VOL.1,J-Hope,"[
  {
    ""CLIENT_DOMAIN"": ""Luminate"",
    ""GENRES"": [
      ""Rap"",
      ""K-Pop""
    ],
    ""MAIN_GENRE"": ""K-Pop""
  },
  {
    ""CLIENT_DOMAIN"": ""Billboard"",
    ""GENRES"": [
      ""K-Pop"",
      ""World Music""
    ],
    ""IS_APPROVED"": true,
    ""MAIN_GENRE"": ""K-Pop""
  }
]",2024-03-29,2024-04-11,2,11805.57940040,9328
MRELG16168508156D4DB68EEF6100859301E9,Jack In The Box,J-Hope,"[
  {
    ""CLIENT_DOMAIN"": ""Billboard"",
    ""GENRES"": [
      ""World Music"",
      ""K-Pop""
    ],
    ""IS_APPROVED"": true,
    ""MAIN_GENRE"": ""K-Pop""
  },
  {
    ""CLIENT_DOMAIN"": ""Luminate"",
    ""GENRES"": [
      ""Euro Hip-Hop"",
      ""Rap"",
      ""K-Pop""
    ],
    ""MAIN_GENRE"": ""K-Pop""
  }
]",2022-07-15,2022-07-21,1,24615.49407330,9582
MRELG16168508156D4DB68EEF6100859301E9,Jack In The Box,J-Hope,"[
  {
    ""CLIENT_DOMAIN"": ""Billboard"",
    ""GENRES"": [
      ""World Music"",
      ""K-Pop""
    ],
    ""IS_APPROVED"": true,
    ""MAIN_GENRE"": ""K-Pop""
  },
  {
    ""CLIENT_DOMAIN"": ""Luminate"",
    ""GENRES"": [
      ""Euro Hip-Hop"",
      ""Rap"",
      ""K-Pop""
    ],
    ""MAIN_GENRE"": ""K-Pop""
  }
]",2022-07-15,2022-07-28,2,4542.54447617,493
MRELG594065EF1BE24F4E961094DAB5823B09,KOD,J. Cole,"[
  {
    ""CLIENT_DOMAIN"": ""Billboard"",
    ""GENRES"": [
      ""Rap"",
      ""R&B/Hip-Hop""
    ],
    ""IS_APPROVED"": true,
    ""MAIN_GENRE"": ""Rap""
  },
  {
    ""CLIENT_DOMAIN"": ""Luminate"",
    ""GENRES"": [
      ""Rap"",
      ""R&B/Hip-Hop""
    ],
    ""MAIN_GENRE"": ""Rap""
  }
]",2018-04-20,2018-04-26,1,426429.87379060,173800
MRELG594065EF1BE24F4E961094DAB5823B09,KOD,J. Cole,"[
  {
    ""CLIENT_DOMAIN"": ""Billboard"",
    ""GENRES"": [
      ""Rap"",
      ""R&B/Hip-Hop""
    ],
    ""IS_APPROVED"": true,
    ""MAIN_GENRE"": ""Rap""
  },
  {
    ""CLIENT_DOMAIN"": ""Luminate"",
    ""GENRES"": [
      ""Rap"",
      ""R&B/Hip-Hop""
    ],
    ""MAIN_GENRE"": ""Rap""
  }
]",2018-04-20,2018-05-03,2,117083.90317709,20763
MRELGBA7FFB8BE0764C45AE2CA27F09EA9FAD,Might Delete Later,J. Cole,"[
  {
    ""CLIENT_DOMAIN"": ""Luminate"",
    ""GENRES"": [
      ""Rap"",
      ""R&B/Hip-Hop""
    ],
    ""MAIN_GENRE"": ""Rap""
  },
  {
    ""CLIENT_DOMAIN"": ""Billboard"",
    ""GENRES"": [
      ""R&B/Hip-Hop"",
      ""Rap""
    ],
    ""IS_APPROVED"": true,
    ""MAIN_GENRE"": ""Rap""
  }
]",2024-04-04,2024-04-11,1,114692.43232285,8878
MRELGBA7FFB8BE0764C45AE2CA27F09EA9FAD,Might Delete Later,J. Cole,"[
  {
    ""CLIENT_DOMAIN"": ""Luminate"",
    ""GENRES"": [
      ""Rap"",
      ""R&B/Hip-Hop""
    ],
    ""MAIN_GENRE"": ""Rap""
  },
  {
    ""CLIENT_DOMAIN"": ""Billboard"",
    ""GENRES"": [
      ""R&B/Hip-Hop"",
      ""Rap""
    ],
    ""IS_APPROVED"": true,
    ""MAIN_GENRE"": ""Rap""
  }
]",2024-04-04,2024-04-18,2,30632.68058126,1097
MRELGB7C423A05B924BC29B014CB2789B78EF,The Off-Season,J. Cole,"[
  {
    ""CLIENT_DOMAIN"": ""Luminate"",
    ""GENRES"": [
      ""Rap"",
      ""R&B/Hip-Hop""
    ],
    ""MAIN_GENRE"": ""Rap""
  },
  {
    ""CLIENT_DOMAIN"": ""Billboard"",
    ""GENRES"": [
      ""R&B/Hip-Hop"",
      ""Rap""
    ],
    ""IS_APPROVED"": true,
    ""MAIN_GENRE"": ""Rap""
  }
]",2021-05-14,2021-05-20,1,283101.68894373,37287
MRELGB7C423A05B924BC29B014CB2789B78EF,The Off-Season,J. Cole,"[
  {
    ""CLIENT_DOMAIN"": ""Luminate"",
    ""GENRES"": [
      ""Rap"",
      ""R&B/Hip-Hop""
    ],
    ""MAIN_GENRE"": ""Rap""
  },
  {
    ""CLIENT_DOMAIN"": ""Billboard"",
    ""GENRES"": [
      ""R&B/Hip-Hop"",
      ""Rap""
    ],
    ""IS_APPROVED"": true,
    ""MAIN_GENRE"": ""Rap""
  }
]",2021-05-14,2021-05-27,2,92395.82862083,3157
MRELG5AD1C1243C6B4C3D882345F082437518,COME HOME THE KIDS MISS YOU,JACK HARLOW,"[
  {
    ""CLIENT_DOMAIN"": ""Luminate"",
    ""GENRES"": [
      ""Rap"",
      ""R&B/Hip-Hop""
    ],
    ""MAIN_GENRE"": ""Rap""
  },
  {
    ""CLIENT_DOMAIN"": ""Billboard"",
    ""GENRES"": [
      ""Rap"",
      ""R&B/Hip-Hop""
    ],
    ""IS_APPROVED"": true,
    ""MAIN_GENRE"": ""Rap""
  }
]",2022-05-05,2022-05-12,1,112238.26980333,7861
MRELG5AD1C1243C6B4C3D882345F082437518,COME HOME THE KIDS MISS YOU,JACK HARLOW,"[
  {
    ""CLIENT_DOMAIN"": ""Luminate"",
    ""GENRES"": [
      ""Rap"",
      ""R&B/Hip-Hop""
    ],
    ""MAIN_GENRE"": ""Rap""
  },
  {
    ""CLIENT_DOMAIN"": ""Billboard"",
    ""GENRES"": [
      ""Rap"",
      ""R&B/Hip-Hop""
    ],
    ""IS_APPROVED"": true,
    ""MAIN_GENRE"": ""Rap""
  }
]",2022-05-05,2022-05-19,2,54818.26055795,1069
MRELG32F1761C1E7C4AFC8FA428A2D14C0BA0,FIRST CLASS,JACK HARLOW,"[
  {
    ""CLIENT_DOMAIN"": ""Luminate"",
    ""GENRES"": [
      ""Rap"",
      ""R&B/Hip-Hop""
    ],
    ""MAIN_GENRE"": ""R&B/Hip-Hop""
  },
  {
    ""CLIENT_DOMAIN"": ""Billboard"",
    ""GENRES"": [
      ""R&B/Hip-Hop"",
      ""Rap""
    ],
    ""IS_APPROVED"": false,
    ""MAIN_GENRE"": ""Rap""
  }
]",2022-04-08,2022-04-14,1,42010.39142890,0
MRELG32F1761C1E7C4AFC8FA428A2D14C0BA0,FIRST CLASS,JACK HARLOW,"[
  {
    ""CLIENT_DOMAIN"": ""Luminate"",
    ""GENRES"": [
      ""Rap"",
      ""R&B/Hip-Hop""
    ],
    ""MAIN_GENRE"": ""R&B/Hip-Hop""
  },
  {
    ""CLIENT_DOMAIN"": ""Billboard"",
    ""GENRES"": [
      ""R&B/Hip-Hop"",
      ""Rap""
    ],
    ""IS_APPROVED"": false,
    ""MAIN_GENRE"": ""Rap""
  }
]",2022-04-08,2022-04-21,2,25505.35134518,0
MRELG594E2E1B2D1141239381B8B3A546AFD6,JACKMAN.,JACK HARLOW,"[
  {
    ""CLIENT_DOMAIN"": ""Luminate"",
    ""GENRES"": [
      ""Rap"",
      ""R&B/Hip-Hop""
    ],
    ""MAIN_GENRE"": ""Rap""
  },
  {
    ""CLIENT_DOMAIN"": ""Billboard"",
    ""GENRES"": [
      ""Rap"",
      ""R&B/Hip-Hop""
    ],
    ""IS_APPROVED"": true,
    ""MAIN_GENRE"": ""Rap""
  }
]",2023-04-27,2023-05-04,1,35521.24657021,1822
MRELG594E2E1B2D1141239381B8B3A546AFD6,JACKMAN.,JACK HARLOW,"[
  {
    ""CLIENT_DOMAIN"": ""Luminate"",
    ""GENRES"": [
      ""Rap"",
      ""R&B/Hip-Hop""
    ],
    ""MAIN_GENRE"": ""Rap""
  },
  {
    ""CLIENT_DOMAIN"": ""Billboard"",
    ""GENRES"": [
      ""Rap"",
      ""R&B/Hip-Hop""
    ],
    ""IS_APPROVED"": true,
    ""MAIN_GENRE"": ""Rap""
  }
]",2023-04-27,2023-05-11,2,12854.67130294,227
MRELG4025F46D02344C71A6DA3127841FC85A,THATS WHAT THEY ALL SAY,JACK HARLOW,"[
  {
    ""CLIENT_DOMAIN"": ""Billboard"",
    ""GENRES"": [
      ""Rap"",
      ""R&B/Hip-Hop""
    ],
    ""IS_APPROVED"": true,
    ""MAIN_GENRE"": ""Rap""
  },
  {
    ""CLIENT_DOMAIN"": ""Luminate"",
    ""GENRES"": [
      ""Rap"",
      ""R&B/Hip-Hop""
    ],
    ""MAIN_GENRE"": ""Rap""
  }
]",2020-12-10,2020-12-17,1,50875.04191459,2172
MRELG4025F46D02344C71A6DA3127841FC85A,THATS WHAT THEY ALL SAY,JACK HARLOW,"[
  {
    ""CLIENT_DOMAIN"": ""Billboard"",
    ""GENRES"": [
      ""Rap"",
      ""R&B/Hip-Hop""
    ],
    ""IS_APPROVED"": true,
    ""MAIN_GENRE"": ""Rap""
  },
  {
    ""CLIENT_DOMAIN"": ""Luminate"",
    ""GENRES"": [
      ""Rap"",
      ""R&B/Hip-Hop""
    ],
    ""MAIN_GENRE"": ""Rap""
  }
]",2020-12-10,2020-12-24,2,30777.18230274,470
MRELG8F9FA78098314654AB4183672B4E6C5E,JACKBOYS,JACKBOYS,"[
  {
    ""CLIENT_DOMAIN"": ""Billboard"",
    ""GENRES"": [
      ""Rap"",
      ""R&B/Hip-Hop""
    ],
    ""IS_APPROVED"": true,
    ""MAIN_GENRE"": ""Rap""
  },
  {
    ""CLIENT_DOMAIN"": ""Luminate"",
    ""GENRES"": [
      ""Rap"",
      ""R&B/Hip-Hop""
    ],
    ""MAIN_GENRE"": ""Rap""
  }
]",2019-12-27,2020-01-02,1,155503.02232138,78929
MRELG8F9FA78098314654AB4183672B4E6C5E,JACKBOYS,JACKBOYS,"[
  {
    ""CLIENT_DOMAIN"": ""Billboard"",
    ""GENRES"": [
      ""Rap"",
      ""R&B/Hip-Hop""
    ],
    ""IS_APPROVED"": true,
    ""MAIN_GENRE"": ""Rap""
  },
  {
    ""CLIENT_DOMAIN"": ""Luminate"",
    ""GENRES"": [
      ""Rap"",
      ""R&B/Hip-Hop""
    ],
    ""MAIN_GENRE"": ""Rap""
  }
]",2019-12-27,2020-01-09,2,48559.94173279,1860
MRELG31F089CD60EE49E0AF3495983AD5F306,MAGIC MAN,JACKSON WANG,"[
  {
    ""CLIENT_DOMAIN"": ""Billboard"",
    ""GENRES"": [
      ""Alt. Rock"",
      ""Rock"",
      ""Pop""
    ],
    ""IS_APPROVED"": false,
    ""MAIN_GENRE"": ""Pop""
  },
  {
    ""CLIENT_DOMAIN"": ""Luminate"",
    ""GENRES"": [
      ""Rock"",
      ""Rap"",
      ""Alternative"",
      ""New Age"",
      ""Pop""
    ],
    ""MAIN_GENRE"": ""Pop""
  }
]",2022-09-09,2022-09-15,1,21871.49386552,20437
MRELG31F089CD60EE49E0AF3495983AD5F306,MAGIC MAN,JACKSON WANG,"[
  {
    ""CLIENT_DOMAIN"": ""Billboard"",
    ""GENRES"": [
      ""Alt. Rock"",
      ""Rock"",
      ""Pop""
    ],
    ""IS_APPROVED"": false,
    ""MAIN_GENRE"": ""Pop""
  },
  {
    ""CLIENT_DOMAIN"": ""Luminate"",
    ""GENRES"": [
      ""Rock"",
      ""Rap"",
      ""Alternative"",
      ""New Age"",
      ""Pop""
    ],
    ""MAIN_GENRE"": ""Pop""
  }
]",2022-09-09,2022-09-22,2,2324.59895263,1634
MRELGDBB151F149C24B2D8567563311F4297F,DIRTY COMPUTER,JANELLE MONÁE,"[
  {
    ""CLIENT_DOMAIN"": ""Billboard"",
    ""GENRES"": [
      ""R&B/Hip-Hop"",
      ""R&B""
    ],
    ""IS_APPROVED"": true,
    ""MAIN_GENRE"": ""R&B""
  },
  {
    ""CLIENT_DOMAIN"": ""Luminate"",
    ""GENRES"": [
      ""R&B/Hip-Hop""
    ],
    ""MAIN_GENRE"": ""R&B/Hip-Hop""
  }
]",2018-04-27,2018-05-03,1,51061.39226314,36952
MRELGDBB151F149C24B2D8567563311F4297F,DIRTY COMPUTER,JANELLE MONÁE,"[
  {
    ""CLIENT_DOMAIN"": ""Billboard"",
    ""GENRES"": [
      ""R&B/Hip-Hop"",
      ""R&B""
    ],
    ""IS_APPROVED"": true,
    ""MAIN_GENRE"": ""R&B""
  },
  {
    ""CLIENT_DOMAIN"": ""Luminate"",
    ""GENRES"": [
      ""R&B/Hip-Hop""
    ],
    ""MAIN_GENRE"": ""R&B/Hip-Hop""
  }
]",2018-04-27,2018-05-10,2,15087.04699648,7318
MRELG3294C2E0760E4646876A5151170ADFDA,9,JASON ALDEAN,"[
  {
    ""CLIENT_DOMAIN"": ""Luminate"",
    ""GENRES"": [
      ""Latin Pop"",
      ""Country"",
      ""Reggaeton""
    ],
    ""MAIN_GENRE"": ""Country""
  },
  {
    ""CLIENT_DOMAIN"": ""Billboard"",
    ""GENRES"": [
      ""Country""
    ],
    ""IS_APPROVED"": true,
    ""MAIN_GENRE"": ""Country""
  }
]",2019-11-22,2019-11-28,1,82648.20639998,68200
MRELG3294C2E0760E4646876A5151170ADFDA,9,JASON ALDEAN,"[
  {
    ""CLIENT_DOMAIN"": ""Luminate"",
    ""GENRES"": [
      ""Latin Pop"",
      ""Country"",
      ""Reggaeton""
    ],
    ""MAIN_GENRE"": ""Country""
  },
  {
    ""CLIENT_DOMAIN"": ""Billboard"",
    ""GENRES"": [
      ""Country""
    ],
    ""IS_APPROVED"": true,
    ""MAIN_GENRE"": ""Country""
  }
]",2019-11-22,2019-12-05,2,20068.67949756,10941
MRELGD66C0F50DD474E2EB81F5F2DA2186302,GEORGIA,JASON ALDEAN,"[
  {
    ""CLIENT_DOMAIN"": ""Billboard"",
    ""GENRES"": [
      ""Country""
    ],
    ""IS_APPROVED"": true,
    ""MAIN_GENRE"": ""Country""
  },
  {
    ""CLIENT_DOMAIN"": ""Luminate"",
    ""GENRES"": [
      ""Country"",
      ""Dance & House""
    ],
    ""MAIN_GENRE"": ""Country""
  }
]",2022-04-22,2022-04-28,1,28500.89659875,13402
MRELGD66C0F50DD474E2EB81F5F2DA2186302,GEORGIA,JASON ALDEAN,"[
  {
    ""CLIENT_DOMAIN"": ""Billboard"",
    ""GENRES"": [
      ""Country""
    ],
    ""IS_APPROVED"": true,
    ""MAIN_GENRE"": ""Country""
  },
  {
    ""CLIENT_DOMAIN"": ""Luminate"",
    ""GENRES"": [
      ""Country"",
      ""Dance & House""
    ],
    ""MAIN_GENRE"": ""Country""
  }
]",2022-04-22,2022-05-05,2,14365.17522889,3446
MRELG426B097E846F43659FD11666080BF735,MACON,JASON ALDEAN,"[
  {
    ""CLIENT_DOMAIN"": ""Billboard"",
    ""GENRES"": [
      ""Country""
    ],
    ""IS_APPROVED"": true,
    ""MAIN_GENRE"": ""Country""
  },
  {
    ""CLIENT_DOMAIN"": ""Luminate"",
    ""GENRES"": [
      ""Country""
    ],
    ""MAIN_GENRE"": ""Country""
  }
]",2021-11-12,2021-11-18,1,39095.21721985,18702
MRELG426B097E846F43659FD11666080BF735,MACON,JASON ALDEAN,"[
  {
    ""CLIENT_DOMAIN"": ""Billboard"",
    ""GENRES"": [
      ""Country""
    ],
    ""IS_APPROVED"": true,
    ""MAIN_GENRE"": ""Country""
  },
  {
    ""CLIENT_DOMAIN"": ""Luminate"",
    ""GENRES"": [
      ""Country""
    ],
    ""MAIN_GENRE"": ""Country""
  }
]",2021-11-12,2021-11-25,2,19946.03773927,6004
MRELG0C81815B09C5448FA42B118B87551B95,REARVIEW TOWN,JASON ALDEAN,"[
  {
    ""CLIENT_DOMAIN"": ""Luminate"",
    ""GENRES"": [
      ""Country""
    ],
    ""MAIN_GENRE"": ""Country""
  },
  {
    ""CLIENT_DOMAIN"": ""Billboard"",
    ""GENRES"": [
      ""Country""
    ],
    ""IS_APPROVED"": true,
    ""MAIN_GENRE"": ""Country""
  }
]",2018-04-13,2018-04-19,1,183485.75007644,162026
MRELG0C81815B09C5448FA42B118B87551B95,REARVIEW TOWN,JASON ALDEAN,"[
  {
    ""CLIENT_DOMAIN"": ""Luminate"",
    ""GENRES"": [
      ""Country""
    ],
    ""MAIN_GENRE"": ""Country""
  },
  {
    ""CLIENT_DOMAIN"": ""Billboard"",
    ""GENRES"": [
      ""Country""
    ],
    ""IS_APPROVED"": true,
    ""MAIN_GENRE"": ""Country""
  }
]",2018-04-13,2018-04-26,2,41012.20973761,24045
MRELG3C63A6D17BC74677AD0E8F8DF9F14440,God Does Like Ugly,JID,"[
  {
    ""CLIENT_DOMAIN"": ""Billboard"",
    ""GENRES"": [
      ""Rap"",
      ""R&B/Hip-Hop""
    ],
    ""IS_APPROVED"": true,
    ""MAIN_GENRE"": ""Rap""
  },
  {
    ""CLIENT_DOMAIN"": ""Luminate"",
    ""GENRES"": [
      ""R&B/Hip-Hop"",
      ""Rap""
    ],
    ""MAIN_GENRE"": ""R&B/Hip-Hop""
  }
]",2025-08-08,2025-08-14,1,30899.84064249,2346
MRELG3C63A6D17BC74677AD0E8F8DF9F14440,God Does Like Ugly,JID,"[
  {
    ""CLIENT_DOMAIN"": ""Billboard"",
    ""GENRES"": [
      ""Rap"",
      ""R&B/Hip-Hop""
    ],
    ""IS_APPROVED"": true,
    ""MAIN_GENRE"": ""Rap""
  },
  {
    ""CLIENT_DOMAIN"": ""Luminate"",
    ""GENRES"": [
      ""R&B/Hip-Hop"",
      ""Rap""
    ],
    ""MAIN_GENRE"": ""R&B/Hip-Hop""
  }
]",2025-08-08,2025-08-21,2,12654.96931702,288
MRELGCF25DD24DA7C4569B23B4D60F7BA966E,The Forever Story,JID,"[
  {
    ""CLIENT_DOMAIN"": ""Billboard"",
    ""GENRES"": [
      ""Rap"",
      ""R&B/Hip-Hop""
    ],
    ""IS_APPROVED"": true,
    ""MAIN_GENRE"": ""Rap""
  },
  {
    ""CLIENT_DOMAIN"": ""Luminate"",
    ""GENRES"": [
      ""Rap"",
      ""R&B/Hip-Hop""
    ],
    ""MAIN_GENRE"": ""Rap""
  }
]",2022-08-26,2022-09-01,1,30789.66877589,2244
MRELGCF25DD24DA7C4569B23B4D60F7BA966E,The Forever Story,JID,"[
  {
    ""CLIENT_DOMAIN"": ""Billboard"",
    ""GENRES"": [
      ""Rap"",
      ""R&B/Hip-Hop""
    ],
    ""IS_APPROVED"": true,
    ""MAIN_GENRE"": ""Rap""
  },
  {
    ""CLIENT_DOMAIN"": ""Luminate"",
    ""GENRES"": [
      ""Rap"",
      ""R&B/Hip-Hop""
    ],
    ""MAIN_GENRE"": ""Rap""
  }
]",2022-08-26,2022-09-08,2,15623.92684460,434
MRELG4498B7FA19BF40BF94D9D4CE7EA36710,ZONE,JIHYO (TWICE),"[
  {
    ""CLIENT_DOMAIN"": ""Luminate"",
    ""GENRES"": [
      ""K-Pop""
    ],
    ""MAIN_GENRE"": ""K-Pop""
  },
  {
    ""CLIENT_DOMAIN"": ""Billboard"",
    ""GENRES"": [
      ""World Music"",
      ""K-Pop""
    ],
    ""IS_APPROVED"": true,
    ""MAIN_GENRE"": ""K-Pop""
  }
]",2023-08-18,2023-08-24,1,40227.92364636,36772
MRELG4498B7FA19BF40BF94D9D4CE7EA36710,ZONE,JIHYO (TWICE),"[
  {
    ""CLIENT_DOMAIN"": ""Luminate"",
    ""GENRES"": [
      ""K-Pop""
    ],
    ""MAIN_GENRE"": ""K-Pop""
  },
  {
    ""CLIENT_DOMAIN"": ""Billboard"",
    ""GENRES"": [
      ""World Music"",
      ""K-Pop""
    ],
    ""IS_APPROVED"": true,
    ""MAIN_GENRE"": ""K-Pop""
  }
]",2023-08-18,2023-08-31,2,11460.73754061,9912
MRELG79C20511E1DA431F93CC7E0A33F5A686,FACE,JIMIN (BTS),"[
  {
    ""CLIENT_DOMAIN"": ""Billboard"",
    ""GENRES"": [
      ""K-Pop"",
      ""World Music""
    ],
    ""IS_APPROVED"": true,
    ""MAIN_GENRE"": ""K-Pop""
  },
  {
    ""CLIENT_DOMAIN"": ""Luminate"",
    ""GENRES"": [
      ""K-Pop""
    ],
    ""MAIN_GENRE"": ""K-Pop""
  }
]",2023-03-23,2023-03-30,1,163722.51763472,124204
MRELG79C20511E1DA431F93CC7E0A33F5A686,FACE,JIMIN (BTS),"[
  {
    ""CLIENT_DOMAIN"": ""Billboard"",
    ""GENRES"": [
      ""K-Pop"",
      ""World Music""
    ],
    ""IS_APPROVED"": true,
    ""MAIN_GENRE"": ""K-Pop""
  },
  {
    ""CLIENT_DOMAIN"": ""Luminate"",
    ""GENRES"": [
      ""K-Pop""
    ],
    ""MAIN_GENRE"": ""K-Pop""
  }
]",2023-03-23,2023-04-06,2,30884.00578749,19592
MRELGD01C2A48C03E43EB9553E8EC00B9A293,Life On The Flip Side,JIMMY BUFFETT,"[
  {
    ""CLIENT_DOMAIN"": ""Luminate"",
    ""GENRES"": [
      ""Rock"",
      ""Country"",
      ""Folk""
    ],
    ""MAIN_GENRE"": ""Country""
  },
  {
    ""CLIENT_DOMAIN"": ""Billboard"",
    ""GENRES"": [
      ""Country"",
      ""Folk""
    ],
    ""IS_APPROVED"": true,
    ""MAIN_GENRE"": ""Folk""
  }
]",2020-05-29,2020-06-04,1,75337.60936557,74236
MRELGD01C2A48C03E43EB9553E8EC00B9A293,Life On The Flip Side,JIMMY BUFFETT,"[
  {
    ""CLIENT_DOMAIN"": ""Luminate"",
    ""GENRES"": [
      ""Rock"",
      ""Country"",
      ""Folk""
    ],
    ""MAIN_GENRE"": ""Country""
  },
  {
    ""CLIENT_DOMAIN"": ""Billboard"",
    ""GENRES"": [
      ""Country"",
      ""Folk""
    ],
    ""IS_APPROVED"": true,
    ""MAIN_GENRE"": ""Folk""
  }
]",2020-05-29,2020-06-11,2,7075.52719066,6292
MRELGA1E99006B8104EA89F20C3EEB7D8F51D,REDEMPTION,JOE BONAMASSA,"[
  {
    ""CLIENT_DOMAIN"": ""Luminate"",
    ""GENRES"": [
      ""Blues"",
      ""Rock""
    ],
    ""MAIN_GENRE"": ""Blues""
  },
  {
    ""CLIENT_DOMAIN"": ""Billboard"",
    ""GENRES"": [
      ""Rock"",
      ""Blues""
    ],
    ""IS_APPROVED"": true,
    ""MAIN_GENRE"": ""Blues""
  }
]",2018-09-21,2018-09-27,1,20024.49794033,19267
MRELGA1E99006B8104EA89F20C3EEB7D8F51D,REDEMPTION,JOE BONAMASSA,"[
  {
    ""CLIENT_DOMAIN"": ""Luminate"",
    ""GENRES"": [
      ""Blues"",
      ""Rock""
    ],
    ""MAIN_GENRE"": ""Blues""
  },
  {
    ""CLIENT_DOMAIN"": ""Billboard"",
    ""GENRES"": [
      ""Rock"",
      ""Blues""
    ],
    ""IS_APPROVED"": true,
    ""MAIN_GENRE"": ""Blues""
  }
]",2018-09-21,2018-10-04,2,5078.70980432,4815
MRELGBF5247FB29BC42149E0358D4FEE7527E,PASSAGE DU DESIR,JOHNNY BLUE SKIES,"[
  {
    ""CLIENT_DOMAIN"": ""Billboard"",
    ""GENRES"": [
      ""Folk"",
      ""Rock"",
      ""Country""
    ],
    ""IS_APPROVED"": true,
    ""MAIN_GENRE"": ""Rock""
  },
  {
    ""CLIENT_DOMAIN"": ""Luminate"",
    ""GENRES"": [
      ""Country & Folk"",
      ""Rock"",
      ""Country"",
      ""Folk""
    ],
    ""MAIN_GENRE"": ""Country""
  }
]",2024-07-12,2024-07-18,1,22667.27975651,17377
MRELGBF5247FB29BC42149E0358D4FEE7527E,PASSAGE DU DESIR,JOHNNY BLUE SKIES,"[
  {
    ""CLIENT_DOMAIN"": ""Billboard"",
    ""GENRES"": [
      ""Folk"",
      ""Rock"",
      ""Country""
    ],
    ""IS_APPROVED"": true,
    ""MAIN_GENRE"": ""Rock""
  },
  {
    ""CLIENT_DOMAIN"": ""Luminate"",
    ""GENRES"": [
      ""Country & Folk"",
      ""Rock"",
      ""Country"",
      ""Folk""
    ],
    ""MAIN_GENRE"": ""Country""
  }
]",2024-07-12,2024-07-25,2,6636.34114806,3614
MRELG0EDED7C677BF4591BDE30F85DA251BD5,GLIMPSE OF US,JOJI,"[
  {
    ""CLIENT_DOMAIN"": ""Billboard"",
    ""GENRES"": [
      ""Pop""
    ],
    ""IS_APPROVED"": true,
    ""MAIN_GENRE"": ""Pop""
  },
  {
    ""CLIENT_DOMAIN"": ""Luminate"",
    ""GENRES"": [
      ""Punk"",
      ""Rap"",
      ""Alternative"",
      ""R&B/Hip-Hop"",
      ""Pop""
    ],
    ""MAIN_GENRE"": ""Pop""
  }
]",2022-06-10,2022-06-16,1,13674.62290794,20
MRELG0EDED7C677BF4591BDE30F85DA251BD5,GLIMPSE OF US,JOJI,"[
  {
    ""CLIENT_DOMAIN"": ""Billboard"",
    ""GENRES"": [
      ""Pop""
    ],
    ""IS_APPROVED"": true,
    ""MAIN_GENRE"": ""Pop""
  },
  {
    ""CLIENT_DOMAIN"": ""Luminate"",
    ""GENRES"": [
      ""Punk"",
      ""Rap"",
      ""Alternative"",
      ""R&B/Hip-Hop"",
      ""Pop""
    ],
    ""MAIN_GENRE"": ""Pop""
  }
]",2022-06-10,2022-06-23,2,18669.48249283,22
MRELG278F547DDC344948B0C350F761B3E35B,NECTAR,JOJI,"[
  {
    ""CLIENT_DOMAIN"": ""Billboard"",
    ""GENRES"": [
      ""Alt. Rock"",
      ""Pop""
    ],
    ""IS_APPROVED"": true,
    ""MAIN_GENRE"": ""Pop""
  },
  {
    ""CLIENT_DOMAIN"": ""Luminate"",
    ""GENRES"": [
      ""Rock"",
      ""Alternative"",
      ""R&B/Hip-Hop"",
      ""Pop""
    ],
    ""MAIN_GENRE"": ""Rock""
  }
]",2020-09-24,2020-10-01,1,91671.74730826,41464
MRELG278F547DDC344948B0C350F761B3E35B,NECTAR,JOJI,"[
  {
    ""CLIENT_DOMAIN"": ""Billboard"",
    ""GENRES"": [
      ""Alt. Rock"",
      ""Pop""
    ],
    ""IS_APPROVED"": true,
    ""MAIN_GENRE"": ""Pop""
  },
  {
    ""CLIENT_DOMAIN"": ""Luminate"",
    ""GENRES"": [
      ""Rock"",
      ""Alternative"",
      ""R&B/Hip-Hop"",
      ""Pop""
    ],
    ""MAIN_GENRE"": ""Rock""
  }
]",2020-09-24,2020-10-08,2,27258.50424403,2654
MRELG610F30AE6CF442AFB5665EE33FF02671,SMITHEREENS,JOJI,"[
  {
    ""CLIENT_DOMAIN"": ""Luminate"",
    ""GENRES"": [
      ""Rock"",
      ""Alternative"",
      ""R&B/Hip-Hop"",
      ""K-Pop"",
      ""Pop""
    ],
    ""MAIN_GENRE"": ""R&B/Hip-Hop""
  },
  {
    ""CLIENT_DOMAIN"": ""Billboard"",
    ""GENRES"": [
      ""Alt. Rock"",
      ""Pop""
    ],
    ""IS_APPROVED"": true,
    ""MAIN_GENRE"": ""Pop""
  }
]",2022-11-04,2022-11-10,1,56810.96619560,17359
MRELG610F30AE6CF442AFB5665EE33FF02671,SMITHEREENS,JOJI,"[
  {
    ""CLIENT_DOMAIN"": ""Luminate"",
    ""GENRES"": [
      ""Rock"",
      ""Alternative"",
      ""R&B/Hip-Hop"",
      ""K-Pop"",
      ""Pop""
    ],
    ""MAIN_GENRE"": ""R&B/Hip-Hop""
  },
  {
    ""CLIENT_DOMAIN"": ""Billboard"",
    ""GENRES"": [
      ""Alt. Rock"",
      ""Pop""
    ],
    ""IS_APPROVED"": true,
    ""MAIN_GENRE"": ""Pop""
  }
]",2022-11-04,2022-11-17,2,22347.57252850,2409
MRELG276E8E968B6247A7931350CFC55F6FF8,SUCKER,JONAS BROTHERS,"[
  {
    ""CLIENT_DOMAIN"": ""Luminate"",
    ""GENRES"": [
      ""Children"",
      ""Dance & House"",
      ""Pop""
    ],
    ""MAIN_GENRE"": ""Pop""
  },
  {
    ""CLIENT_DOMAIN"": ""Billboard"",
    ""GENRES"": [
      ""Pop""
    ],
    ""IS_APPROVED"": true,
    ""MAIN_GENRE"": ""Pop""
  }
]",2019-03-01,2019-03-07,1,33667.20428645,437
MRELG276E8E968B6247A7931350CFC55F6FF8,SUCKER,JONAS BROTHERS,"[
  {
    ""CLIENT_DOMAIN"": ""Luminate"",
    ""GENRES"": [
      ""Children"",
      ""Dance & House"",
      ""Pop""
    ],
    ""MAIN_GENRE"": ""Pop""
  },
  {
    ""CLIENT_DOMAIN"": ""Billboard"",
    ""GENRES"": [
      ""Pop""
    ],
    ""IS_APPROVED"": true,
    ""MAIN_GENRE"": ""Pop""
  }
]",2019-03-01,2019-03-14,2,17632.10076394,255
MRELG43D97F00A4DD411DB937BF42FB39D8A7,The Album,JONAS BROTHERS,"[
  {
    ""CLIENT_DOMAIN"": ""Luminate"",
    ""GENRES"": [
      ""Children"",
      ""Pop""
    ],
    ""MAIN_GENRE"": ""Pop""
  },
  {
    ""CLIENT_DOMAIN"": ""Billboard"",
    ""GENRES"": [
      ""Pop""
    ],
    ""IS_APPROVED"": true,
    ""MAIN_GENRE"": ""Pop""
  }
]",2023-05-12,2023-05-18,1,51895.70256593,35545
MRELG43D97F00A4DD411DB937BF42FB39D8A7,The Album,JONAS BROTHERS,"[
  {
    ""CLIENT_DOMAIN"": ""Luminate"",
    ""GENRES"": [
      ""Children"",
      ""Pop""
    ],
    ""MAIN_GENRE"": ""Pop""
  },
  {
    ""CLIENT_DOMAIN"": ""Billboard"",
    ""GENRES"": [
      ""Pop""
    ],
    ""IS_APPROVED"": true,
    ""MAIN_GENRE"": ""Pop""
  }
]",2023-05-12,2023-05-25,2,11888.04444695,3415
MRELG48376128F088444083A35739309DA1C3,Bluebird Days,JORDAN DAVIS,"[
  {
    ""CLIENT_DOMAIN"": ""Billboard"",
    ""GENRES"": [
      ""Country""
    ],
    ""IS_APPROVED"": true,
    ""MAIN_GENRE"": ""Country""
  },
  {
    ""CLIENT_DOMAIN"": ""Luminate"",
    ""GENRES"": [
      ""Country"",
      ""Pop""
    ],
    ""MAIN_GENRE"": ""Country""
  }
]",2023-02-17,2023-02-23,1,21754.80969674,3494
MRELG48376128F088444083A35739309DA1C3,Bluebird Days,JORDAN DAVIS,"[
  {
    ""CLIENT_DOMAIN"": ""Billboard"",
    ""GENRES"": [
      ""Country""
    ],
    ""IS_APPROVED"": true,
    ""MAIN_GENRE"": ""Country""
  },
  {
    ""CLIENT_DOMAIN"": ""Luminate"",
    ""GENRES"": [
      ""Country"",
      ""Pop""
    ],
    ""MAIN_GENRE"": ""Country""
  }
]",2023-02-17,2023-03-02,2,15315.43820966,811
MRELG439B2B6EC2394CEB875D68E12CF70582,BRIDGES,JOSH GROBAN,"[
  {
    ""CLIENT_DOMAIN"": ""Billboard"",
    ""GENRES"": [
      ""Pop""
    ],
    ""IS_APPROVED"": true,
    ""MAIN_GENRE"": ""Pop""
  },
  {
    ""CLIENT_DOMAIN"": ""Luminate"",
    ""GENRES"": [
      ""Pop""
    ],
    ""MAIN_GENRE"": ""Pop""
  }
]",2018-09-21,2018-09-27,1,94318.09130097,92155
MRELG439B2B6EC2394CEB875D68E12CF70582,BRIDGES,JOSH GROBAN,"[
  {
    ""CLIENT_DOMAIN"": ""Billboard"",
    ""GENRES"": [
      ""Pop""
    ],
    ""IS_APPROVED"": true,
    ""MAIN_GENRE"": ""Pop""
  },
  {
    ""CLIENT_DOMAIN"": ""Luminate"",
    ""GENRES"": [
      ""Pop""
    ],
    ""MAIN_GENRE"": ""Pop""
  }
]",2018-09-21,2018-10-04,2,16844.61749000,15907
MRELG3E9CD7D74DC14B4095EB0CF377F19727,Freedom,JOURNEY,"[
  {
    ""CLIENT_DOMAIN"": ""Luminate"",
    ""GENRES"": [
      ""Rock""
    ],
    ""MAIN_GENRE"": ""Rock""
  },
  {
    ""CLIENT_DOMAIN"": ""Billboard"",
    ""GENRES"": [
      ""Rock""
    ],
    ""IS_APPROVED"": true,
    ""MAIN_GENRE"": ""Rock""
  }
]",2022-07-08,2022-07-14,1,10786.31585259,9886
MRELG3E9CD7D74DC14B4095EB0CF377F19727,Freedom,JOURNEY,"[
  {
    ""CLIENT_DOMAIN"": ""Luminate"",
    ""GENRES"": [
      ""Rock""
    ],
    ""MAIN_GENRE"": ""Rock""
  },
  {
    ""CLIENT_DOMAIN"": ""Billboard"",
    ""GENRES"": [
      ""Rock""
    ],
    ""IS_APPROVED"": true,
    ""MAIN_GENRE"": ""Rock""
  }
]",2022-07-08,2022-07-21,2,3545.79300007,3056
MRELGFCA95E98B76F49568CCA7F7D3F835B9C,City Cinderella,JT,"[
  {
    ""CLIENT_DOMAIN"": ""Billboard"",
    ""GENRES"": [
      ""Rap"",
      ""R&B/Hip-Hop""
    ],
    ""IS_APPROVED"": true,
    ""MAIN_GENRE"": ""Rap""
  },
  {
    ""CLIENT_DOMAIN"": ""Luminate"",
    ""GENRES"": [
      ""Rap"",
      ""R&B/Hip-Hop""
    ],
    ""MAIN_GENRE"": ""Rap""
  }
]",2024-07-18,2024-07-25,1,25406.33485249,9646
MRELGFCA95E98B76F49568CCA7F7D3F835B9C,City Cinderella,JT,"[
  {
    ""CLIENT_DOMAIN"": ""Billboard"",
    ""GENRES"": [
      ""Rap"",
      ""R&B/Hip-Hop""
    ],
    ""IS_APPROVED"": true,
    ""MAIN_GENRE"": ""Rap""
  },
  {
    ""CLIENT_DOMAIN"": ""Luminate"",
    ""GENRES"": [
      ""Rap"",
      ""R&B/Hip-Hop""
    ],
    ""MAIN_GENRE"": ""Rap""
  }
]",2024-07-18,2024-08-01,2,8518.38346600,623
MRELGDB44768E0C2C4407B9114C3C16B7331B,Sweet Action,Jack Harlow,"[
  {
    ""CLIENT_DOMAIN"": ""Billboard"",
    ""GENRES"": [
      ""R&B/Hip-Hop"",
      ""Rap""
    ],
    ""IS_APPROVED"": true,
    ""MAIN_GENRE"": ""Rap""
  },
  {
    ""CLIENT_DOMAIN"": ""Luminate"",
    ""GENRES"": [
      ""Rap"",
      ""R&B/Hip-Hop""
    ],
    ""MAIN_GENRE"": ""Rap""
  }
]",2020-03-12,2020-03-19,1,15339.25349529,640
MRELGDB44768E0C2C4407B9114C3C16B7331B,Sweet Action,Jack Harlow,"[
  {
    ""CLIENT_DOMAIN"": ""Billboard"",
    ""GENRES"": [
      ""R&B/Hip-Hop"",
      ""Rap""
    ],
    ""IS_APPROVED"": true,
    ""MAIN_GENRE"": ""Rap""
  },
  {
    ""CLIENT_DOMAIN"": ""Luminate"",
    ""GENRES"": [
      ""Rap"",
      ""R&B/Hip-Hop""
    ],
    ""MAIN_GENRE"": ""Rap""
  }
]",2020-03-12,2020-03-26,2,10688.43618070,147
MRELG843CCA03D2984119B8A2115D436FEF0B,Entering Heaven Alive,Jack White,"[
  {
    ""CLIENT_DOMAIN"": ""Luminate"",
    ""GENRES"": [
      ""Rock"",
      ""Folk""
    ],
    ""MAIN_GENRE"": ""Rock""
  },
  {
    ""CLIENT_DOMAIN"": ""Billboard"",
    ""GENRES"": [
      ""Rock"",
      ""Folk"",
      ""Alt. Rock""
    ],
    ""IS_APPROVED"": true,
    ""MAIN_GENRE"": ""Alt. Rock""
  }
]",2022-07-22,2022-07-28,1,26771.61561121,25165
MRELG843CCA03D2984119B8A2115D436FEF0B,Entering Heaven Alive,Jack White,"[
  {
    ""CLIENT_DOMAIN"": ""Luminate"",
    ""GENRES"": [
      ""Rock"",
      ""Folk""
    ],
    ""MAIN_GENRE"": ""Rock""
  },
  {
    ""CLIENT_DOMAIN"": ""Billboard"",
    ""GENRES"": [
      ""Rock"",
      ""Folk"",
      ""Alt. Rock""
    ],
    ""IS_APPROVED"": true,
    ""MAIN_GENRE"": ""Alt. Rock""
  }
]",2022-07-22,2022-08-04,2,6282.21644884,5567
MRELG198080E4359F456089F598FA7756681E,FEAR OF THE DAWN,Jack White,"[
  {
    ""CLIENT_DOMAIN"": ""Billboard"",
    ""GENRES"": [
      ""Rock"",
      ""Alt. Rock""
    ],
    ""IS_APPROVED"": true,
    ""MAIN_GENRE"": ""Alt. Rock""
  },
  {
    ""CLIENT_DOMAIN"": ""Luminate"",
    ""GENRES"": [
      ""Rock""
    ],
    ""MAIN_GENRE"": ""Rock""
  }
]",2022-04-08,2022-04-14,1,41886.54903306,38653
MRELG198080E4359F456089F598FA7756681E,FEAR OF THE DAWN,Jack White,"[
  {
    ""CLIENT_DOMAIN"": ""Billboard"",
    ""GENRES"": [
      ""Rock"",
      ""Alt. Rock""
    ],
    ""IS_APPROVED"": true,
    ""MAIN_GENRE"": ""Alt. Rock""
  },
  {
    ""CLIENT_DOMAIN"": ""Luminate"",
    ""GENRES"": [
      ""Rock""
    ],
    ""MAIN_GENRE"": ""Rock""
  }
]",2022-04-08,2022-04-21,2,13094.81042747,11499
MRELG06C1A388FAC74DA28622F20C76882B3F,MAGICMAN 2,Jackson Wang,"[
  {
    ""CLIENT_DOMAIN"": ""Luminate"",
    ""GENRES"": [
      ""Rap"",
      ""New Age"",
      ""Pop""
    ],
    ""MAIN_GENRE"": ""Pop""
  },
  {
    ""CLIENT_DOMAIN"": ""Billboard"",
    ""GENRES"": [
      ""Pop""
    ],
    ""IS_APPROVED"": true,
    ""MAIN_GENRE"": ""Pop""
  }
]",2025-07-18,2025-07-24,1,32368.56093893,30440
MRELG06C1A388FAC74DA28622F20C76882B3F,MAGICMAN 2,Jackson Wang,"[
  {
    ""CLIENT_DOMAIN"": ""Luminate"",
    ""GENRES"": [
      ""Rap"",
      ""New Age"",
      ""Pop""
    ],
    ""MAIN_GENRE"": ""Pop""
  },
  {
    ""CLIENT_DOMAIN"": ""Billboard"",
    ""GENRES"": [
      ""Pop""
    ],
    ""IS_APPROVED"": true,
    ""MAIN_GENRE"": ""Pop""
  }
]",2025-07-18,2025-07-31,2,5146.30722512,4218
MRELGA0B8EF200D3E48838D685882A6C9D90F,King of R&B,Jacquees,"[
  {
    ""CLIENT_DOMAIN"": ""Billboard"",
    ""GENRES"": [
      ""R&B"",
      ""R&B/Hip-Hop""
    ],
    ""IS_APPROVED"": true,
    ""MAIN_GENRE"": ""R&B""
  },
  {
    ""CLIENT_DOMAIN"": ""Luminate"",
    ""GENRES"": [
      ""R&B/Hip-Hop""
    ],
    ""MAIN_GENRE"": ""R&B/Hip-Hop""
  }
]",2019-11-08,2019-11-14,1,20285.00726341,1499
MRELGA0B8EF200D3E48838D685882A6C9D90F,King of R&B,Jacquees,"[
  {
    ""CLIENT_DOMAIN"": ""Billboard"",
    ""GENRES"": [
      ""R&B"",
      ""R&B/Hip-Hop""
    ],
    ""IS_APPROVED"": true,
    ""MAIN_GENRE"": ""R&B""
  },
  {
    ""CLIENT_DOMAIN"": ""Luminate"",
    ""GENRES"": [
      ""R&B/Hip-Hop""
    ],
    ""MAIN_GENRE"": ""R&B/Hip-Hop""
  }
]",2019-11-08,2019-11-21,2,10999.46178382,436
MRELGD2C9E837A65F47B999E3408C142BD7EE,ERYS,Jaden,"[
  {
    ""CLIENT_DOMAIN"": ""Luminate"",
    ""GENRES"": [
      ""Rap"",
      ""R&B/Hip-Hop""
    ],
    ""MAIN_GENRE"": ""Rap""
  },
  {
    ""CLIENT_DOMAIN"": ""Billboard"",
    ""GENRES"": [
      ""R&B/Hip-Hop"",
      ""Rap""
    ],
    ""IS_APPROVED"": true,
    ""MAIN_GENRE"": ""Rap""
  }
]",2019-07-05,2019-07-11,1,25816.98081553,3971
MRELGD2C9E837A65F47B999E3408C142BD7EE,ERYS,Jaden,"[
  {
    ""CLIENT_DOMAIN"": ""Luminate"",
    ""GENRES"": [
      ""Rap"",
      ""R&B/Hip-Hop""
    ],
    ""MAIN_GENRE"": ""Rap""
  },
  {
    ""CLIENT_DOMAIN"": ""Billboard"",
    ""GENRES"": [
      ""R&B/Hip-Hop"",
      ""Rap""
    ],
    ""IS_APPROVED"": true,
    ""MAIN_GENRE"": ""Rap""
  }
]",2019-07-05,2019-07-18,2,11677.97504122,457
MRELG5C1F9026F5EA44E8A0F82005A99CFFB9,ERYS [Deluxe],Jaden,"[
  {
    ""CLIENT_DOMAIN"": ""Luminate"",
    ""GENRES"": [
      ""Rap"",
      ""R&B/Hip-Hop""
    ],
    ""MAIN_GENRE"": ""Rap""
  },
  {
    ""CLIENT_DOMAIN"": ""Billboard"",
    ""GENRES"": [
      ""R&B/Hip-Hop"",
      ""Rap""
    ],
    ""IS_APPROVED"": true,
    ""MAIN_GENRE"": ""Rap""
  }
]",2019-07-05,2019-07-11,1,21845.98081553,11
MRELG5C1F9026F5EA44E8A0F82005A99CFFB9,ERYS [Deluxe],Jaden,"[
  {
    ""CLIENT_DOMAIN"": ""Luminate"",
    ""GENRES"": [
      ""Rap"",
      ""R&B/Hip-Hop""
    ],
    ""MAIN_GENRE"": ""Rap""
  },
  {
    ""CLIENT_DOMAIN"": ""Billboard"",
    ""GENRES"": [
      ""R&B/Hip-Hop"",
      ""Rap""
    ],
    ""IS_APPROVED"": true,
    ""MAIN_GENRE"": ""Rap""
  }
]",2019-07-05,2019-07-18,2,11220.97504122,3
MRELGEE309CE7A6ED45A7B07187596190F943,ASSUME FORM,James Blake,"[
  {
    ""CLIENT_DOMAIN"": ""Billboard"",
    ""GENRES"": [
      ""Dance/Electronic""
    ],
    ""IS_APPROVED"": true,
    ""MAIN_GENRE"": ""Dance/Electronic""
  },
  {
    ""CLIENT_DOMAIN"": ""Luminate"",
    ""GENRES"": [
      ""EDM"",
      ""Rap"",
      ""R&B/Hip-Hop"",
      ""Electronica"",
      ""Dance & House""
    ],
    ""MAIN_GENRE"": ""EDM""
  }
]",2019-01-18,2019-01-24,1,21951.29513354,9111
MRELGEE309CE7A6ED45A7B07187596190F943,ASSUME FORM,James Blake,"[
  {
    ""CLIENT_DOMAIN"": ""Billboard"",
    ""GENRES"": [
      ""Dance/Electronic""
    ],
    ""IS_APPROVED"": true,
    ""MAIN_GENRE"": ""Dance/Electronic""
  },
  {
    ""CLIENT_DOMAIN"": ""Luminate"",
    ""GENRES"": [
      ""EDM"",
      ""Rap"",
      ""R&B/Hip-Hop"",
      ""Electronica"",
      ""Dance & House""
    ],
    ""MAIN_GENRE"": ""EDM""
  }
]",2019-01-18,2019-01-31,2,7740.91673100,1112
MRELGC3C9030A87D14549905044CAD3639E37,HIGHWAY DESPERADO,Jason Aldean,"[
  {
    ""CLIENT_DOMAIN"": ""Billboard"",
    ""GENRES"": [
      ""Country""
    ],
    ""IS_APPROVED"": true,
    ""MAIN_GENRE"": ""Country""
  },
  {
    ""CLIENT_DOMAIN"": ""Luminate"",
    ""GENRES"": [
      ""Country""
    ],
    ""MAIN_GENRE"": ""Country""
  }
]",2023-11-03,2023-11-09,1,29304.90551676,16441
MRELGC3C9030A87D14549905044CAD3639E37,HIGHWAY DESPERADO,Jason Aldean,"[
  {
    ""CLIENT_DOMAIN"": ""Billboard"",
    ""GENRES"": [
      ""Country""
    ],
    ""IS_APPROVED"": true,
    ""MAIN_GENRE"": ""Country""
  },
  {
    ""CLIENT_DOMAIN"": ""Luminate"",
    ""GENRES"": [
      ""Country""
    ],
    ""MAIN_GENRE"": ""Country""
  }
]",2023-11-03,2023-11-16,2,12874.76357099,4999
MRELG358BA404BC0441BAADE9215ED3CF224A,FOXES IN THE SNOW,Jason Isbell,"[
  {
    ""CLIENT_DOMAIN"": ""Luminate"",
    ""GENRES"": [
      ""Rock"",
      ""Country"",
      ""Folk""
    ],
    ""MAIN_GENRE"": ""Rock""
  },
  {
    ""CLIENT_DOMAIN"": ""Billboard"",
    ""GENRES"": [
      ""Rock"",
      ""Folk"",
      ""Country""
    ],
    ""IS_APPROVED"": true,
    ""MAIN_GENRE"": ""Rock""
  }
]",2025-03-06,2025-03-13,1,21602.83426576,17839
MRELG358BA404BC0441BAADE9215ED3CF224A,FOXES IN THE SNOW,Jason Isbell,"[
  {
    ""CLIENT_DOMAIN"": ""Luminate"",
    ""GENRES"": [
      ""Rock"",
      ""Country"",
      ""Folk""
    ],
    ""MAIN_GENRE"": ""Rock""
  },
  {
    ""CLIENT_DOMAIN"": ""Billboard"",
    ""GENRES"": [
      ""Rock"",
      ""Folk"",
      ""Country""
    ],
    ""IS_APPROVED"": true,
    ""MAIN_GENRE"": ""Rock""
  }
]",2025-03-06,2025-03-20,2,5596.43860123,3863
MRELGEE92436DB9294AE78DC9F99959B074B0,A Written Testimony,Jay Electronica,"[
  {
    ""CLIENT_DOMAIN"": ""Billboard"",
    ""GENRES"": [
      ""R&B/Hip-Hop"",
      ""Rap""
    ],
    ""IS_APPROVED"": true,
    ""MAIN_GENRE"": ""Rap""
  },
  {
    ""CLIENT_DOMAIN"": ""Luminate"",
    ""GENRES"": [
      ""Rock"",
      ""Rap"",
      ""R&B/Hip-Hop""
    ],
    ""MAIN_GENRE"": ""Rap""
  }
]",2020-03-13,2020-03-19,1,30129.48683775,9640
MRELGEE92436DB9294AE78DC9F99959B074B0,A Written Testimony,Jay Electronica,"[
  {
    ""CLIENT_DOMAIN"": ""Billboard"",
    ""GENRES"": [
      ""R&B/Hip-Hop"",
      ""Rap""
    ],
    ""IS_APPROVED"": true,
    ""MAIN_GENRE"": ""Rap""
  },
  {
    ""CLIENT_DOMAIN"": ""Luminate"",
    ""GENRES"": [
      ""Rock"",
      ""Rap"",
      ""R&B/Hip-Hop""
    ],
    ""MAIN_GENRE"": ""Rap""
  }
]",2020-03-13,2020-03-26,2,6413.80080207,1183
MRELG8EB22107B42041BFA1F4F38CCB790A2F,Redemption,Jay Rock,"[
  {
    ""CLIENT_DOMAIN"": ""Luminate"",
    ""GENRES"": [
      ""Rap"",
      ""R&B/Hip-Hop""
    ],
    ""MAIN_GENRE"": ""Rap""
  },
  {
    ""CLIENT_DOMAIN"": ""Billboard"",
    ""GENRES"": [
      ""R&B/Hip-Hop"",
      ""Rap""
    ],
    ""IS_APPROVED"": true,
    ""MAIN_GENRE"": ""Rap""
  }
]",2018-06-15,2018-06-21,1,36111.95681860,9101
MRELG8EB22107B42041BFA1F4F38CCB790A2F,Redemption,Jay Rock,"[
  {
    ""CLIENT_DOMAIN"": ""Luminate"",
    ""GENRES"": [
      ""Rap"",
      ""R&B/Hip-Hop""
    ],
    ""MAIN_GENRE"": ""Rap""
  },
  {
    ""CLIENT_DOMAIN"": ""Billboard"",
    ""GENRES"": [
      ""R&B/Hip-Hop"",
      ""Rap""
    ],
    ""IS_APPROVED"": true,
    ""MAIN_GENRE"": ""Rap""
  }
]",2018-06-15,2018-06-28,2,20434.52351526,2791
MRELG82273194BA294E83B3D3CE7591197CFD,Heaux Tales,Jazmine Sullivan,"[
  {
    ""CLIENT_DOMAIN"": ""Billboard"",
    ""GENRES"": [
      ""R&B"",
      ""R&B/Hip-Hop""
    ],
    ""IS_APPROVED"": true,
    ""MAIN_GENRE"": ""R&B""
  },
  {
    ""CLIENT_DOMAIN"": ""Luminate"",
    ""GENRES"": [
      ""R&B/Hip-Hop""
    ],
    ""MAIN_GENRE"": ""R&B/Hip-Hop""
  }
]",2021-01-08,2021-01-14,1,42694.76790688,6890
MRELG82273194BA294E83B3D3CE7591197CFD,Heaux Tales,Jazmine Sullivan,"[
  {
    ""CLIENT_DOMAIN"": ""Billboard"",
    ""GENRES"": [
      ""R&B"",
      ""R&B/Hip-Hop""
    ],
    ""IS_APPROVED"": true,
    ""MAIN_GENRE"": ""R&B""
  },
  {
    ""CLIENT_DOMAIN"": ""Luminate"",
    ""GENRES"": [
      ""R&B/Hip-Hop""
    ],
    ""MAIN_GENRE"": ""R&B/Hip-Hop""
  }
]",2021-01-08,2021-01-21,2,20686.91972970,1266
MRELG680A3E8036274B36A5673504453788D7,TM104: The Legend Of The Snowman,Jeezy,"[
  {
    ""CLIENT_DOMAIN"": ""Luminate"",
    ""GENRES"": [
      ""Rap"",
      ""R&B/Hip-Hop""
    ],
    ""MAIN_GENRE"": ""Rap""
  },
  {
    ""CLIENT_DOMAIN"": ""Billboard"",
    ""GENRES"": [
      ""Rap"",
      ""R&B/Hip-Hop""
    ],
    ""IS_APPROVED"": true,
    ""MAIN_GENRE"": ""Rap""
  }
]",2019-08-23,2019-08-29,1,45242.91064927,13910
MRELG680A3E8036274B36A5673504453788D7,TM104: The Legend Of The Snowman,Jeezy,"[
  {
    ""CLIENT_DOMAIN"": ""Luminate"",
    ""GENRES"": [
      ""Rap"",
      ""R&B/Hip-Hop""
    ],
    ""MAIN_GENRE"": ""Rap""
  },
  {
    ""CLIENT_DOMAIN"": ""Billboard"",
    ""GENRES"": [
      ""Rap"",
      ""R&B/Hip-Hop""
    ],
    ""IS_APPROVED"": true,
    ""MAIN_GENRE"": ""Rap""
  }
]",2019-08-23,2019-09-05,2,15259.45482735,2201
MRELG8247ADF90DC14767BD5513521B2C7807,The Recession 2,Jeezy,"[
  {
    ""CLIENT_DOMAIN"": ""Billboard"",
    ""GENRES"": [
      ""R&B/Hip-Hop"",
      ""Rap""
    ],
    ""IS_APPROVED"": true,
    ""MAIN_GENRE"": ""Rap""
  },
  {
    ""CLIENT_DOMAIN"": ""Luminate"",
    ""GENRES"": [
      ""Rap"",
      ""R&B/Hip-Hop""
    ],
    ""MAIN_GENRE"": ""Rap""
  }
]",2020-11-20,2020-11-26,1,26314.11415706,4437
MRELG8247ADF90DC14767BD5513521B2C7807,The Recession 2,Jeezy,"[
  {
    ""CLIENT_DOMAIN"": ""Billboard"",
    ""GENRES"": [
      ""R&B/Hip-Hop"",
      ""Rap""
    ],
    ""IS_APPROVED"": true,
    ""MAIN_GENRE"": ""Rap""
  },
  {
    ""CLIENT_DOMAIN"": ""Luminate"",
    ""GENRES"": [
      ""Rap"",
      ""R&B/Hip-Hop""
    ],
    ""MAIN_GENRE"": ""Rap""
  }
]",2020-11-20,2020-12-03,2,7231.98544141,362
MRELGF38AC96FE33743BA8C34B9F545643154,SNOFALL,"Jeezy, DJ Drama","[
  {
    ""CLIENT_DOMAIN"": ""Luminate"",
    ""GENRES"": [
      ""Rap"",
      ""R&B/Hip-Hop""
    ],
    ""MAIN_GENRE"": ""Rap""
  },
  {
    ""CLIENT_DOMAIN"": ""Billboard"",
    ""GENRES"": [
      ""R&B/Hip-Hop"",
      ""Rap""
    ],
    ""IS_APPROVED"": true,
    ""MAIN_GENRE"": ""Rap""
  }
]",2022-10-21,2022-10-27,1,30780.77595686,2493
MRELGF38AC96FE33743BA8C34B9F545643154,SNOFALL,"Jeezy, DJ Drama","[
  {
    ""CLIENT_DOMAIN"": ""Luminate"",
    ""GENRES"": [
      ""Rap"",
      ""R&B/Hip-Hop""
    ],
    ""MAIN_GENRE"": ""Rap""
  },
  {
    ""CLIENT_DOMAIN"": ""Billboard"",
    ""GENRES"": [
      ""R&B/Hip-Hop"",
      ""Rap""
    ],
    ""IS_APPROVED"": true,
    ""MAIN_GENRE"": ""Rap""
  }
]",2022-10-21,2022-11-03,2,13642.71775368,554
MRELG6325161D4B7D4797B86423B38FB7E119,Beautifully Broken,Jelly Roll,"[
  {
    ""CLIENT_DOMAIN"": ""Billboard"",
    ""GENRES"": [
      ""Country""
    ],
    ""IS_APPROVED"": true,
    ""MAIN_GENRE"": ""Country""
  },
  {
    ""CLIENT_DOMAIN"": ""Luminate"",
    ""GENRES"": [
      ""Rap"",
      ""Country""
    ],
    ""MAIN_GENRE"": ""Country""
  }
]",2024-10-11,2024-10-17,1,157936.38700549,110510
MRELG6325161D4B7D4797B86423B38FB7E119,Beautifully Broken,Jelly Roll,"[
  {
    ""CLIENT_DOMAIN"": ""Billboard"",
    ""GENRES"": [
      ""Country""
    ],
    ""IS_APPROVED"": true,
    ""MAIN_GENRE"": ""Country""
  },
  {
    ""CLIENT_DOMAIN"": ""Luminate"",
    ""GENRES"": [
      ""Rap"",
      ""Country""
    ],
    ""MAIN_GENRE"": ""Country""
  }
]",2024-10-11,2024-10-24,2,68205.02559833,33104
MRELGF3610B8FE53049CB905E03D3BEA6AB2E,WHITSITT CHAPEL,Jelly Roll,"[
  {
    ""CLIENT_DOMAIN"": ""Billboard"",
    ""GENRES"": [
      ""Country"",
      ""Rock""
    ],
    ""IS_APPROVED"": true,
    ""MAIN_GENRE"": ""Country""
  },
  {
    ""CLIENT_DOMAIN"": ""Luminate"",
    ""GENRES"": [
      ""Country"",
      ""Rock""
    ],
    ""MAIN_GENRE"": ""Country""
  }
]",2023-06-01,2023-06-08,1,89139.23911287,63033
MRELGF3610B8FE53049CB905E03D3BEA6AB2E,WHITSITT CHAPEL,Jelly Roll,"[
  {
    ""CLIENT_DOMAIN"": ""Billboard"",
    ""GENRES"": [
      ""Country"",
      ""Rock""
    ],
    ""IS_APPROVED"": true,
    ""MAIN_GENRE"": ""Country""
  },
  {
    ""CLIENT_DOMAIN"": ""Luminate"",
    ""GENRES"": [
      ""Country"",
      ""Rock""
    ],
    ""MAIN_GENRE"": ""Country""
  }
]",2023-06-01,2023-06-15,2,27569.14389536,7087
MRELG31A11BA09ED34263A2BB30A0EDBC66AB,Sex Hysteria,Jessie Murph,"[
  {
    ""CLIENT_DOMAIN"": ""Billboard"",
    ""GENRES"": [
      ""Pop""
    ],
    ""IS_APPROVED"": true,
    ""MAIN_GENRE"": ""Pop""
  },
  {
    ""CLIENT_DOMAIN"": ""Luminate"",
    ""GENRES"": [
      ""Pop""
    ],
    ""MAIN_GENRE"": ""Pop""
  }
]",2025-07-18,2025-07-24,1,43384.96016525,8545
MRELG31A11BA09ED34263A2BB30A0EDBC66AB,Sex Hysteria,Jessie Murph,"[
  {
    ""CLIENT_DOMAIN"": ""Billboard"",
    ""GENRES"": [
      ""Pop""
    ],
    ""IS_APPROVED"": true,
    ""MAIN_GENRE"": ""Pop""
  },
  {
    ""CLIENT_DOMAIN"": ""Luminate"",
    ""GENRES"": [
      ""Pop""
    ],
    ""MAIN_GENRE"": ""Pop""
  }
]",2025-07-18,2025-07-31,2,24696.50206748,1030
MRELG178B7FBB675E4F5CB31CF05E96D333B6,THAT AIN'T NO MAN THAT'S THE DEVIL,Jessie Murph,"[
  {
    ""CLIENT_DOMAIN"": ""Luminate"",
    ""GENRES"": [
      ""Pop""
    ],
    ""MAIN_GENRE"": ""Pop""
  },
  {
    ""CLIENT_DOMAIN"": ""Billboard"",
    ""GENRES"": [
      ""Pop""
    ],
    ""IS_APPROVED"": true,
    ""MAIN_GENRE"": ""Pop""
  }
]",2024-09-06,2024-09-12,1,22386.04692813,987
MRELG178B7FBB675E4F5CB31CF05E96D333B6,THAT AIN'T NO MAN THAT'S THE DEVIL,Jessie Murph,"[
  {
    ""CLIENT_DOMAIN"": ""Luminate"",
    ""GENRES"": [
      ""Pop""
    ],
    ""MAIN_GENRE"": ""Pop""
  },
  {
    ""CLIENT_DOMAIN"": ""Billboard"",
    ""GENRES"": [
      ""Pop""
    ],
    ""IS_APPROVED"": true,
    ""MAIN_GENRE"": ""Pop""
  }
]",2024-09-06,2024-09-19,2,17367.80323876,121
MRELGCC7A3F9E889B47C5827CF825D49643D9,BEFORE LOVE CAME TO KILL US,Jessie Reyez,"[
  {
    ""CLIENT_DOMAIN"": ""Luminate"",
    ""GENRES"": [
      ""R&B/Hip-Hop""
    ],
    ""MAIN_GENRE"": ""R&B/Hip-Hop""
  },
  {
    ""CLIENT_DOMAIN"": ""Billboard"",
    ""GENRES"": [
      ""R&B"",
      ""R&B/Hip-Hop""
    ],
    ""IS_APPROVED"": true,
    ""MAIN_GENRE"": ""R&B""
  }
]",2020-03-27,2020-04-02,1,28994.93673804,16872
MRELGCC7A3F9E889B47C5827CF825D49643D9,BEFORE LOVE CAME TO KILL US,Jessie Reyez,"[
  {
    ""CLIENT_DOMAIN"": ""Luminate"",
    ""GENRES"": [
      ""R&B/Hip-Hop""
    ],
    ""MAIN_GENRE"": ""R&B/Hip-Hop""
  },
  {
    ""CLIENT_DOMAIN"": ""Billboard"",
    ""GENRES"": [
      ""R&B"",
      ""R&B/Hip-Hop""
    ],
    ""IS_APPROVED"": true,
    ""MAIN_GENRE"": ""R&B""
  }
]",2020-03-27,2020-04-09,2,9552.67035532,2393
MRELG9E1EEFFBE68647198EE76BF36012B639,Chilombo,Jhené Aiko,"[
  {
    ""CLIENT_DOMAIN"": ""Billboard"",
    ""GENRES"": [
      ""R&B/Hip-Hop"",
      ""R&B""
    ],
    ""IS_APPROVED"": true,
    ""MAIN_GENRE"": ""R&B""
  },
  {
    ""CLIENT_DOMAIN"": ""Luminate"",
    ""GENRES"": [
      ""R&B/Hip-Hop""
    ],
    ""MAIN_GENRE"": ""R&B/Hip-Hop""
  }
]",2020-03-06,2020-03-12,1,151594.29277985,37997
MRELG9E1EEFFBE68647198EE76BF36012B639,Chilombo,Jhené Aiko,"[
  {
    ""CLIENT_DOMAIN"": ""Billboard"",
    ""GENRES"": [
      ""R&B/Hip-Hop"",
      ""R&B""
    ],
    ""IS_APPROVED"": true,
    ""MAIN_GENRE"": ""R&B""
  },
  {
    ""CLIENT_DOMAIN"": ""Luminate"",
    ""GENRES"": [
      ""R&B/Hip-Hop""
    ],
    ""MAIN_GENRE"": ""R&B/Hip-Hop""
  }
]",2020-03-06,2020-03-19,2,56325.68020350,6207
MRELG32FECAB5007E4F61BA5300D366F6B7C6,Both Sides Of The Sky,Jimi Hendrix,"[
  {
    ""CLIENT_DOMAIN"": ""Luminate"",
    ""GENRES"": [
      ""Rock"",
      ""Dance & House""
    ],
    ""MAIN_GENRE"": ""Rock""
  },
  {
    ""CLIENT_DOMAIN"": ""Billboard"",
    ""GENRES"": [
      ""Rock"",
      ""Hard Rock""
    ],
    ""IS_APPROVED"": true,
    ""MAIN_GENRE"": ""Hard Rock""
  }
]",2018-03-09,2018-03-15,1,36698.50781716,34615
MRELG32FECAB5007E4F61BA5300D366F6B7C6,Both Sides Of The Sky,Jimi Hendrix,"[
  {
    ""CLIENT_DOMAIN"": ""Luminate"",
    ""GENRES"": [
      ""Rock"",
      ""Dance & House""
    ],
    ""MAIN_GENRE"": ""Rock""
  },
  {
    ""CLIENT_DOMAIN"": ""Billboard"",
    ""GENRES"": [
      ""Rock"",
      ""Hard Rock""
    ],
    ""IS_APPROVED"": true,
    ""MAIN_GENRE"": ""Hard Rock""
  }
]",2018-03-09,2018-03-22,2,10576.31350858,9805
MRELG7189EDBA3E924CA2B761BD1D36F5DDD7,Like Crazy (Instrumental),Jimin,"[
  {
    ""CLIENT_DOMAIN"": ""Billboard"",
    ""GENRES"": [
      ""K-Pop"",
      ""Pop"",
      ""Others"",
      ""Dance/Electronic""
    ],
    ""IS_APPROVED"": false,
    ""MAIN_GENRE"": ""Dance/Electronic""
  },
  {
    ""CLIENT_DOMAIN"": ""Luminate"",
    ""GENRES"": [
      ""EDM"",
      ""Others"",
      ""K-Pop"",
      ""Pop""
    ],
    ""MAIN_GENRE"": ""K-Pop""
  }
]",2023-03-27,2023-03-30,1,30747.71661093,1946
MRELG7189EDBA3E924CA2B761BD1D36F5DDD7,Like Crazy (Instrumental),Jimin,"[
  {
    ""CLIENT_DOMAIN"": ""Billboard"",
    ""GENRES"": [
      ""K-Pop"",
      ""Pop"",
      ""Others"",
      ""Dance/Electronic""
    ],
    ""IS_APPROVED"": false,
    ""MAIN_GENRE"": ""Dance/Electronic""
  },
  {
    ""CLIENT_DOMAIN"": ""Luminate"",
    ""GENRES"": [
      ""EDM"",
      ""Others"",
      ""K-Pop"",
      ""Pop""
    ],
    ""MAIN_GENRE"": ""K-Pop""
  }
]",2023-03-27,2023-04-06,2,7228.16922307,599
MRELGFB3FFB2871834BE293536A1EE4CC2D5A,Like Crazy (Remixes),Jimin,"[
  {
    ""CLIENT_DOMAIN"": ""Billboard"",
    ""GENRES"": [
      ""K-Pop""
    ],
    ""IS_APPROVED"": false,
    ""MAIN_GENRE"": ""K-Pop""
  },
  {
    ""CLIENT_DOMAIN"": ""Luminate"",
    ""GENRES"": [
      ""K-Pop""
    ],
    ""MAIN_GENRE"": ""K-Pop""
  }
]",2023-03-26,2023-03-30,1,30747.71661093,0
MRELGFB3FFB2871834BE293536A1EE4CC2D5A,Like Crazy (Remixes),Jimin,"[
  {
    ""CLIENT_DOMAIN"": ""Billboard"",
    ""GENRES"": [
      ""K-Pop""
    ],
    ""IS_APPROVED"": false,
    ""MAIN_GENRE"": ""K-Pop""
  },
  {
    ""CLIENT_DOMAIN"": ""Luminate"",
    ""GENRES"": [
      ""K-Pop""
    ],
    ""MAIN_GENRE"": ""K-Pop""
  }
]",2023-03-26,2023-04-06,2,7228.16922307,0
MRELGDBFD7EC1DBD649709A45A473747F0200,Equal Strain On All Parts,Jimmy Buffett,"[
  {
    ""CLIENT_DOMAIN"": ""Luminate"",
    ""GENRES"": [
      ""Rock"",
      ""Country"",
      ""Folk""
    ],
    ""MAIN_GENRE"": ""Rock""
  },
  {
    ""CLIENT_DOMAIN"": ""Billboard"",
    ""GENRES"": [
      ""Rock"",
      ""Country"",
      ""Folk""
    ],
    ""IS_APPROVED"": true,
    ""MAIN_GENRE"": ""Rock""
  }
]",2023-11-03,2023-11-09,1,52991.48599390,50894
MRELGDBFD7EC1DBD649709A45A473747F0200,Equal Strain On All Parts,Jimmy Buffett,"[
  {
    ""CLIENT_DOMAIN"": ""Luminate"",
    ""GENRES"": [
      ""Rock"",
      ""Country"",
      ""Folk""
    ],
    ""MAIN_GENRE"": ""Rock""
  },
  {
    ""CLIENT_DOMAIN"": ""Billboard"",
    ""GENRES"": [
      ""Rock"",
      ""Country"",
      ""Folk""
    ],
    ""IS_APPROVED"": true,
    ""MAIN_GENRE"": ""Rock""
  }
]",2023-11-03,2023-11-16,2,14239.95490486,13052
MRELG0347AD15CB7743C5844C3F3F7B0511B9,Echo (+1db),Jin (BTS),"[
  {
    ""CLIENT_DOMAIN"": ""Billboard"",
    ""GENRES"": [
      ""World Music"",
      ""K-Pop""
    ],
    ""IS_APPROVED"": true,
    ""MAIN_GENRE"": ""K-Pop""
  },
  {
    ""CLIENT_DOMAIN"": ""Luminate"",
    ""GENRES"": [
      ""K-Pop""
    ],
    ""MAIN_GENRE"": ""K-Pop""
  }
]",2025-05-16,2025-05-22,1,42985.46591879,34553
MRELG0347AD15CB7743C5844C3F3F7B0511B9,Echo (+1db),Jin (BTS),"[
  {
    ""CLIENT_DOMAIN"": ""Billboard"",
    ""GENRES"": [
      ""World Music"",
      ""K-Pop""
    ],
    ""IS_APPROVED"": true,
    ""MAIN_GENRE"": ""K-Pop""
  },
  {
    ""CLIENT_DOMAIN"": ""Luminate"",
    ""GENRES"": [
      ""K-Pop""
    ],
    ""MAIN_GENRE"": ""K-Pop""
  }
]",2025-05-16,2025-05-29,2,10887.56888482,6209
MRELG2FFE90E5A7D5404CA491FAD2868DD994,Happy,Jin (BTS),"[
  {
    ""CLIENT_DOMAIN"": ""Luminate"",
    ""GENRES"": [
      ""K-Pop"",
      ""Pop""
    ],
    ""MAIN_GENRE"": ""K-Pop""
  },
  {
    ""CLIENT_DOMAIN"": ""Billboard"",
    ""GENRES"": [
      ""World Music"",
      ""K-Pop""
    ],
    ""IS_APPROVED"": true,
    ""MAIN_GENRE"": ""K-Pop""
  }
]",2024-11-15,2024-11-21,1,75365.06775974,64203
MRELG2FFE90E5A7D5404CA491FAD2868DD994,Happy,Jin (BTS),"[
  {
    ""CLIENT_DOMAIN"": ""Luminate"",
    ""GENRES"": [
      ""K-Pop"",
      ""Pop""
    ],
    ""MAIN_GENRE"": ""K-Pop""
  },
  {
    ""CLIENT_DOMAIN"": ""Billboard"",
    ""GENRES"": [
      ""World Music"",
      ""K-Pop""
    ],
    ""IS_APPROVED"": true,
    ""MAIN_GENRE"": ""K-Pop""
  }
]",2024-11-15,2024-11-28,2,13755.44111364,7882
MRELG0630AD0F1D084F99AC50D2D98AF15775,Both Directions At Once: The Lost Album,John Coltrane,"[
  {
    ""CLIENT_DOMAIN"": ""Luminate"",
    ""GENRES"": [
      ""Jazz""
    ],
    ""MAIN_GENRE"": ""Jazz""
  },
  {
    ""CLIENT_DOMAIN"": ""Billboard"",
    ""GENRES"": [
      ""Jazz"",
      ""Traditional Jazz""
    ],
    ""IS_APPROVED"": true,
    ""MAIN_GENRE"": ""Traditional Jazz""
  }
]",2018-06-29,2018-07-05,1,21608.55801398,20679
MRELG0630AD0F1D084F99AC50D2D98AF15775,Both Directions At Once: The Lost Album,John Coltrane,"[
  {
    ""CLIENT_DOMAIN"": ""Luminate"",
    ""GENRES"": [
      ""Jazz""
    ],
    ""MAIN_GENRE"": ""Jazz""
  },
  {
    ""CLIENT_DOMAIN"": ""Billboard"",
    ""GENRES"": [
      ""Jazz"",
      ""Traditional Jazz""
    ],
    ""IS_APPROVED"": true,
    ""MAIN_GENRE"": ""Traditional Jazz""
  }
]",2018-06-29,2018-07-12,2,6963.74448784,6497
MRELG468AC98876884B9A9B4972F8354C2A77,A Legendary Christmas,John Legend,"[
  {
    ""CLIENT_DOMAIN"": ""Billboard"",
    ""GENRES"": [
      ""Holiday/Seasonal"",
      ""R&B"",
      ""R&B/Hip-Hop""
    ],
    ""IS_APPROVED"": true,
    ""MAIN_GENRE"": ""Holiday/Seasonal""
  },
  {
    ""CLIENT_DOMAIN"": ""Luminate"",
    ""GENRES"": [
      ""Euro Pop"",
      ""R&B/Hip-Hop"",
      ""Holiday/Seasonal"",
      ""Pop""
    ],
    ""MAIN_GENRE"": ""Holiday/Seasonal""
  }
]",2018-10-26,2018-11-01,1,20160.83884272,18861
MRELG468AC98876884B9A9B4972F8354C2A77,A Legendary Christmas,John Legend,"[
  {
    ""CLIENT_DOMAIN"": ""Billboard"",
    ""GENRES"": [
      ""Holiday/Seasonal"",
      ""R&B"",
      ""R&B/Hip-Hop""
    ],
    ""IS_APPROVED"": true,
    ""MAIN_GENRE"": ""Holiday/Seasonal""
  },
  {
    ""CLIENT_DOMAIN"": ""Luminate"",
    ""GENRES"": [
      ""Euro Pop"",
      ""R&B/Hip-Hop"",
      ""Holiday/Seasonal"",
      ""Pop""
    ],
    ""MAIN_GENRE"": ""Holiday/Seasonal""
  }
]",2018-10-26,2018-11-08,2,6145.03691592,5009
MRELG56B76331644048AFA102CFF8CE8E17CE,THE TREE OF FORGIVENESS,John Prine,"[
  {
    ""CLIENT_DOMAIN"": ""Billboard"",
    ""GENRES"": [
      ""Country"",
      ""Folk"",
      ""Rock""
    ],
    ""IS_APPROVED"": true,
    ""MAIN_GENRE"": ""Rock""
  },
  {
    ""CLIENT_DOMAIN"": ""Luminate"",
    ""GENRES"": [
      ""Indie Rock"",
      ""Country & Folk"",
      ""Rock"",
      ""R&B/Hip-Hop"",
      ""Country"",
      ""Folk""
    ],
    ""MAIN_GENRE"": ""Rock""
  }
]",2018-04-13,2018-04-19,1,54136.04436069,52987
MRELG56B76331644048AFA102CFF8CE8E17CE,THE TREE OF FORGIVENESS,John Prine,"[
  {
    ""CLIENT_DOMAIN"": ""Billboard"",
    ""GENRES"": [
      ""Country"",
      ""Folk"",
      ""Rock""
    ],
    ""IS_APPROVED"": true,
    ""MAIN_GENRE"": ""Rock""
  },
  {
    ""CLIENT_DOMAIN"": ""Luminate"",
    ""GENRES"": [
      ""Indie Rock"",
      ""Country & Folk"",
      ""Rock"",
      ""R&B/Hip-Hop"",
      ""Country"",
      ""Folk""
    ],
    ""MAIN_GENRE"": ""Rock""
  }
]",2018-04-13,2018-04-26,2,8210.67449648,7715
MRELG4B8775AB509C4DE5AF360FF4378B6889,Glory Sound Prep,Jon Bellion,"[
  {
    ""CLIENT_DOMAIN"": ""Billboard"",
    ""GENRES"": [
      ""Pop""
    ],
    ""IS_APPROVED"": true,
    ""MAIN_GENRE"": ""Pop""
  },
  {
    ""CLIENT_DOMAIN"": ""Luminate"",
    ""GENRES"": [
      ""Pop""
    ],
    ""MAIN_GENRE"": ""Pop""
  }
]",2018-11-09,2018-11-15,1,35041.49646673,25455
MRELG4B8775AB509C4DE5AF360FF4378B6889,Glory Sound Prep,Jon Bellion,"[
  {
    ""CLIENT_DOMAIN"": ""Billboard"",
    ""GENRES"": [
      ""Pop""
    ],
    ""IS_APPROVED"": true,
    ""MAIN_GENRE"": ""Pop""
  },
  {
    ""CLIENT_DOMAIN"": ""Luminate"",
    ""GENRES"": [
      ""Pop""
    ],
    ""MAIN_GENRE"": ""Pop""
  }
]",2018-11-09,2018-11-22,2,5063.85010843,516
MRELGE424AC82EE1F4D5D9961BD2F85A1913D,Heartache Medication,Jon Pardi,"[
  {
    ""CLIENT_DOMAIN"": ""Billboard"",
    ""GENRES"": [
      ""Country""
    ],
    ""IS_APPROVED"": true,
    ""MAIN_GENRE"": ""Country""
  },
  {
    ""CLIENT_DOMAIN"": ""Luminate"",
    ""GENRES"": [
      ""Country""
    ],
    ""MAIN_GENRE"": ""Country""
  }
]",2019-09-27,2019-10-03,1,33872.29321421,23147
MRELGE424AC82EE1F4D5D9961BD2F85A1913D,Heartache Medication,Jon Pardi,"[
  {
    ""CLIENT_DOMAIN"": ""Billboard"",
    ""GENRES"": [
      ""Country""
    ],
    ""IS_APPROVED"": true,
    ""MAIN_GENRE"": ""Country""
  },
  {
    ""CLIENT_DOMAIN"": ""Luminate"",
    ""GENRES"": [
      ""Country""
    ],
    ""MAIN_GENRE"": ""Country""
  }
]",2019-09-27,2019-10-10,2,10482.02906346,4023
MRELG73A8294B3F694D9E9B3067D1030E0149,Greetings From Your Hometown,Jonas Brothers,"[
  {
    ""CLIENT_DOMAIN"": ""Billboard"",
    ""GENRES"": [
      ""Pop""
    ],
    ""IS_APPROVED"": true,
    ""MAIN_GENRE"": ""Pop""
  },
  {
    ""CLIENT_DOMAIN"": ""Luminate"",
    ""GENRES"": [
      ""Children"",
      ""Pop""
    ],
    ""MAIN_GENRE"": ""Pop""
  }
]",2025-08-08,2025-08-14,1,40777.12468164,27685
MRELG73A8294B3F694D9E9B3067D1030E0149,Greetings From Your Hometown,Jonas Brothers,"[
  {
    ""CLIENT_DOMAIN"": ""Billboard"",
    ""GENRES"": [
      ""Pop""
    ],
    ""IS_APPROVED"": true,
    ""MAIN_GENRE"": ""Pop""
  },
  {
    ""CLIENT_DOMAIN"": ""Luminate"",
    ""GENRES"": [
      ""Children"",
      ""Pop""
    ],
    ""MAIN_GENRE"": ""Pop""
  }
]",2025-08-08,2025-08-21,2,11856.43437797,2417
MRELGB326DE63A1FE45F898D389E49E04E6ED,Happiness Begins,Jonas Brothers,"[
  {
    ""CLIENT_DOMAIN"": ""Luminate"",
    ""GENRES"": [
      ""Pop""
    ],
    ""MAIN_GENRE"": ""Pop""
  },
  {
    ""CLIENT_DOMAIN"": ""Billboard"",
    ""GENRES"": [
      ""Pop""
    ],
    ""IS_APPROVED"": true,
    ""MAIN_GENRE"": ""Pop""
  }
]",2019-06-07,2019-06-13,1,402025.49378374,344941
MRELGB326DE63A1FE45F898D389E49E04E6ED,Happiness Begins,Jonas Brothers,"[
  {
    ""CLIENT_DOMAIN"": ""Luminate"",
    ""GENRES"": [
      ""Pop""
    ],
    ""MAIN_GENRE"": ""Pop""
  },
  {
    ""CLIENT_DOMAIN"": ""Billboard"",
    ""GENRES"": [
      ""Pop""
    ],
    ""IS_APPROVED"": true,
    ""MAIN_GENRE"": ""Pop""
  }
]",2019-06-07,2019-06-20,2,50039.52551213,13316
MRELGBF336B8F71334E0A805EC59D8A17CB47,HARMONY,Josh Groban,"[
  {
    ""CLIENT_DOMAIN"": ""Billboard"",
    ""GENRES"": [
      ""Pop""
    ],
    ""IS_APPROVED"": true,
    ""MAIN_GENRE"": ""Pop""
  },
  {
    ""CLIENT_DOMAIN"": ""Luminate"",
    ""GENRES"": [
      ""Indie Rock"",
      ""Classical Crossover"",
      ""Euro Hip-Hop"",
      ""Stage Musicals"",
      ""Pop""
    ],
    ""MAIN_GENRE"": ""Pop""
  }
]",2020-11-20,2020-11-26,1,26754.91193268,25412
MRELGBF336B8F71334E0A805EC59D8A17CB47,HARMONY,Josh Groban,"[
  {
    ""CLIENT_DOMAIN"": ""Billboard"",
    ""GENRES"": [
      ""Pop""
    ],
    ""IS_APPROVED"": true,
    ""MAIN_GENRE"": ""Pop""
  },
  {
    ""CLIENT_DOMAIN"": ""Luminate"",
    ""GENRES"": [
      ""Indie Rock"",
      ""Classical Crossover"",
      ""Euro Hip-Hop"",
      ""Stage Musicals"",
      ""Pop""
    ],
    ""MAIN_GENRE"": ""Pop""
  }
]",2020-11-20,2020-12-03,2,14934.94642249,14094
MRELG64E0C042168845759081CCB191F011FB,ADHD,Joyner Lucas,"[
  {
    ""CLIENT_DOMAIN"": ""Luminate"",
    ""GENRES"": [
      ""Rap"",
      ""R&B/Hip-Hop""
    ],
    ""MAIN_GENRE"": ""Rap""
  },
  {
    ""CLIENT_DOMAIN"": ""Billboard"",
    ""GENRES"": [
      ""Rap"",
      ""R&B/Hip-Hop""
    ],
    ""IS_APPROVED"": true,
    ""MAIN_GENRE"": ""Rap""
  }
]",2020-03-27,2020-04-02,1,38690.32566878,10052
MRELG64E0C042168845759081CCB191F011FB,ADHD,Joyner Lucas,"[
  {
    ""CLIENT_DOMAIN"": ""Luminate"",
    ""GENRES"": [
      ""Rap"",
      ""R&B/Hip-Hop""
    ],
    ""MAIN_GENRE"": ""Rap""
  },
  {
    ""CLIENT_DOMAIN"": ""Billboard"",
    ""GENRES"": [
      ""Rap"",
      ""R&B/Hip-Hop""
    ],
    ""IS_APPROVED"": true,
    ""MAIN_GENRE"": ""Rap""
  }
]",2020-03-27,2020-04-09,2,18384.45979996,2164
MRELGC026C279D568428BB9D899631B30E6C6,Pep Talks,Judah & The Lion,"[
  {
    ""CLIENT_DOMAIN"": ""Luminate"",
    ""GENRES"": [
      ""Indie Rock"",
      ""Rock"",
      ""Folk""
    ],
    ""MAIN_GENRE"": ""Rock""
  },
  {
    ""CLIENT_DOMAIN"": ""Billboard"",
    ""GENRES"": [
      ""Alt. Rock"",
      ""Rock""
    ],
    ""IS_APPROVED"": true,
    ""MAIN_GENRE"": ""Alt. Rock""
  }
]",2019-05-03,2019-05-09,1,22705.30622736,19410
MRELGC026C279D568428BB9D899631B30E6C6,Pep Talks,Judah & The Lion,"[
  {
    ""CLIENT_DOMAIN"": ""Luminate"",
    ""GENRES"": [
      ""Indie Rock"",
      ""Rock"",
      ""Folk""
    ],
    ""MAIN_GENRE"": ""Rock""
  },
  {
    ""CLIENT_DOMAIN"": ""Billboard"",
    ""GENRES"": [
      ""Alt. Rock"",
      ""Rock""
    ],
    ""IS_APPROVED"": true,
    ""MAIN_GENRE"": ""Alt. Rock""
  }
]",2019-05-03,2019-05-16,2,3184.26982595,1430
MRELG5EAF5C1BDFE84538A10A2B78AB526D77,Death Race For Love,Juice WRLD,"[
  {
    ""CLIENT_DOMAIN"": ""Billboard"",
    ""GENRES"": [
      ""Rap"",
      ""R&B/Hip-Hop""
    ],
    ""IS_APPROVED"": true,
    ""MAIN_GENRE"": ""Rap""
  },
  {
    ""CLIENT_DOMAIN"": ""Luminate"",
    ""GENRES"": [
      ""Rap"",
      ""R&B/Hip-Hop""
    ],
    ""MAIN_GENRE"": ""Rap""
  }
]",2019-03-08,2019-03-14,1,173428.43113833,43339
MRELG5EAF5C1BDFE84538A10A2B78AB526D77,Death Race For Love,Juice WRLD,"[
  {
    ""CLIENT_DOMAIN"": ""Billboard"",
    ""GENRES"": [
      ""Rap"",
      ""R&B/Hip-Hop""
    ],
    ""IS_APPROVED"": true,
    ""MAIN_GENRE"": ""Rap""
  },
  {
    ""CLIENT_DOMAIN"": ""Luminate"",
    ""GENRES"": [
      ""Rap"",
      ""R&B/Hip-Hop""
    ],
    ""MAIN_GENRE"": ""Rap""
  }
]",2019-03-08,2019-03-21,2,80583.54515580,3820
MRELGFE9E87DCB3AC4C3CBAD21778DC678205,Fighting Demons,Juice WRLD,"[
  {
    ""CLIENT_DOMAIN"": ""Luminate"",
    ""GENRES"": [
      ""Rap"",
      ""R&B/Hip-Hop""
    ],
    ""MAIN_GENRE"": ""Rap""
  },
  {
    ""CLIENT_DOMAIN"": ""Billboard"",
    ""GENRES"": [
      ""Rap"",
      ""R&B/Hip-Hop""
    ],
    ""IS_APPROVED"": true,
    ""MAIN_GENRE"": ""Rap""
  }
]",2021-12-10,2021-12-16,1,120033.55004777,3992
MRELGFE9E87DCB3AC4C3CBAD21778DC678205,Fighting Demons,Juice WRLD,"[
  {
    ""CLIENT_DOMAIN"": ""Luminate"",
    ""GENRES"": [
      ""Rap"",
      ""R&B/Hip-Hop""
    ],
    ""MAIN_GENRE"": ""Rap""
  },
  {
    ""CLIENT_DOMAIN"": ""Billboard"",
    ""GENRES"": [
      ""Rap"",
      ""R&B/Hip-Hop""
    ],
    ""IS_APPROVED"": true,
    ""MAIN_GENRE"": ""Rap""
  }
]",2021-12-10,2021-12-23,2,53458.11758003,1223
MRELG71E3CBA775644A2E9C40FF9CF2C39237,Goodbye & Good Riddance,Juice WRLD,"[
  {
    ""CLIENT_DOMAIN"": ""Billboard"",
    ""GENRES"": [
      ""Rap"",
      ""R&B/Hip-Hop""
    ],
    ""IS_APPROVED"": true,
    ""MAIN_GENRE"": ""Rap""
  },
  {
    ""CLIENT_DOMAIN"": ""Luminate"",
    ""GENRES"": [
      ""Rap"",
      ""R&B/Hip-Hop""
    ],
    ""MAIN_GENRE"": ""Rap""
  }
]",2018-05-23,2018-05-24,1,24875.39162445,1052
MRELG71E3CBA775644A2E9C40FF9CF2C39237,Goodbye & Good Riddance,Juice WRLD,"[
  {
    ""CLIENT_DOMAIN"": ""Billboard"",
    ""GENRES"": [
      ""Rap"",
      ""R&B/Hip-Hop""
    ],
    ""IS_APPROVED"": true,
    ""MAIN_GENRE"": ""Rap""
  },
  {
    ""CLIENT_DOMAIN"": ""Luminate"",
    ""GENRES"": [
      ""Rap"",
      ""R&B/Hip-Hop""
    ],
    ""MAIN_GENRE"": ""Rap""
  }
]",2018-05-23,2018-05-31,2,43865.26736338,1381
MRELG2B7F41CE20CF48EDA7B579157744E467,Legends Never Die,Juice WRLD,"[
  {
    ""CLIENT_DOMAIN"": ""Luminate"",
    ""GENRES"": [
      ""Rap"",
      ""R&B/Hip-Hop""
    ],
    ""MAIN_GENRE"": ""Rap""
  },
  {
    ""CLIENT_DOMAIN"": ""Billboard"",
    ""GENRES"": [
      ""Rap"",
      ""R&B/Hip-Hop""
    ],
    ""IS_APPROVED"": true,
    ""MAIN_GENRE"": ""Rap""
  }
]",2020-07-09,2020-07-16,1,501195.66639348,209831
MRELG2B7F41CE20CF48EDA7B579157744E467,Legends Never Die,Juice WRLD,"[
  {
    ""CLIENT_DOMAIN"": ""Luminate"",
    ""GENRES"": [
      ""Rap"",
      ""R&B/Hip-Hop""
    ],
    ""MAIN_GENRE"": ""Rap""
  },
  {
    ""CLIENT_DOMAIN"": ""Billboard"",
    ""GENRES"": [
      ""Rap"",
      ""R&B/Hip-Hop""
    ],
    ""IS_APPROVED"": true,
    ""MAIN_GENRE"": ""Rap""
  }
]",2020-07-09,2020-07-23,2,163774.12346089,22534
MRELGEAE1681A2A054D01A628B65A6BE5CFA3,The Party Never Ends,Juice WRLD,"[
  {
    ""CLIENT_DOMAIN"": ""Luminate"",
    ""GENRES"": [
      ""Rap"",
      ""R&B/Hip-Hop""
    ],
    ""MAIN_GENRE"": ""Rap""
  },
  {
    ""CLIENT_DOMAIN"": ""Billboard"",
    ""GENRES"": [
      ""R&B/Hip-Hop"",
      ""Rap""
    ],
    ""IS_APPROVED"": true,
    ""MAIN_GENRE"": ""Rap""
  }
]",2024-11-28,2024-12-05,1,85579.96361788,1800
MRELGEAE1681A2A054D01A628B65A6BE5CFA3,The Party Never Ends,Juice WRLD,"[
  {
    ""CLIENT_DOMAIN"": ""Luminate"",
    ""GENRES"": [
      ""Rap"",
      ""R&B/Hip-Hop""
    ],
    ""MAIN_GENRE"": ""Rap""
  },
  {
    ""CLIENT_DOMAIN"": ""Billboard"",
    ""GENRES"": [
      ""R&B/Hip-Hop"",
      ""Rap""
    ],
    ""IS_APPROVED"": true,
    ""MAIN_GENRE"": ""Rap""
  }
]",2024-11-28,2024-12-12,2,40337.28590596,219
MRELG30CD96F12AE44CE4803B42C110DE212D,Ransom,"Juice WRLD, Lil Tecca","[
  {
    ""CLIENT_DOMAIN"": ""Luminate"",
    ""GENRES"": [
      ""Rap"",
      ""R&B/Hip-Hop""
    ],
    ""MAIN_GENRE"": ""Rap""
  },
  {
    ""CLIENT_DOMAIN"": ""Billboard"",
    ""GENRES"": [
      ""Rap"",
      ""R&B/Hip-Hop""
    ],
    ""IS_APPROVED"": true,
    ""MAIN_GENRE"": ""Rap""
  }
]",2019-08-15,2019-08-22,1,24998.24667745,5
MRELG30CD96F12AE44CE4803B42C110DE212D,Ransom,"Juice WRLD, Lil Tecca","[
  {
    ""CLIENT_DOMAIN"": ""Luminate"",
    ""GENRES"": [
      ""Rap"",
      ""R&B/Hip-Hop""
    ],
    ""MAIN_GENRE"": ""Rap""
  },
  {
    ""CLIENT_DOMAIN"": ""Billboard"",
    ""GENRES"": [
      ""Rap"",
      ""R&B/Hip-Hop""
    ],
    ""IS_APPROVED"": true,
    ""MAIN_GENRE"": ""Rap""
  }
]",2019-08-15,2019-08-29,2,23194.46266257,10
MRELG372F1C78D94E4875BC3E271A52A172E1,Come & Go (with Marshmello),"Juice WRLD, Marshmello","[
  {
    ""CLIENT_DOMAIN"": ""Luminate"",
    ""GENRES"": [
      ""Rap"",
      ""R&B/Hip-Hop"",
      ""Pop""
    ],
    ""MAIN_GENRE"": ""R&B/Hip-Hop""
  },
  {
    ""CLIENT_DOMAIN"": ""Billboard"",
    ""GENRES"": [
      ""Pop""
    ],
    ""IS_APPROVED"": true,
    ""MAIN_GENRE"": ""Pop""
  }
]",2020-07-09,2020-07-16,1,25618.32533521,28
MRELG372F1C78D94E4875BC3E271A52A172E1,Come & Go (with Marshmello),"Juice WRLD, Marshmello","[
  {
    ""CLIENT_DOMAIN"": ""Luminate"",
    ""GENRES"": [
      ""Rap"",
      ""R&B/Hip-Hop"",
      ""Pop""
    ],
    ""MAIN_GENRE"": ""R&B/Hip-Hop""
  },
  {
    ""CLIENT_DOMAIN"": ""Billboard"",
    ""GENRES"": [
      ""Pop""
    ],
    ""IS_APPROVED"": true,
    ""MAIN_GENRE"": ""Pop""
  }
]",2020-07-09,2020-07-23,2,15765.72823067,17
MRELG8980AEEAC005452889C0464F8A4500C6,GOLDEN,Jung Kook (BTS),"[
  {
    ""CLIENT_DOMAIN"": ""Billboard"",
    ""GENRES"": [
      ""Pop""
    ],
    ""IS_APPROVED"": true,
    ""MAIN_GENRE"": ""Pop""
  },
  {
    ""CLIENT_DOMAIN"": ""Luminate"",
    ""GENRES"": [
      ""K-Pop"",
      ""Pop""
    ],
    ""MAIN_GENRE"": ""Pop""
  }
]",2023-11-02,2023-11-09,1,211858.79206514,166647
MRELG8980AEEAC005452889C0464F8A4500C6,GOLDEN,Jung Kook (BTS),"[
  {
    ""CLIENT_DOMAIN"": ""Billboard"",
    ""GENRES"": [
      ""Pop""
    ],
    ""IS_APPROVED"": true,
    ""MAIN_GENRE"": ""Pop""
  },
  {
    ""CLIENT_DOMAIN"": ""Luminate"",
    ""GENRES"": [
      ""K-Pop"",
      ""Pop""
    ],
    ""MAIN_GENRE"": ""Pop""
  }
]",2023-11-02,2023-11-16,2,57787.60155430,36312
MRELG2B3C8C695B4546F59BAFFED9E0619F7F,Seven,"Jung Kook, Latto","[
  {
    ""CLIENT_DOMAIN"": ""Billboard"",
    ""GENRES"": [
      ""Pop""
    ],
    ""IS_APPROVED"": true,
    ""MAIN_GENRE"": ""Pop""
  },
  {
    ""CLIENT_DOMAIN"": ""Luminate"",
    ""GENRES"": [
      ""K-Pop"",
      ""Dance & House"",
      ""Pop""
    ],
    ""MAIN_GENRE"": ""Pop""
  }
]",2023-07-14,2023-07-20,1,27995.62731527,1599
MRELG2B3C8C695B4546F59BAFFED9E0619F7F,Seven,"Jung Kook, Latto","[
  {
    ""CLIENT_DOMAIN"": ""Billboard"",
    ""GENRES"": [
      ""Pop""
    ],
    ""IS_APPROVED"": true,
    ""MAIN_GENRE"": ""Pop""
  },
  {
    ""CLIENT_DOMAIN"": ""Luminate"",
    ""GENRES"": [
      ""K-Pop"",
      ""Dance & House"",
      ""Pop""
    ],
    ""MAIN_GENRE"": ""Pop""
  }
]",2023-07-14,2023-07-27,2,15486.54506530,837
MRELG2A786BEC6454420DA155B4F9BBCA768E,$ad Boyz 4 Life II,Junior H,"[
  {
    ""CLIENT_DOMAIN"": ""Luminate"",
    ""GENRES"": [
      ""Latin""
    ],
    ""MAIN_GENRE"": ""Latin""
  },
  {
    ""CLIENT_DOMAIN"": ""Billboard"",
    ""GENRES"": [
      ""Latin"",
      ""Latin Reg. Mexican""
    ],
    ""IS_APPROVED"": true,
    ""MAIN_GENRE"": ""Latin Reg. Mexican""
  }
]",2023-10-05,2023-10-12,1,31661.54427788,193
MRELG2A786BEC6454420DA155B4F9BBCA768E,$ad Boyz 4 Life II,Junior H,"[
  {
    ""CLIENT_DOMAIN"": ""Luminate"",
    ""GENRES"": [
      ""Latin""
    ],
    ""MAIN_GENRE"": ""Latin""
  },
  {
    ""CLIENT_DOMAIN"": ""Billboard"",
    ""GENRES"": [
      ""Latin"",
      ""Latin Reg. Mexican""
    ],
    ""IS_APPROVED"": true,
    ""MAIN_GENRE"": ""Latin Reg. Mexican""
  }
]",2023-10-05,2023-10-19,2,19090.20957379,37
MRELGB7F5AE62292A4F6C82F7FF80D4D1D873,Changes,Justin Bieber,"[
  {
    ""CLIENT_DOMAIN"": ""Luminate"",
    ""GENRES"": [
      ""R&B/Hip-Hop"",
      ""Pop""
    ],
    ""MAIN_GENRE"": ""Pop""
  },
  {
    ""CLIENT_DOMAIN"": ""Billboard"",
    ""GENRES"": [
      ""R&B/Hip-Hop"",
      ""Pop"",
      ""R&B""
    ],
    ""IS_APPROVED"": true,
    ""MAIN_GENRE"": ""Pop""
  }
]",2020-02-14,2020-02-20,1,232306.75838604,125617
MRELGB7F5AE62292A4F6C82F7FF80D4D1D873,Changes,Justin Bieber,"[
  {
    ""CLIENT_DOMAIN"": ""Luminate"",
    ""GENRES"": [
      ""R&B/Hip-Hop"",
      ""Pop""
    ],
    ""MAIN_GENRE"": ""Pop""
  },
  {
    ""CLIENT_DOMAIN"": ""Billboard"",
    ""GENRES"": [
      ""R&B/Hip-Hop"",
      ""Pop"",
      ""R&B""
    ],
    ""IS_APPROVED"": true,
    ""MAIN_GENRE"": ""Pop""
  }
]",2020-02-14,2020-02-27,2,67181.54038316,8408
MRELG2B58A35A01984601ADC3D79D36E6369A,Holy,Justin Bieber,"[
  {
    ""CLIENT_DOMAIN"": ""Luminate"",
    ""GENRES"": [
      ""Gospel"",
      ""Pop""
    ],
    ""MAIN_GENRE"": ""Pop""
  },
  {
    ""CLIENT_DOMAIN"": ""Billboard"",
    ""GENRES"": [
      ""Pop""
    ],
    ""IS_APPROVED"": true,
    ""MAIN_GENRE"": ""Pop""
  }
]",2020-09-18,2020-09-24,1,20365.35101277,874
MRELG2B58A35A01984601ADC3D79D36E6369A,Holy,Justin Bieber,"[
  {
    ""CLIENT_DOMAIN"": ""Luminate"",
    ""GENRES"": [
      ""Gospel"",
      ""Pop""
    ],
    ""MAIN_GENRE"": ""Pop""
  },
  {
    ""CLIENT_DOMAIN"": ""Billboard"",
    ""GENRES"": [
      ""Pop""
    ],
    ""IS_APPROVED"": true,
    ""MAIN_GENRE"": ""Pop""
  }
]",2020-09-18,2020-10-01,2,11753.13910271,268
MRELGAAC3BFA0FE58404788B3114AB4BF04A4,Home For Christmas,Justin Bieber,"[
  {
    ""CLIENT_DOMAIN"": ""Luminate"",
    ""GENRES"": [
      ""Pop""
    ],
    ""MAIN_GENRE"": ""Pop""
  },
  {
    ""CLIENT_DOMAIN"": ""Billboard"",
    ""GENRES"": [
      ""Pop""
    ],
    ""IS_APPROVED"": false,
    ""MAIN_GENRE"": ""Pop""
  }
]",2020-12-04,2020-12-10,1,22299.26614340,0
MRELGAAC3BFA0FE58404788B3114AB4BF04A4,Home For Christmas,Justin Bieber,"[
  {
    ""CLIENT_DOMAIN"": ""Luminate"",
    ""GENRES"": [
      ""Pop""
    ],
    ""MAIN_GENRE"": ""Pop""
  },
  {
    ""CLIENT_DOMAIN"": ""Billboard"",
    ""GENRES"": [
      ""Pop""
    ],
    ""IS_APPROVED"": false,
    ""MAIN_GENRE"": ""Pop""
  }
]",2020-12-04,2020-12-17,2,20971.54474774,0
MRELG473076F34D084204B5B4A6CAB4B5601E,Justice,Justin Bieber,"[
  {
    ""CLIENT_DOMAIN"": ""Billboard"",
    ""GENRES"": [
      ""Pop""
    ],
    ""IS_APPROVED"": true,
    ""MAIN_GENRE"": ""Pop""
  },
  {
    ""CLIENT_DOMAIN"": ""Luminate"",
    ""GENRES"": [
      ""Pop""
    ],
    ""MAIN_GENRE"": ""Pop""
  }
]",2021-03-19,2021-03-25,1,152031.55912550,30236
MRELG473076F34D084204B5B4A6CAB4B5601E,Justice,Justin Bieber,"[
  {
    ""CLIENT_DOMAIN"": ""Billboard"",
    ""GENRES"": [
      ""Pop""
    ],
    ""IS_APPROVED"": true,
    ""MAIN_GENRE"": ""Pop""
  },
  {
    ""CLIENT_DOMAIN"": ""Luminate"",
    ""GENRES"": [
      ""Pop""
    ],
    ""MAIN_GENRE"": ""Pop""
  }
]",2021-03-19,2021-04-01,2,99832.75716792,9746
MRELG290AE4A3A2454FEA98B3A926B6A8B14E,SWAG,Justin Bieber,"[
  {
    ""CLIENT_DOMAIN"": ""Billboard"",
    ""GENRES"": [
      ""R&B/Hip-Hop"",
      ""R&B"",
      ""Pop""
    ],
    ""IS_APPROVED"": true,
    ""MAIN_GENRE"": ""Pop""
  },
  {
    ""CLIENT_DOMAIN"": ""Luminate"",
    ""GENRES"": [
      ""R&B/Hip-Hop"",
      ""Pop""
    ],
    ""MAIN_GENRE"": ""Pop""
  }
]",2025-07-11,2025-07-17,1,162566.89997880,6404
MRELG290AE4A3A2454FEA98B3A926B6A8B14E,SWAG,Justin Bieber,"[
  {
    ""CLIENT_DOMAIN"": ""Billboard"",
    ""GENRES"": [
      ""R&B/Hip-Hop"",
      ""R&B"",
      ""Pop""
    ],
    ""IS_APPROVED"": true,
    ""MAIN_GENRE"": ""Pop""
  },
  {
    ""CLIENT_DOMAIN"": ""Luminate"",
    ""GENRES"": [
      ""R&B/Hip-Hop"",
      ""Pop""
    ],
    ""MAIN_GENRE"": ""Pop""
  }
]",2025-07-11,2025-07-24,2,72484.35922891,945
MRELGED6105D397444391A4AA99ACACB45D9B,Yummy,Justin Bieber,"[
  {
    ""CLIENT_DOMAIN"": ""Luminate"",
    ""GENRES"": [
      ""Indie Rock"",
      ""R&B/Hip-Hop"",
      ""Country"",
      ""K-Pop"",
      ""Pop""
    ],
    ""MAIN_GENRE"": ""Pop""
  },
  {
    ""CLIENT_DOMAIN"": ""Billboard"",
    ""GENRES"": [
      ""R&B/Hip-Hop"",
      ""R&B"",
      ""Pop"",
      ""Country""
    ],
    ""IS_APPROVED"": false,
    ""MAIN_GENRE"": ""Pop""
  }
]",2020-01-03,2020-01-09,1,24844.10057629,168
MRELGED6105D397444391A4AA99ACACB45D9B,Yummy,Justin Bieber,"[
  {
    ""CLIENT_DOMAIN"": ""Luminate"",
    ""GENRES"": [
      ""Indie Rock"",
      ""R&B/Hip-Hop"",
      ""Country"",
      ""K-Pop"",
      ""Pop""
    ],
    ""MAIN_GENRE"": ""Pop""
  },
  {
    ""CLIENT_DOMAIN"": ""Billboard"",
    ""GENRES"": [
      ""R&B/Hip-Hop"",
      ""R&B"",
      ""Pop"",
      ""Country""
    ],
    ""IS_APPROVED"": false,
    ""MAIN_GENRE"": ""Pop""
  }
]",2020-01-03,2020-01-16,2,14248.54886636,145
MRELG9E08ED5819224DBFA6C62FAA0B25C6C2,Red Moon In Venus,KALI UCHIS,"[
  {
    ""CLIENT_DOMAIN"": ""Luminate"",
    ""GENRES"": [
      ""R&B/Hip-Hop""
    ],
    ""MAIN_GENRE"": ""R&B/Hip-Hop""
  },
  {
    ""CLIENT_DOMAIN"": ""Billboard"",
    ""GENRES"": [
      ""R&B"",
      ""R&B/Hip-Hop""
    ],
    ""IS_APPROVED"": true,
    ""MAIN_GENRE"": ""R&B""
  }
]",2023-03-03,2023-03-09,1,43069.16214688,15893
MRELG9E08ED5819224DBFA6C62FAA0B25C6C2,Red Moon In Venus,KALI UCHIS,"[
  {
    ""CLIENT_DOMAIN"": ""Luminate"",
    ""GENRES"": [
      ""R&B/Hip-Hop""
    ],
    ""MAIN_GENRE"": ""R&B/Hip-Hop""
  },
  {
    ""CLIENT_DOMAIN"": ""Billboard"",
    ""GENRES"": [
      ""R&B"",
      ""R&B/Hip-Hop""
    ],
    ""IS_APPROVED"": true,
    ""MAIN_GENRE"": ""R&B""
  }
]",2023-03-03,2023-03-16,2,21713.00698049,2282
MRELG963D0B9ABD7340F3A92E6834B425731F,KG0516,KAROL G,"[
  {
    ""CLIENT_DOMAIN"": ""Luminate"",
    ""GENRES"": [
      ""Latin""
    ],
    ""MAIN_GENRE"": ""Latin""
  },
  {
    ""CLIENT_DOMAIN"": ""Billboard"",
    ""GENRES"": [
      ""Latin - Rhythm"",
      ""Latin""
    ],
    ""IS_APPROVED"": true,
    ""MAIN_GENRE"": ""Latin - Rhythm""
  }
]",2021-03-26,2021-04-01,1,23428.04408003,4445
MRELG963D0B9ABD7340F3A92E6834B425731F,KG0516,KAROL G,"[
  {
    ""CLIENT_DOMAIN"": ""Luminate"",
    ""GENRES"": [
      ""Latin""
    ],
    ""MAIN_GENRE"": ""Latin""
  },
  {
    ""CLIENT_DOMAIN"": ""Billboard"",
    ""GENRES"": [
      ""Latin - Rhythm"",
      ""Latin""
    ],
    ""IS_APPROVED"": true,
    ""MAIN_GENRE"": ""Latin - Rhythm""
  }
]",2021-03-26,2021-04-08,2,15491.28110220,1684
MRELG7AB8C8638D7A47F98B41D1AD2BE57E64,MAÑANA SERÁ BONITO (BICHOTA SEASON),KAROL G,"[
  {
    ""CLIENT_DOMAIN"": ""Billboard"",
    ""GENRES"": [
      ""Latin"",
      ""Latin - Rhythm""
    ],
    ""IS_APPROVED"": true,
    ""MAIN_GENRE"": ""Latin - Rhythm""
  },
  {
    ""CLIENT_DOMAIN"": ""Luminate"",
    ""GENRES"": [
      ""Latin""
    ],
    ""MAIN_GENRE"": ""Latin""
  }
]",2023-08-10,2023-08-17,1,70525.68194376,17209
MRELG7AB8C8638D7A47F98B41D1AD2BE57E64,MAÑANA SERÁ BONITO (BICHOTA SEASON),KAROL G,"[
  {
    ""CLIENT_DOMAIN"": ""Billboard"",
    ""GENRES"": [
      ""Latin"",
      ""Latin - Rhythm""
    ],
    ""IS_APPROVED"": true,
    ""MAIN_GENRE"": ""Latin - Rhythm""
  },
  {
    ""CLIENT_DOMAIN"": ""Luminate"",
    ""GENRES"": [
      ""Latin""
    ],
    ""MAIN_GENRE"": ""Latin""
  }
]",2023-08-10,2023-08-24,2,43748.04826753,3129
MRELG9EA1482F24B4497F956E8C633526BE5C,Tropicoqueta,KAROL G,"[
  {
    ""CLIENT_DOMAIN"": ""Billboard"",
    ""GENRES"": [
      ""Latin - Rhythm"",
      ""Latin""
    ],
    ""IS_APPROVED"": true,
    ""MAIN_GENRE"": ""Latin - Rhythm""
  },
  {
    ""CLIENT_DOMAIN"": ""Luminate"",
    ""GENRES"": [
      ""Latin""
    ],
    ""MAIN_GENRE"": ""Latin""
  }
]",2025-06-20,2025-06-26,1,56563.30222068,1910
MRELG9EA1482F24B4497F956E8C633526BE5C,Tropicoqueta,KAROL G,"[
  {
    ""CLIENT_DOMAIN"": ""Billboard"",
    ""GENRES"": [
      ""Latin - Rhythm"",
      ""Latin""
    ],
    ""IS_APPROVED"": true,
    ""MAIN_GENRE"": ""Latin - Rhythm""
  },
  {
    ""CLIENT_DOMAIN"": ""Luminate"",
    ""GENRES"": [
      ""Latin""
    ],
    ""MAIN_GENRE"": ""Latin""
  }
]",2025-06-20,2025-07-03,2,40451.98910073,855
MRELG5412AEAC91814390854064973DB8E1B7,Beautiful Chaos,KATSEYE,"[
  {
    ""CLIENT_DOMAIN"": ""Billboard"",
    ""GENRES"": [
      ""Pop""
    ],
    ""IS_APPROVED"": true,
    ""MAIN_GENRE"": ""Pop""
  },
  {
    ""CLIENT_DOMAIN"": ""Luminate"",
    ""GENRES"": [
      ""Pop""
    ],
    ""MAIN_GENRE"": ""Pop""
  }
]",2025-06-26,2025-07-03,1,44268.36532892,29869
MRELG5412AEAC91814390854064973DB8E1B7,Beautiful Chaos,KATSEYE,"[
  {
    ""CLIENT_DOMAIN"": ""Billboard"",
    ""GENRES"": [
      ""Pop""
    ],
    ""IS_APPROVED"": true,
    ""MAIN_GENRE"": ""Pop""
  },
  {
    ""CLIENT_DOMAIN"": ""Luminate"",
    ""GENRES"": [
      ""Pop""
    ],
    ""MAIN_GENRE"": ""Pop""
  }
]",2025-06-26,2025-07-10,2,23201.25591872,12244
MRELG8C0FBE2926924246B55A6D2CA2631F20,BLUE WATER ROAD,KEHLANI,"[
  {
    ""CLIENT_DOMAIN"": ""Luminate"",
    ""GENRES"": [
      ""R&B/Hip-Hop"",
      ""Others""
    ],
    ""MAIN_GENRE"": ""R&B/Hip-Hop""
  },
  {
    ""CLIENT_DOMAIN"": ""Billboard"",
    ""GENRES"": [
      ""R&B"",
      ""R&B/Hip-Hop""
    ],
    ""IS_APPROVED"": true,
    ""MAIN_GENRE"": ""R&B""
  }
]",2022-04-28,2022-05-05,1,19789.76922426,4047
MRELG8C0FBE2926924246B55A6D2CA2631F20,BLUE WATER ROAD,KEHLANI,"[
  {
    ""CLIENT_DOMAIN"": ""Luminate"",
    ""GENRES"": [
      ""R&B/Hip-Hop"",
      ""Others""
    ],
    ""MAIN_GENRE"": ""R&B/Hip-Hop""
  },
  {
    ""CLIENT_DOMAIN"": ""Billboard"",
    ""GENRES"": [
      ""R&B"",
      ""R&B/Hip-Hop""
    ],
    ""IS_APPROVED"": true,
    ""MAIN_GENRE"": ""R&B""
  }
]",2022-04-28,2022-05-12,2,8440.43677078,1176
MRELG09ECB79F9AC249EEA92288251ABEF88B,CRASH,KEHLANI,"[
  {
    ""CLIENT_DOMAIN"": ""Luminate"",
    ""GENRES"": [
      ""R&B/Hip-Hop"",
      ""Others""
    ],
    ""MAIN_GENRE"": ""R&B/Hip-Hop""
  },
  {
    ""CLIENT_DOMAIN"": ""Billboard"",
    ""GENRES"": [
      ""R&B"",
      ""R&B/Hip-Hop""
    ],
    ""IS_APPROVED"": true,
    ""MAIN_GENRE"": ""R&B""
  }
]",2024-06-21,2024-06-27,1,20215.53658712,6851
MRELG09ECB79F9AC249EEA92288251ABEF88B,CRASH,KEHLANI,"[
  {
    ""CLIENT_DOMAIN"": ""Luminate"",
    ""GENRES"": [
      ""R&B/Hip-Hop"",
      ""Others""
    ],
    ""MAIN_GENRE"": ""R&B/Hip-Hop""
  },
  {
    ""CLIENT_DOMAIN"": ""Billboard"",
    ""GENRES"": [
      ""R&B"",
      ""R&B/Hip-Hop""
    ],
    ""IS_APPROVED"": true,
    ""MAIN_GENRE"": ""R&B""
  }
]",2024-06-21,2024-07-04,2,9123.44073722,1868
MRELG53A2A7280E164BF3826CED0A6DA6BB6B,WHILE WE WAIT,KEHLANI,"[
  {
    ""CLIENT_DOMAIN"": ""Luminate"",
    ""GENRES"": [
      ""R&B/Hip-Hop"",
      ""Pop""
    ],
    ""MAIN_GENRE"": ""R&B/Hip-Hop""
  },
  {
    ""CLIENT_DOMAIN"": ""Billboard"",
    ""GENRES"": [
      ""R&B/Hip-Hop"",
      ""R&B""
    ],
    ""IS_APPROVED"": true,
    ""MAIN_GENRE"": ""R&B""
  }
]",2019-02-21,2019-02-28,1,35641.80388013,6002
MRELG53A2A7280E164BF3826CED0A6DA6BB6B,WHILE WE WAIT,KEHLANI,"[
  {
    ""CLIENT_DOMAIN"": ""Luminate"",
    ""GENRES"": [
      ""R&B/Hip-Hop"",
      ""Pop""
    ],
    ""MAIN_GENRE"": ""R&B/Hip-Hop""
  },
  {
    ""CLIENT_DOMAIN"": ""Billboard"",
    ""GENRES"": [
      ""R&B/Hip-Hop"",
      ""R&B""
    ],
    ""IS_APPROVED"": true,
    ""MAIN_GENRE"": ""R&B""
  }
]",2019-02-21,2019-03-07,2,17824.46432878,805
MRELG185681DFA04A41EEB4B1C0098CA964D9,BORN,KENNY CHESNEY,"[
  {
    ""CLIENT_DOMAIN"": ""Billboard"",
    ""GENRES"": [
      ""Country""
    ],
    ""IS_APPROVED"": true,
    ""MAIN_GENRE"": ""Country""
  },
  {
    ""CLIENT_DOMAIN"": ""Luminate"",
    ""GENRES"": [
      ""Country""
    ],
    ""MAIN_GENRE"": ""Country""
  }
]",2024-03-22,2024-03-28,1,27310.64969281,18804
MRELG185681DFA04A41EEB4B1C0098CA964D9,BORN,KENNY CHESNEY,"[
  {
    ""CLIENT_DOMAIN"": ""Billboard"",
    ""GENRES"": [
      ""Country""
    ],
    ""IS_APPROVED"": true,
    ""MAIN_GENRE"": ""Country""
  },
  {
    ""CLIENT_DOMAIN"": ""Luminate"",
    ""GENRES"": [
      ""Country""
    ],
    ""MAIN_GENRE"": ""Country""
  }
]",2024-03-22,2024-04-04,2,10902.48390297,5614
MRELG189A9EAB5ED845FA89F1B677F6566623,HERE AND NOW,KENNY CHESNEY,"[
  {
    ""CLIENT_DOMAIN"": ""Billboard"",
    ""GENRES"": [
      ""Country""
    ],
    ""IS_APPROVED"": true,
    ""MAIN_GENRE"": ""Country""
  },
  {
    ""CLIENT_DOMAIN"": ""Luminate"",
    ""GENRES"": [
      ""Country""
    ],
    ""MAIN_GENRE"": ""Country""
  }
]",2020-05-01,2020-05-07,1,232246.31222405,222110
MRELG189A9EAB5ED845FA89F1B677F6566623,HERE AND NOW,KENNY CHESNEY,"[
  {
    ""CLIENT_DOMAIN"": ""Billboard"",
    ""GENRES"": [
      ""Country""
    ],
    ""IS_APPROVED"": true,
    ""MAIN_GENRE"": ""Country""
  },
  {
    ""CLIENT_DOMAIN"": ""Luminate"",
    ""GENRES"": [
      ""Country""
    ],
    ""MAIN_GENRE"": ""Country""
  }
]",2020-05-01,2020-05-14,2,15328.81754973,8285
MRELG8AE8733A7F2A4CD2826B9729C4AECD8D,SONGS FOR THE SAINTS,KENNY CHESNEY,"[
  {
    ""CLIENT_DOMAIN"": ""Luminate"",
    ""GENRES"": [
      ""Country""
    ],
    ""MAIN_GENRE"": ""Country""
  },
  {
    ""CLIENT_DOMAIN"": ""Billboard"",
    ""GENRES"": [
      ""Country""
    ],
    ""IS_APPROVED"": true,
    ""MAIN_GENRE"": ""Country""
  }
]",2018-07-27,2018-08-02,1,74741.72198096,63378
MRELG8AE8733A7F2A4CD2826B9729C4AECD8D,SONGS FOR THE SAINTS,KENNY CHESNEY,"[
  {
    ""CLIENT_DOMAIN"": ""Luminate"",
    ""GENRES"": [
      ""Country""
    ],
    ""MAIN_GENRE"": ""Country""
  },
  {
    ""CLIENT_DOMAIN"": ""Billboard"",
    ""GENRES"": [
      ""Country""
    ],
    ""IS_APPROVED"": true,
    ""MAIN_GENRE"": ""Country""
  }
]",2018-07-27,2018-08-09,2,23773.79518024,16069
MRELG0474089323EB403487180581CF7D8110,LUCA BRASI 3,KEVIN GATES,"[
  {
    ""CLIENT_DOMAIN"": ""Billboard"",
    ""GENRES"": [
      ""Rap"",
      ""R&B/Hip-Hop""
    ],
    ""IS_APPROVED"": true,
    ""MAIN_GENRE"": ""Rap""
  },
  {
    ""CLIENT_DOMAIN"": ""Luminate"",
    ""GENRES"": [
      ""Rap"",
      ""R&B/Hip-Hop""
    ],
    ""MAIN_GENRE"": ""Rap""
  }
]",2018-09-28,2018-10-04,1,82751.87922857,17871
MRELG0474089323EB403487180581CF7D8110,LUCA BRASI 3,KEVIN GATES,"[
  {
    ""CLIENT_DOMAIN"": ""Billboard"",
    ""GENRES"": [
      ""Rap"",
      ""R&B/Hip-Hop""
    ],
    ""IS_APPROVED"": true,
    ""MAIN_GENRE"": ""Rap""
  },
  {
    ""CLIENT_DOMAIN"": ""Luminate"",
    ""GENRES"": [
      ""Rap"",
      ""R&B/Hip-Hop""
    ],
    ""MAIN_GENRE"": ""Rap""
  }
]",2018-09-28,2018-10-11,2,40717.15635715,3111
MRELGD63A7D2EA7BF46FF90A498D3C4BCEC29,ONLY THE GENERALS PART II,KEVIN GATES,"[
  {
    ""CLIENT_DOMAIN"": ""Luminate"",
    ""GENRES"": [
      ""Rap"",
      ""R&B/Hip-Hop""
    ],
    ""MAIN_GENRE"": ""Rap""
  },
  {
    ""CLIENT_DOMAIN"": ""Billboard"",
    ""GENRES"": [
      ""R&B/Hip-Hop"",
      ""Rap""
    ],
    ""IS_APPROVED"": true,
    ""MAIN_GENRE"": ""Rap""
  }
]",2021-02-19,2021-02-25,1,23491.33904074,2108
MRELGD63A7D2EA7BF46FF90A498D3C4BCEC29,ONLY THE GENERALS PART II,KEVIN GATES,"[
  {
    ""CLIENT_DOMAIN"": ""Luminate"",
    ""GENRES"": [
      ""Rap"",
      ""R&B/Hip-Hop""
    ],
    ""MAIN_GENRE"": ""Rap""
  },
  {
    ""CLIENT_DOMAIN"": ""Billboard"",
    ""GENRES"": [
      ""R&B/Hip-Hop"",
      ""Rap""
    ],
    ""IS_APPROVED"": true,
    ""MAIN_GENRE"": ""Rap""
  }
]",2021-02-19,2021-03-04,2,13328.00057893,486
MRELGA824652C0C644B5A915F349BB7ED35A8,FREE SPIRIT,KHALID,"[
  {
    ""CLIENT_DOMAIN"": ""Billboard"",
    ""GENRES"": [
      ""R&B/Hip-Hop"",
      ""R&B""
    ],
    ""IS_APPROVED"": true,
    ""MAIN_GENRE"": ""R&B""
  },
  {
    ""CLIENT_DOMAIN"": ""Luminate"",
    ""GENRES"": [
      ""R&B/Hip-Hop"",
      ""Pop""
    ],
    ""MAIN_GENRE"": ""R&B/Hip-Hop""
  }
]",2019-03-09,2019-03-14,1,26588.41182709,0
MRELGA824652C0C644B5A915F349BB7ED35A8,FREE SPIRIT,KHALID,"[
  {
    ""CLIENT_DOMAIN"": ""Billboard"",
    ""GENRES"": [
      ""R&B/Hip-Hop"",
      ""R&B""
    ],
    ""IS_APPROVED"": true,
    ""MAIN_GENRE"": ""R&B""
  },
  {
    ""CLIENT_DOMAIN"": ""Luminate"",
    ""GENRES"": [
      ""R&B/Hip-Hop"",
      ""Pop""
    ],
    ""MAIN_GENRE"": ""R&B/Hip-Hop""
  }
]",2019-03-09,2019-03-21,2,24850.22571385,0
MRELGD76BA8C7C4784BCA8597B18DE891C4AA,Suncity,KHALID,"[
  {
    ""CLIENT_DOMAIN"": ""Luminate"",
    ""GENRES"": [
      ""R&B/Hip-Hop""
    ],
    ""MAIN_GENRE"": ""R&B/Hip-Hop""
  },
  {
    ""CLIENT_DOMAIN"": ""Billboard"",
    ""GENRES"": [
      ""R&B/Hip-Hop"",
      ""R&B""
    ],
    ""IS_APPROVED"": true,
    ""MAIN_GENRE"": ""R&B""
  }
]",2018-10-19,2018-10-25,1,50506.25331332,8662
MRELGD76BA8C7C4784BCA8597B18DE891C4AA,Suncity,KHALID,"[
  {
    ""CLIENT_DOMAIN"": ""Luminate"",
    ""GENRES"": [
      ""R&B/Hip-Hop""
    ],
    ""MAIN_GENRE"": ""R&B/Hip-Hop""
  },
  {
    ""CLIENT_DOMAIN"": ""Billboard"",
    ""GENRES"": [
      ""R&B/Hip-Hop"",
      ""R&B""
    ],
    ""IS_APPROVED"": true,
    ""MAIN_GENRE"": ""R&B""
  }
]",2018-10-19,2018-11-01,2,24610.89827396,1514
MRELG2718AA9E14E14C8AAAC8FB6DD58696ED,Man On The Moon III: The Chosen,KID CUDI,"[
  {
    ""CLIENT_DOMAIN"": ""Luminate"",
    ""GENRES"": [
      ""Rap"",
      ""R&B/Hip-Hop""
    ],
    ""MAIN_GENRE"": ""Rap""
  },
  {
    ""CLIENT_DOMAIN"": ""Billboard"",
    ""GENRES"": [
      ""Rap"",
      ""R&B/Hip-Hop""
    ],
    ""IS_APPROVED"": true,
    ""MAIN_GENRE"": ""Rap""
  }
]",2020-12-11,2020-12-17,1,143530.41693289,15336
MRELG2718AA9E14E14C8AAAC8FB6DD58696ED,Man On The Moon III: The Chosen,KID CUDI,"[
  {
    ""CLIENT_DOMAIN"": ""Luminate"",
    ""GENRES"": [
      ""Rap"",
      ""R&B/Hip-Hop""
    ],
    ""MAIN_GENRE"": ""Rap""
  },
  {
    ""CLIENT_DOMAIN"": ""Billboard"",
    ""GENRES"": [
      ""Rap"",
      ""R&B/Hip-Hop""
    ],
    ""IS_APPROVED"": true,
    ""MAIN_GENRE"": ""Rap""
  }
]",2020-12-11,2020-12-24,2,45940.49162821,1294
MRELG1258FCC97C7A482BAEF571901DD66580,KIDS SEE GHOSTS,"KIDS SEE GHOSTS, Kid Cudi, Kanye West","[
  {
    ""CLIENT_DOMAIN"": ""Luminate"",
    ""GENRES"": [
      ""Rap"",
      ""R&B/Hip-Hop""
    ],
    ""MAIN_GENRE"": ""Rap""
  },
  {
    ""CLIENT_DOMAIN"": ""Billboard"",
    ""GENRES"": [
      ""Rap"",
      ""R&B/Hip-Hop""
    ],
    ""IS_APPROVED"": true,
    ""MAIN_GENRE"": ""Rap""
  }
]",2018-06-08,2018-06-14,1,152098.15020263,79336
MRELG1258FCC97C7A482BAEF571901DD66580,KIDS SEE GHOSTS,"KIDS SEE GHOSTS, Kid Cudi, Kanye West","[
  {
    ""CLIENT_DOMAIN"": ""Luminate"",
    ""GENRES"": [
      ""Rap"",
      ""R&B/Hip-Hop""
    ],
    ""MAIN_GENRE"": ""Rap""
  },
  {
    ""CLIENT_DOMAIN"": ""Billboard"",
    ""GENRES"": [
      ""Rap"",
      ""R&B/Hip-Hop""
    ],
    ""IS_APPROVED"": true,
    ""MAIN_GENRE"": ""Rap""
  }
]",2018-06-08,2018-06-21,2,35573.31374288,8022
MRELG495C44AA88714BA58A87ED3230552E01,KIDZ BOP 37,KIDZ BOP KIDS,"[
  {
    ""CLIENT_DOMAIN"": ""Luminate"",
    ""GENRES"": [
      ""Children""
    ],
    ""MAIN_GENRE"": ""Children""
  },
  {
    ""CLIENT_DOMAIN"": ""Billboard"",
    ""GENRES"": [
      ""Children""
    ],
    ""IS_APPROVED"": true,
    ""MAIN_GENRE"": ""Children""
  }
]",2018-01-19,2018-01-25,1,22057.19060549,19458
MRELG495C44AA88714BA58A87ED3230552E01,KIDZ BOP 37,KIDZ BOP KIDS,"[
  {
    ""CLIENT_DOMAIN"": ""Luminate"",
    ""GENRES"": [
      ""Children""
    ],
    ""MAIN_GENRE"": ""Children""
  },
  {
    ""CLIENT_DOMAIN"": ""Billboard"",
    ""GENRES"": [
      ""Children""
    ],
    ""IS_APPROVED"": true,
    ""MAIN_GENRE"": ""Children""
  }
]",2018-01-19,2018-02-01,2,12801.15758298,9842
MRELG0F35AC26B3CC4AD68DEF36F4FE452393,ATONEMENT,KILLSWITCH ENGAGE,"[
  {
    ""CLIENT_DOMAIN"": ""Billboard"",
    ""GENRES"": [
      ""Rock"",
      ""Hard Rock""
    ],
    ""IS_APPROVED"": true,
    ""MAIN_GENRE"": ""Hard Rock""
  },
  {
    ""CLIENT_DOMAIN"": ""Luminate"",
    ""GENRES"": [
      ""Punk"",
      ""Rock""
    ],
    ""MAIN_GENRE"": ""Rock""
  }
]",2019-08-16,2019-08-22,1,25408.11799868,21414
MRELG0F35AC26B3CC4AD68DEF36F4FE452393,ATONEMENT,KILLSWITCH ENGAGE,"[
  {
    ""CLIENT_DOMAIN"": ""Billboard"",
    ""GENRES"": [
      ""Rock"",
      ""Hard Rock""
    ],
    ""IS_APPROVED"": true,
    ""MAIN_GENRE"": ""Hard Rock""
  },
  {
    ""CLIENT_DOMAIN"": ""Luminate"",
    ""GENRES"": [
      ""Punk"",
      ""Rock""
    ],
    ""MAIN_GENRE"": ""Rock""
  }
]",2019-08-16,2019-08-29,2,8620.16881726,6311
MRELG86CB159C62784C8C9E8DEAFF82E86647,YOU WON'T GO BEFORE YOU'RE SUPPOSED TO,KNOCKED LOOSE,"[
  {
    ""CLIENT_DOMAIN"": ""Luminate"",
    ""GENRES"": [
      ""Rock""
    ],
    ""MAIN_GENRE"": ""Rock""
  },
  {
    ""CLIENT_DOMAIN"": ""Billboard"",
    ""GENRES"": [
      ""Hard Rock"",
      ""Rock""
    ],
    ""IS_APPROVED"": true,
    ""MAIN_GENRE"": ""Hard Rock""
  }
]",2024-05-10,2024-05-16,1,26116.17102290,19999
MRELG86CB159C62784C8C9E8DEAFF82E86647,YOU WON'T GO BEFORE YOU'RE SUPPOSED TO,KNOCKED LOOSE,"[
  {
    ""CLIENT_DOMAIN"": ""Luminate"",
    ""GENRES"": [
      ""Rock""
    ],
    ""MAIN_GENRE"": ""Rock""
  },
  {
    ""CLIENT_DOMAIN"": ""Billboard"",
    ""GENRES"": [
      ""Hard Rock"",
      ""Rock""
    ],
    ""IS_APPROVED"": true,
    ""MAIN_GENRE"": ""Hard Rock""
  }
]",2024-05-10,2024-05-23,2,8603.73647455,5173
MRELG5DC5855DE48B4EE7AFF6B580F22BD9BA,BACK FOR EVERYTHING,KODAK BLACK,"[
  {
    ""CLIENT_DOMAIN"": ""Billboard"",
    ""GENRES"": [
      ""R&B/Hip-Hop"",
      ""Rap""
    ],
    ""IS_APPROVED"": true,
    ""MAIN_GENRE"": ""Rap""
  },
  {
    ""CLIENT_DOMAIN"": ""Luminate"",
    ""GENRES"": [
      ""Rap"",
      ""R&B/Hip-Hop""
    ],
    ""MAIN_GENRE"": ""Rap""
  }
]",2022-02-24,2022-03-03,1,60415.32329218,2677
MRELG5DC5855DE48B4EE7AFF6B580F22BD9BA,BACK FOR EVERYTHING,KODAK BLACK,"[
  {
    ""CLIENT_DOMAIN"": ""Billboard"",
    ""GENRES"": [
      ""R&B/Hip-Hop"",
      ""Rap""
    ],
    ""IS_APPROVED"": true,
    ""MAIN_GENRE"": ""Rap""
  },
  {
    ""CLIENT_DOMAIN"": ""Luminate"",
    ""GENRES"": [
      ""Rap"",
      ""R&B/Hip-Hop""
    ],
    ""MAIN_GENRE"": ""Rap""
  }
]",2022-02-24,2022-03-10,2,37246.47368313,363
MRELG45FC034CF5774C82A2867AFC643586E0,ZEZE (FEAT. TRAVIS SCOTT & OFFSET),KODAK BLACK,"[
  {
    ""CLIENT_DOMAIN"": ""Billboard"",
    ""GENRES"": [
      ""R&B/Hip-Hop"",
      ""Rap""
    ],
    ""IS_APPROVED"": true,
    ""MAIN_GENRE"": ""Rap""
  },
  {
    ""CLIENT_DOMAIN"": ""Luminate"",
    ""GENRES"": [
      ""Rap"",
      ""R&B/Hip-Hop""
    ],
    ""MAIN_GENRE"": ""Rap""
  }
]",2018-10-12,2018-10-18,1,31490.06148037,168
MRELG45FC034CF5774C82A2867AFC643586E0,ZEZE (FEAT. TRAVIS SCOTT & OFFSET),KODAK BLACK,"[
  {
    ""CLIENT_DOMAIN"": ""Billboard"",
    ""GENRES"": [
      ""R&B/Hip-Hop"",
      ""Rap""
    ],
    ""IS_APPROVED"": true,
    ""MAIN_GENRE"": ""Rap""
  },
  {
    ""CLIENT_DOMAIN"": ""Luminate"",
    ""GENRES"": [
      ""Rap"",
      ""R&B/Hip-Hop""
    ],
    ""MAIN_GENRE"": ""Rap""
  }
]",2018-10-12,2018-10-25,2,22339.77220536,107
MRELGECB856986D324FACBEE70A464EC87535,Requiem,KORN,"[
  {
    ""CLIENT_DOMAIN"": ""Billboard"",
    ""GENRES"": [
      ""Alt. Rock"",
      ""Hard Rock"",
      ""Rock""
    ],
    ""IS_APPROVED"": true,
    ""MAIN_GENRE"": ""Alt. Rock""
  },
  {
    ""CLIENT_DOMAIN"": ""Luminate"",
    ""GENRES"": [
      ""Rock""
    ],
    ""MAIN_GENRE"": ""Rock""
  }
]",2022-02-04,2022-02-10,1,22818.97650426,19525
MRELGECB856986D324FACBEE70A464EC87535,Requiem,KORN,"[
  {
    ""CLIENT_DOMAIN"": ""Billboard"",
    ""GENRES"": [
      ""Alt. Rock"",
      ""Hard Rock"",
      ""Rock""
    ],
    ""IS_APPROVED"": true,
    ""MAIN_GENRE"": ""Alt. Rock""
  },
  {
    ""CLIENT_DOMAIN"": ""Luminate"",
    ""GENRES"": [
      ""Rock""
    ],
    ""MAIN_GENRE"": ""Rock""
  }
]",2022-02-04,2022-02-17,2,6482.34987301,5034
MRELG464BABD87E1A423F96F5A51D571943CF,THE NOTHING,KORN,"[
  {
    ""CLIENT_DOMAIN"": ""Luminate"",
    ""GENRES"": [
      ""Rock"",
      ""Afrobeats"",
      ""Metal""
    ],
    ""MAIN_GENRE"": ""Afrobeats""
  },
  {
    ""CLIENT_DOMAIN"": ""Billboard"",
    ""GENRES"": [
      ""Hard Rock"",
      ""Rock""
    ],
    ""IS_APPROVED"": true,
    ""MAIN_GENRE"": ""Hard Rock""
  }
]",2019-09-13,2019-09-19,1,33187.45071923,28506
MRELG464BABD87E1A423F96F5A51D571943CF,THE NOTHING,KORN,"[
  {
    ""CLIENT_DOMAIN"": ""Luminate"",
    ""GENRES"": [
      ""Rock"",
      ""Afrobeats"",
      ""Metal""
    ],
    ""MAIN_GENRE"": ""Afrobeats""
  },
  {
    ""CLIENT_DOMAIN"": ""Billboard"",
    ""GENRES"": [
      ""Hard Rock"",
      ""Rock""
    ],
    ""IS_APPROVED"": true,
    ""MAIN_GENRE"": ""Hard Rock""
  }
]",2019-09-13,2019-09-26,2,8235.98462585,5967
MRELGB83592923C3248039DF8E1F2D65771FF,ALL OVER THE PLACE,KSI,"[
  {
    ""CLIENT_DOMAIN"": ""Billboard"",
    ""GENRES"": [
      ""R&B/Hip-Hop"",
      ""Rap""
    ],
    ""IS_APPROVED"": true,
    ""MAIN_GENRE"": ""Rap""
  },
  {
    ""CLIENT_DOMAIN"": ""Luminate"",
    ""GENRES"": [
      ""Rap"",
      ""R&B/Hip-Hop""
    ],
    ""MAIN_GENRE"": ""Rap""
  }
]",2021-07-15,2021-07-22,1,10298.28888298,2068
MRELGB83592923C3248039DF8E1F2D65771FF,ALL OVER THE PLACE,KSI,"[
  {
    ""CLIENT_DOMAIN"": ""Billboard"",
    ""GENRES"": [
      ""R&B/Hip-Hop"",
      ""Rap""
    ],
    ""IS_APPROVED"": true,
    ""MAIN_GENRE"": ""Rap""
  },
  {
    ""CLIENT_DOMAIN"": ""Luminate"",
    ""GENRES"": [
      ""Rap"",
      ""R&B/Hip-Hop""
    ],
    ""MAIN_GENRE"": ""Rap""
  }
]",2021-07-15,2021-07-29,2,4514.00049304,246
MRELGCEE2EA2FF8874447862F34B6CA7866F8,GOLDEN,KYLIE MINOGUE,"[
  {
    ""CLIENT_DOMAIN"": ""Billboard"",
    ""GENRES"": [
      ""Pop""
    ],
    ""IS_APPROVED"": true,
    ""MAIN_GENRE"": ""Pop""
  },
  {
    ""CLIENT_DOMAIN"": ""Luminate"",
    ""GENRES"": [
      ""Pop""
    ],
    ""MAIN_GENRE"": ""Pop""
  }
]",2018-04-06,2018-04-12,1,9486.04976718,8244
MRELGCEE2EA2FF8874447862F34B6CA7866F8,GOLDEN,KYLIE MINOGUE,"[
  {
    ""CLIENT_DOMAIN"": ""Billboard"",
    ""GENRES"": [
      ""Pop""
    ],
    ""IS_APPROVED"": true,
    ""MAIN_GENRE"": ""Pop""
  },
  {
    ""CLIENT_DOMAIN"": ""Luminate"",
    ""GENRES"": [
      ""Pop""
    ],
    ""MAIN_GENRE"": ""Pop""
  }
]",2018-04-06,2018-04-19,2,2014.14451342,1497
MRELG19DF1F8EFCFF4892B04298DD92E4EE17,Deeper Well,Kacey Musgraves,"[
  {
    ""CLIENT_DOMAIN"": ""Luminate"",
    ""GENRES"": [
      ""Country"",
      ""Folk""
    ],
    ""MAIN_GENRE"": ""Folk""
  },
  {
    ""CLIENT_DOMAIN"": ""Billboard"",
    ""GENRES"": [
      ""Folk"",
      ""Country""
    ],
    ""IS_APPROVED"": true,
    ""MAIN_GENRE"": ""Folk""
  }
]",2024-03-15,2024-03-21,1,103688.36145599,73335
MRELG19DF1F8EFCFF4892B04298DD92E4EE17,Deeper Well,Kacey Musgraves,"[
  {
    ""CLIENT_DOMAIN"": ""Luminate"",
    ""GENRES"": [
      ""Country"",
      ""Folk""
    ],
    ""MAIN_GENRE"": ""Folk""
  },
  {
    ""CLIENT_DOMAIN"": ""Billboard"",
    ""GENRES"": [
      ""Folk"",
      ""Country""
    ],
    ""IS_APPROVED"": true,
    ""MAIN_GENRE"": ""Folk""
  }
]",2024-03-15,2024-03-28,2,29430.80846791,13523
MRELG82A564D8E437456D8746E59F6F0EA54E,Isolation,Kali Uchis,"[
  {
    ""CLIENT_DOMAIN"": ""Billboard"",
    ""GENRES"": [
      ""R&B"",
      ""R&B/Hip-Hop""
    ],
    ""IS_APPROVED"": true,
    ""MAIN_GENRE"": ""R&B/Hip-Hop""
  },
  {
    ""CLIENT_DOMAIN"": ""Luminate"",
    ""GENRES"": [
      ""R&B/Hip-Hop""
    ],
    ""MAIN_GENRE"": ""R&B/Hip-Hop""
  }
]",2018-04-06,2018-04-12,1,17440.50618662,3722
MRELG82A564D8E437456D8746E59F6F0EA54E,Isolation,Kali Uchis,"[
  {
    ""CLIENT_DOMAIN"": ""Billboard"",
    ""GENRES"": [
      ""R&B"",
      ""R&B/Hip-Hop""
    ],
    ""IS_APPROVED"": true,
    ""MAIN_GENRE"": ""R&B/Hip-Hop""
  },
  {
    ""CLIENT_DOMAIN"": ""Luminate"",
    ""GENRES"": [
      ""R&B/Hip-Hop""
    ],
    ""MAIN_GENRE"": ""R&B/Hip-Hop""
  }
]",2018-04-06,2018-04-19,2,8481.74751744,839
MRELGF0F1928B61CF482295C6C34656A64C6B,ORQUÍDEAS,Kali Uchis,"[
  {
    ""CLIENT_DOMAIN"": ""Billboard"",
    ""GENRES"": [
      ""Latin - Pop"",
      ""Latin""
    ],
    ""IS_APPROVED"": true,
    ""MAIN_GENRE"": ""Latin - Pop""
  },
  {
    ""CLIENT_DOMAIN"": ""Luminate"",
    ""GENRES"": [
      ""Latin Pop"",
      ""Latin""
    ],
    ""MAIN_GENRE"": ""Latin Pop""
  }
]",2024-01-12,2024-01-18,1,71872.42166055,33334
MRELGF0F1928B61CF482295C6C34656A64C6B,ORQUÍDEAS,Kali Uchis,"[
  {
    ""CLIENT_DOMAIN"": ""Billboard"",
    ""GENRES"": [
      ""Latin - Pop"",
      ""Latin""
    ],
    ""IS_APPROVED"": true,
    ""MAIN_GENRE"": ""Latin - Pop""
  },
  {
    ""CLIENT_DOMAIN"": ""Luminate"",
    ""GENRES"": [
      ""Latin Pop"",
      ""Latin""
    ],
    ""MAIN_GENRE"": ""Latin Pop""
  }
]",2024-01-12,2024-01-25,2,35795.24432532,7973
MRELG45A0140F26F74EB1ACD686C2A858AC3F,"Sincerely,",Kali Uchis,"[
  {
    ""CLIENT_DOMAIN"": ""Luminate"",
    ""GENRES"": [
      ""Indie Rock"",
      ""R&B/Hip-Hop"",
      ""Pop""
    ],
    ""MAIN_GENRE"": ""Pop""
  },
  {
    ""CLIENT_DOMAIN"": ""Billboard"",
    ""GENRES"": [
      ""Pop""
    ],
    ""IS_APPROVED"": true,
    ""MAIN_GENRE"": ""Pop""
  }
]",2025-05-09,2025-05-15,1,62045.83025822,37995
MRELG45A0140F26F74EB1ACD686C2A858AC3F,"Sincerely,",Kali Uchis,"[
  {
    ""CLIENT_DOMAIN"": ""Luminate"",
    ""GENRES"": [
      ""Indie Rock"",
      ""R&B/Hip-Hop"",
      ""Pop""
    ],
    ""MAIN_GENRE"": ""Pop""
  },
  {
    ""CLIENT_DOMAIN"": ""Billboard"",
    ""GENRES"": [
      ""Pop""
    ],
    ""IS_APPROVED"": true,
    ""MAIN_GENRE"": ""Pop""
  }
]",2025-05-09,2025-05-22,2,23522.71628967,7461
MRELG1332CB39187848E8AAFBE5579A17A9E7,MIXTAPE VOL. 1 - EP,Kane Brown,"[
  {
    ""CLIENT_DOMAIN"": ""Billboard"",
    ""GENRES"": [
      ""Country""
    ],
    ""IS_APPROVED"": true,
    ""MAIN_GENRE"": ""Country""
  },
  {
    ""CLIENT_DOMAIN"": ""Luminate"",
    ""GENRES"": [
      ""Country""
    ],
    ""MAIN_GENRE"": ""Country""
  }
]",2020-08-14,2020-08-20,1,22359.76587086,3304
MRELG1332CB39187848E8AAFBE5579A17A9E7,MIXTAPE VOL. 1 - EP,Kane Brown,"[
  {
    ""CLIENT_DOMAIN"": ""Billboard"",
    ""GENRES"": [
      ""Country""
    ],
    ""IS_APPROVED"": true,
    ""MAIN_GENRE"": ""Country""
  },
  {
    ""CLIENT_DOMAIN"": ""Luminate"",
    ""GENRES"": [
      ""Country""
    ],
    ""MAIN_GENRE"": ""Country""
  }
]",2020-08-14,2020-08-27,2,15735.20537899,530
MRELG3FDEB03B6CCC4B0DBBF0909FB4B57C13,THE HIGH ROAD,Kane Brown,"[
  {
    ""CLIENT_DOMAIN"": ""Luminate"",
    ""GENRES"": [
      ""Country""
    ],
    ""MAIN_GENRE"": ""Country""
  },
  {
    ""CLIENT_DOMAIN"": ""Billboard"",
    ""GENRES"": [
      ""Country""
    ],
    ""IS_APPROVED"": true,
    ""MAIN_GENRE"": ""Country""
  }
]",2025-01-24,2025-01-30,1,35117.37761296,14511
MRELG3FDEB03B6CCC4B0DBBF0909FB4B57C13,THE HIGH ROAD,Kane Brown,"[
  {
    ""CLIENT_DOMAIN"": ""Luminate"",
    ""GENRES"": [
      ""Country""
    ],
    ""MAIN_GENRE"": ""Country""
  },
  {
    ""CLIENT_DOMAIN"": ""Billboard"",
    ""GENRES"": [
      ""Country""
    ],
    ""IS_APPROVED"": true,
    ""MAIN_GENRE"": ""Country""
  }
]",2025-01-24,2025-02-06,2,18897.20680511,2955
MRELG9440050F94704EAEB4E266808CC87C27,Donda,Kanye West,"[
  {
    ""CLIENT_DOMAIN"": ""Billboard"",
    ""GENRES"": [
      ""Gospel"",
      ""Rap"",
      ""R&B/Hip-Hop"",
      ""Christian/Gospel"",
      ""Christian""
    ],
    ""IS_APPROVED"": true,
    ""MAIN_GENRE"": ""Gospel""
  },
  {
    ""CLIENT_DOMAIN"": ""Luminate"",
    ""GENRES"": [
      ""Rap"",
      ""Christian"",
      ""R&B/Hip-Hop"",
      ""Religious"",
      ""Gospel""
    ],
    ""MAIN_GENRE"": ""Christian""
  }
]",2021-08-29,2021-09-02,1,309400.30738833,36587
MRELG9440050F94704EAEB4E266808CC87C27,Donda,Kanye West,"[
  {
    ""CLIENT_DOMAIN"": ""Billboard"",
    ""GENRES"": [
      ""Gospel"",
      ""Rap"",
      ""R&B/Hip-Hop"",
      ""Christian/Gospel"",
      ""Christian""
    ],
    ""IS_APPROVED"": true,
    ""MAIN_GENRE"": ""Gospel""
  },
  {
    ""CLIENT_DOMAIN"": ""Luminate"",
    ""GENRES"": [
      ""Rap"",
      ""Christian"",
      ""R&B/Hip-Hop"",
      ""Religious"",
      ""Gospel""
    ],
    ""MAIN_GENRE"": ""Christian""
  }
]",2021-08-29,2021-09-09,2,142741.77937570,7545
MRELG568FE086C39F46B098DB66DE1E60A484,JESUS IS KING,Kanye West,"[
  {
    ""CLIENT_DOMAIN"": ""Billboard"",
    ""GENRES"": [
      ""Rap"",
      ""Christian"",
      ""R&B/Hip-Hop"",
      ""Christian/Gospel"",
      ""Gospel"",
      ""Soundtrack""
    ],
    ""IS_APPROVED"": true,
    ""MAIN_GENRE"": ""Rap""
  },
  {
    ""CLIENT_DOMAIN"": ""Luminate"",
    ""GENRES"": [
      ""Christian"",
      ""Soundtrack"",
      ""Rap"",
      ""R&B/Hip-Hop"",
      ""Religious"",
      ""Gospel""
    ],
    ""MAIN_GENRE"": ""Rap""
  }
]",2019-10-25,2019-10-31,1,270582.15507766,109394
MRELG568FE086C39F46B098DB66DE1E60A484,JESUS IS KING,Kanye West,"[
  {
    ""CLIENT_DOMAIN"": ""Billboard"",
    ""GENRES"": [
      ""Rap"",
      ""Christian"",
      ""R&B/Hip-Hop"",
      ""Christian/Gospel"",
      ""Gospel"",
      ""Soundtrack""
    ],
    ""IS_APPROVED"": true,
    ""MAIN_GENRE"": ""Rap""
  },
  {
    ""CLIENT_DOMAIN"": ""Luminate"",
    ""GENRES"": [
      ""Christian"",
      ""Soundtrack"",
      ""Rap"",
      ""R&B/Hip-Hop"",
      ""Religious"",
      ""Gospel""
    ],
    ""MAIN_GENRE"": ""Rap""
  }
]",2019-10-25,2019-11-07,2,74536.15272548,19019
MRELG95E66C8D2A904EAFB913A941FEF16DD6,ye,Kanye West,"[
  {
    ""CLIENT_DOMAIN"": ""Luminate"",
    ""GENRES"": [
      ""Rap"",
      ""R&B/Hip-Hop""
    ],
    ""MAIN_GENRE"": ""Rap""
  },
  {
    ""CLIENT_DOMAIN"": ""Billboard"",
    ""GENRES"": [
      ""Rap"",
      ""R&B/Hip-Hop""
    ],
    ""IS_APPROVED"": true,
    ""MAIN_GENRE"": ""Rap""
  }
]",2018-06-01,2018-06-07,1,228506.30883900,84860
MRELG95E66C8D2A904EAFB913A941FEF16DD6,ye,Kanye West,"[
  {
    ""CLIENT_DOMAIN"": ""Luminate"",
    ""GENRES"": [
      ""Rap"",
      ""R&B/Hip-Hop""
    ],
    ""MAIN_GENRE"": ""Rap""
  },
  {
    ""CLIENT_DOMAIN"": ""Billboard"",
    ""GENRES"": [
      ""Rap"",
      ""R&B/Hip-Hop""
    ],
    ""IS_APPROVED"": true,
    ""MAIN_GENRE"": ""Rap""
  }
]",2018-06-01,2018-06-14,2,81613.41396159,23817
MRELG40A79E3D48824CC5A59459D57666D8A6,I Love It,Kanye West & Lil Pump,"[
  {
    ""CLIENT_DOMAIN"": ""Billboard"",
    ""GENRES"": [
      ""Rap"",
      ""R&B/Hip-Hop""
    ],
    ""IS_APPROVED"": true,
    ""MAIN_GENRE"": ""Rap""
  },
  {
    ""CLIENT_DOMAIN"": ""Luminate"",
    ""GENRES"": [
      ""Rap"",
      ""R&B/Hip-Hop""
    ],
    ""MAIN_GENRE"": ""Rap""
  }
]",2018-09-06,2018-09-13,1,24037.13025774,119
MRELG40A79E3D48824CC5A59459D57666D8A6,I Love It,Kanye West & Lil Pump,"[
  {
    ""CLIENT_DOMAIN"": ""Billboard"",
    ""GENRES"": [
      ""Rap"",
      ""R&B/Hip-Hop""
    ],
    ""IS_APPROVED"": true,
    ""MAIN_GENRE"": ""Rap""
  },
  {
    ""CLIENT_DOMAIN"": ""Luminate"",
    ""GENRES"": [
      ""Rap"",
      ""R&B/Hip-Hop""
    ],
    ""MAIN_GENRE"": ""Rap""
  }
]",2018-09-06,2018-09-20,2,22707.31353237,59
MRELGA9F720C843684138867A8417BBF6F5C5,Hurricane,Kanye West Feat. The Weeknd,"[
  {
    ""CLIENT_DOMAIN"": ""Billboard"",
    ""GENRES"": [
      ""R&B/Hip-Hop"",
      ""Rap""
    ],
    ""IS_APPROVED"": false,
    ""MAIN_GENRE"": ""Rap""
  },
  {
    ""CLIENT_DOMAIN"": ""Luminate"",
    ""GENRES"": [
      ""Rap"",
      ""R&B/Hip-Hop""
    ],
    ""MAIN_GENRE"": ""Rap""
  }
]",2021-08-27,2021-09-02,1,21727.46239490,0
MRELGA9F720C843684138867A8417BBF6F5C5,Hurricane,Kanye West Feat. The Weeknd,"[
  {
    ""CLIENT_DOMAIN"": ""Billboard"",
    ""GENRES"": [
      ""R&B/Hip-Hop"",
      ""Rap""
    ],
    ""IS_APPROVED"": false,
    ""MAIN_GENRE"": ""Rap""
  },
  {
    ""CLIENT_DOMAIN"": ""Luminate"",
    ""GENRES"": [
      ""Rap"",
      ""R&B/Hip-Hop""
    ],
    ""MAIN_GENRE"": ""Rap""
  }
]",2021-08-27,2021-09-09,2,14987.26692283,0
MRELG142E5CA6EBF4461FBAB8A901AEFD158E,MAÑANA SERÁ BONITO,Karol G,"[
  {
    ""CLIENT_DOMAIN"": ""Luminate"",
    ""GENRES"": [
      ""Latin Pop"",
      ""Latin"",
      ""Reggaeton""
    ],
    ""MAIN_GENRE"": ""Latin""
  },
  {
    ""CLIENT_DOMAIN"": ""Billboard"",
    ""GENRES"": [
      ""Latin - Rhythm"",
      ""Latin""
    ],
    ""IS_APPROVED"": true,
    ""MAIN_GENRE"": ""Latin - Rhythm""
  }
]",2023-02-24,2023-03-02,1,93384.81390278,10042
MRELG142E5CA6EBF4461FBAB8A901AEFD158E,MAÑANA SERÁ BONITO,Karol G,"[
  {
    ""CLIENT_DOMAIN"": ""Luminate"",
    ""GENRES"": [
      ""Latin Pop"",
      ""Latin"",
      ""Reggaeton""
    ],
    ""MAIN_GENRE"": ""Latin""
  },
  {
    ""CLIENT_DOMAIN"": ""Billboard"",
    ""GENRES"": [
      ""Latin - Rhythm"",
      ""Latin""
    ],
    ""IS_APPROVED"": true,
    ""MAIN_GENRE"": ""Latin - Rhythm""
  }
]",2023-02-24,2023-03-09,2,59990.71326806,1353
MRELGA52CD7D17EED48C0B2A25420216BBE5B,143,Katy Perry,"[
  {
    ""CLIENT_DOMAIN"": ""Billboard"",
    ""GENRES"": [
      ""Pop""
    ],
    ""IS_APPROVED"": true,
    ""MAIN_GENRE"": ""Pop""
  },
  {
    ""CLIENT_DOMAIN"": ""Luminate"",
    ""GENRES"": [
      ""Pop""
    ],
    ""MAIN_GENRE"": ""Pop""
  }
]",2024-09-19,2024-09-26,1,54758.47430371,38061
MRELGA52CD7D17EED48C0B2A25420216BBE5B,143,Katy Perry,"[
  {
    ""CLIENT_DOMAIN"": ""Billboard"",
    ""GENRES"": [
      ""Pop""
    ],
    ""IS_APPROVED"": true,
    ""MAIN_GENRE"": ""Pop""
  },
  {
    ""CLIENT_DOMAIN"": ""Luminate"",
    ""GENRES"": [
      ""Pop""
    ],
    ""MAIN_GENRE"": ""Pop""
  }
]",2024-09-19,2024-10-03,2,18822.53636635,8574
MRELGDE29C420D1C04067B29F17B1C1D479C3,IT WAS GOOD UNTIL IT WASN'T,Kehlani,"[
  {
    ""CLIENT_DOMAIN"": ""Luminate"",
    ""GENRES"": [
      ""R&B/Hip-Hop""
    ],
    ""MAIN_GENRE"": ""R&B/Hip-Hop""
  },
  {
    ""CLIENT_DOMAIN"": ""Billboard"",
    ""GENRES"": [
      ""R&B/Hip-Hop"",
      ""R&B""
    ],
    ""IS_APPROVED"": true,
    ""MAIN_GENRE"": ""R&B""
  }
]",2020-05-07,2020-05-14,1,83185.32745911,25398
MRELGDE29C420D1C04067B29F17B1C1D479C3,IT WAS GOOD UNTIL IT WASN'T,Kehlani,"[
  {
    ""CLIENT_DOMAIN"": ""Luminate"",
    ""GENRES"": [
      ""R&B/Hip-Hop""
    ],
    ""MAIN_GENRE"": ""R&B/Hip-Hop""
  },
  {
    ""CLIENT_DOMAIN"": ""Billboard"",
    ""GENRES"": [
      ""R&B/Hip-Hop"",
      ""R&B""
    ],
    ""IS_APPROVED"": true,
    ""MAIN_GENRE"": ""R&B""
  }
]",2020-05-07,2020-05-21,2,29479.86954468,2222
MRELGE820037E2AAA49BAA988BCCB48D19C64,Graffiti U,Keith Urban,"[
  {
    ""CLIENT_DOMAIN"": ""Luminate"",
    ""GENRES"": [
      ""Country""
    ],
    ""MAIN_GENRE"": ""Country""
  },
  {
    ""CLIENT_DOMAIN"": ""Billboard"",
    ""GENRES"": [
      ""Country""
    ],
    ""IS_APPROVED"": true,
    ""MAIN_GENRE"": ""Country""
  }
]",2018-04-27,2018-05-03,1,144352.90444268,136569
MRELGE820037E2AAA49BAA988BCCB48D19C64,Graffiti U,Keith Urban,"[
  {
    ""CLIENT_DOMAIN"": ""Luminate"",
    ""GENRES"": [
      ""Country""
    ],
    ""MAIN_GENRE"": ""Country""
  },
  {
    ""CLIENT_DOMAIN"": ""Billboard"",
    ""GENRES"": [
      ""Country""
    ],
    ""IS_APPROVED"": true,
    ""MAIN_GENRE"": ""Country""
  }
]",2018-04-27,2018-05-10,2,22103.20398811,16954
MRELG6FDB029D867C4D638D60CE5575A027E8,KELSEA,Kelsea Ballerini,"[
  {
    ""CLIENT_DOMAIN"": ""Billboard"",
    ""GENRES"": [
      ""Country""
    ],
    ""IS_APPROVED"": true,
    ""MAIN_GENRE"": ""Country""
  },
  {
    ""CLIENT_DOMAIN"": ""Luminate"",
    ""GENRES"": [
      ""Country""
    ],
    ""MAIN_GENRE"": ""Country""
  }
]",2020-03-20,2020-03-26,1,27208.96186185,13209
MRELG6FDB029D867C4D638D60CE5575A027E8,KELSEA,Kelsea Ballerini,"[
  {
    ""CLIENT_DOMAIN"": ""Billboard"",
    ""GENRES"": [
      ""Country""
    ],
    ""IS_APPROVED"": true,
    ""MAIN_GENRE"": ""Country""
  },
  {
    ""CLIENT_DOMAIN"": ""Luminate"",
    ""GENRES"": [
      ""Country""
    ],
    ""MAIN_GENRE"": ""Country""
  }
]",2020-03-20,2020-04-02,2,13170.24781844,3553
MRELG9E622A5331B447FCB5A200F40155166F,PATTERNS,Kelsea Ballerini,"[
  {
    ""CLIENT_DOMAIN"": ""Billboard"",
    ""GENRES"": [
      ""Country""
    ],
    ""IS_APPROVED"": true,
    ""MAIN_GENRE"": ""Country""
  },
  {
    ""CLIENT_DOMAIN"": ""Luminate"",
    ""GENRES"": [
      ""Country"",
      ""Pop""
    ],
    ""MAIN_GENRE"": ""Country""
  }
]",2024-10-25,2024-10-31,1,53783.99466414,34861
MRELG9E622A5331B447FCB5A200F40155166F,PATTERNS,Kelsea Ballerini,"[
  {
    ""CLIENT_DOMAIN"": ""Billboard"",
    ""GENRES"": [
      ""Country""
    ],
    ""IS_APPROVED"": true,
    ""MAIN_GENRE"": ""Country""
  },
  {
    ""CLIENT_DOMAIN"": ""Luminate"",
    ""GENRES"": [
      ""Country"",
      ""Pop""
    ],
    ""MAIN_GENRE"": ""Country""
  }
]",2024-10-25,2024-11-07,2,14711.50361228,3267
MRELGE2E996F52B464CCCB03E75C8DAE5B72F,A Great Chaos,Ken Carson,"[
  {
    ""CLIENT_DOMAIN"": ""Luminate"",
    ""GENRES"": [
      ""Rock"",
      ""Rap"",
      ""R&B/Hip-Hop"",
      ""Country""
    ],
    ""MAIN_GENRE"": ""Rap""
  },
  {
    ""CLIENT_DOMAIN"": ""Billboard"",
    ""GENRES"": [
      ""R&B/Hip-Hop"",
      ""Rap""
    ],
    ""IS_APPROVED"": true,
    ""MAIN_GENRE"": ""Rap""
  }
]",2023-10-13,2023-10-19,1,47183.68246023,1156
MRELGE2E996F52B464CCCB03E75C8DAE5B72F,A Great Chaos,Ken Carson,"[
  {
    ""CLIENT_DOMAIN"": ""Luminate"",
    ""GENRES"": [
      ""Rock"",
      ""Rap"",
      ""R&B/Hip-Hop"",
      ""Country""
    ],
    ""MAIN_GENRE"": ""Rap""
  },
  {
    ""CLIENT_DOMAIN"": ""Billboard"",
    ""GENRES"": [
      ""R&B/Hip-Hop"",
      ""Rap""
    ],
    ""IS_APPROVED"": true,
    ""MAIN_GENRE"": ""Rap""
  }
]",2023-10-13,2023-10-26,2,23526.48045680,927
MRELGA7B79A4723744531AE99AFAFE6878D78,More Chaos,Ken Carson,"[
  {
    ""CLIENT_DOMAIN"": ""Luminate"",
    ""GENRES"": [
      ""R&B/Hip-Hop"",
      ""Rap""
    ],
    ""MAIN_GENRE"": ""R&B/Hip-Hop""
  },
  {
    ""CLIENT_DOMAIN"": ""Billboard"",
    ""GENRES"": [
      ""R&B/Hip-Hop"",
      ""Rap""
    ],
    ""IS_APPROVED"": true,
    ""MAIN_GENRE"": ""Rap""
  }
]",2025-04-10,2025-04-17,1,59505.46728721,10941
MRELGA7B79A4723744531AE99AFAFE6878D78,More Chaos,Ken Carson,"[
  {
    ""CLIENT_DOMAIN"": ""Luminate"",
    ""GENRES"": [
      ""R&B/Hip-Hop"",
      ""Rap""
    ],
    ""MAIN_GENRE"": ""R&B/Hip-Hop""
  },
  {
    ""CLIENT_DOMAIN"": ""Billboard"",
    ""GENRES"": [
      ""R&B/Hip-Hop"",
      ""Rap""
    ],
    ""IS_APPROVED"": true,
    ""MAIN_GENRE"": ""Rap""
  }
]",2025-04-10,2025-04-24,2,18073.47377486,859
MRELG923CC1F36A644C10956974B61B561875,GNX,Kendrick Lamar,"[
  {
    ""CLIENT_DOMAIN"": ""Luminate"",
    ""GENRES"": [
      ""Rap"",
      ""R&B/Hip-Hop""
    ],
    ""MAIN_GENRE"": ""Rap""
  },
  {
    ""CLIENT_DOMAIN"": ""Billboard"",
    ""GENRES"": [
      ""Rap"",
      ""R&B/Hip-Hop""
    ],
    ""IS_APPROVED"": true,
    ""MAIN_GENRE"": ""Rap""
  }
]",2024-11-21,2024-11-28,1,318575.23129890,32039
MRELG923CC1F36A644C10956974B61B561875,GNX,Kendrick Lamar,"[
  {
    ""CLIENT_DOMAIN"": ""Luminate"",
    ""GENRES"": [
      ""Rap"",
      ""R&B/Hip-Hop""
    ],
    ""MAIN_GENRE"": ""Rap""
  },
  {
    ""CLIENT_DOMAIN"": ""Billboard"",
    ""GENRES"": [
      ""Rap"",
      ""R&B/Hip-Hop""
    ],
    ""IS_APPROVED"": true,
    ""MAIN_GENRE"": ""Rap""
  }
]",2024-11-21,2024-12-05,2,164637.04862967,5212
MRELG022612560A674959A24939DC8B7AEC75,Mr. Morale & The Big Steppers,Kendrick Lamar,"[
  {
    ""CLIENT_DOMAIN"": ""Billboard"",
    ""GENRES"": [
      ""R&B/Hip-Hop"",
      ""Rap""
    ],
    ""IS_APPROVED"": true,
    ""MAIN_GENRE"": ""Rap""
  },
  {
    ""CLIENT_DOMAIN"": ""Luminate"",
    ""GENRES"": [
      ""Rap"",
      ""R&B/Hip-Hop""
    ],
    ""MAIN_GENRE"": ""Rap""
  }
]",2022-05-12,2022-05-19,1,300894.09623270,35499
MRELG022612560A674959A24939DC8B7AEC75,Mr. Morale & The Big Steppers,Kendrick Lamar,"[
  {
    ""CLIENT_DOMAIN"": ""Billboard"",
    ""GENRES"": [
      ""R&B/Hip-Hop"",
      ""Rap""
    ],
    ""IS_APPROVED"": true,
    ""MAIN_GENRE"": ""Rap""
  },
  {
    ""CLIENT_DOMAIN"": ""Luminate"",
    ""GENRES"": [
      ""Rap"",
      ""R&B/Hip-Hop""
    ],
    ""MAIN_GENRE"": ""Rap""
  }
]",2022-05-12,2022-05-26,2,95846.52312622,3227
MRELG03B03E1EE9174D7298C565481ED30B57,Not Like Us,Kendrick Lamar,"[
  {
    ""CLIENT_DOMAIN"": ""Billboard"",
    ""GENRES"": [
      ""Rap"",
      ""R&B/Hip-Hop""
    ],
    ""IS_APPROVED"": true,
    ""MAIN_GENRE"": ""Rap""
  },
  {
    ""CLIENT_DOMAIN"": ""Luminate"",
    ""GENRES"": [
      ""Rap"",
      ""R&B/Hip-Hop""
    ],
    ""MAIN_GENRE"": ""Rap""
  }
]",2024-05-03,2024-05-09,1,50662.70218698,312
MRELG03B03E1EE9174D7298C565481ED30B57,Not Like Us,Kendrick Lamar,"[
  {
    ""CLIENT_DOMAIN"": ""Billboard"",
    ""GENRES"": [
      ""Rap"",
      ""R&B/Hip-Hop""
    ],
    ""IS_APPROVED"": true,
    ""MAIN_GENRE"": ""Rap""
  },
  {
    ""CLIENT_DOMAIN"": ""Luminate"",
    ""GENRES"": [
      ""Rap"",
      ""R&B/Hip-Hop""
    ],
    ""MAIN_GENRE"": ""Rap""
  }
]",2024-05-03,2024-05-16,2,51973.82643778,198
MRELG61EF8984989B4756910C757E9D681587,.,Kesha,"[
  {
    ""CLIENT_DOMAIN"": ""Billboard"",
    ""GENRES"": [
      ""Dance/Electronic"",
      ""Pop""
    ],
    ""IS_APPROVED"": true,
    ""MAIN_GENRE"": ""Pop""
  },
  {
    ""CLIENT_DOMAIN"": ""Luminate"",
    ""GENRES"": [
      ""EDM"",
      ""Pop""
    ],
    ""MAIN_GENRE"": ""Pop""
  }
]",2025-07-04,2025-07-10,1,23039.80657095,15562
MRELG61EF8984989B4756910C757E9D681587,.,Kesha,"[
  {
    ""CLIENT_DOMAIN"": ""Billboard"",
    ""GENRES"": [
      ""Dance/Electronic"",
      ""Pop""
    ],
    ""IS_APPROVED"": true,
    ""MAIN_GENRE"": ""Pop""
  },
  {
    ""CLIENT_DOMAIN"": ""Luminate"",
    ""GENRES"": [
      ""EDM"",
      ""Pop""
    ],
    ""MAIN_GENRE"": ""Pop""
  }
]",2025-07-04,2025-07-17,2,7038.34991739,1841
MRELG9EADE5A142DC457F9890179E34117344,I'm Him,Kevin Gates,"[
  {
    ""CLIENT_DOMAIN"": ""Luminate"",
    ""GENRES"": [
      ""Rap"",
      ""R&B/Hip-Hop""
    ],
    ""MAIN_GENRE"": ""Rap""
  },
  {
    ""CLIENT_DOMAIN"": ""Billboard"",
    ""GENRES"": [
      ""R&B/Hip-Hop"",
      ""Rap""
    ],
    ""IS_APPROVED"": true,
    ""MAIN_GENRE"": ""Rap""
  }
]",2019-09-27,2019-10-03,1,77253.58021628,13919
MRELG9EADE5A142DC457F9890179E34117344,I'm Him,Kevin Gates,"[
  {
    ""CLIENT_DOMAIN"": ""Luminate"",
    ""GENRES"": [
      ""Rap"",
      ""R&B/Hip-Hop""
    ],
    ""MAIN_GENRE"": ""Rap""
  },
  {
    ""CLIENT_DOMAIN"": ""Billboard"",
    ""GENRES"": [
      ""R&B/Hip-Hop"",
      ""Rap""
    ],
    ""IS_APPROVED"": true,
    ""MAIN_GENRE"": ""Rap""
  }
]",2019-09-27,2019-10-10,2,39915.24007942,2607
MRELG69CAA9CC5433415085DA4942287FF176,Khaza,Kevin Gates,"[
  {
    ""CLIENT_DOMAIN"": ""Luminate"",
    ""GENRES"": [
      ""Rap"",
      ""R&B/Hip-Hop"",
      ""Others""
    ],
    ""MAIN_GENRE"": ""Rap""
  },
  {
    ""CLIENT_DOMAIN"": ""Billboard"",
    ""GENRES"": [
      ""R&B/Hip-Hop"",
      ""Rap""
    ],
    ""IS_APPROVED"": true,
    ""MAIN_GENRE"": ""Rap""
  }
]",2022-06-16,2022-06-23,1,37875.87529310,3289
MRELG69CAA9CC5433415085DA4942287FF176,Khaza,Kevin Gates,"[
  {
    ""CLIENT_DOMAIN"": ""Luminate"",
    ""GENRES"": [
      ""Rap"",
      ""R&B/Hip-Hop"",
      ""Others""
    ],
    ""MAIN_GENRE"": ""Rap""
  },
  {
    ""CLIENT_DOMAIN"": ""Billboard"",
    ""GENRES"": [
      ""R&B/Hip-Hop"",
      ""Rap""
    ],
    ""IS_APPROVED"": true,
    ""MAIN_GENRE"": ""Rap""
  }
]",2022-06-16,2022-06-30,2,19851.06908847,505
MRELG389F1FCE0EDD47DEAE8FC26BF58EEFB9,Only the Generals Gon Understand,Kevin Gates,"[
  {
    ""CLIENT_DOMAIN"": ""Billboard"",
    ""GENRES"": [
      ""Rap"",
      ""R&B/Hip-Hop""
    ],
    ""IS_APPROVED"": true,
    ""MAIN_GENRE"": ""Rap""
  },
  {
    ""CLIENT_DOMAIN"": ""Luminate"",
    ""GENRES"": [
      ""Rap"",
      ""R&B/Hip-Hop""
    ],
    ""MAIN_GENRE"": ""Rap""
  }
]",2019-05-30,2019-06-06,1,22989.98578203,6975
MRELG389F1FCE0EDD47DEAE8FC26BF58EEFB9,Only the Generals Gon Understand,Kevin Gates,"[
  {
    ""CLIENT_DOMAIN"": ""Billboard"",
    ""GENRES"": [
      ""Rap"",
      ""R&B/Hip-Hop""
    ],
    ""IS_APPROVED"": true,
    ""MAIN_GENRE"": ""Rap""
  },
  {
    ""CLIENT_DOMAIN"": ""Luminate"",
    ""GENRES"": [
      ""Rap"",
      ""R&B/Hip-Hop""
    ],
    ""MAIN_GENRE"": ""Rap""
  }
]",2019-05-30,2019-06-13,2,13052.06963117,2236
MRELGEB38B619CE634E8393FF8E3B731A7DE2,Glockaveli,Key Glock,"[
  {
    ""CLIENT_DOMAIN"": ""Billboard"",
    ""GENRES"": [
      ""Rap"",
      ""R&B/Hip-Hop""
    ],
    ""IS_APPROVED"": true,
    ""MAIN_GENRE"": ""Rap""
  },
  {
    ""CLIENT_DOMAIN"": ""Luminate"",
    ""GENRES"": [
      ""Rap"",
      ""R&B/Hip-Hop""
    ],
    ""MAIN_GENRE"": ""Rap""
  }
]",2025-05-02,2025-05-08,1,34301.90263334,6137
MRELGEB38B619CE634E8393FF8E3B731A7DE2,Glockaveli,Key Glock,"[
  {
    ""CLIENT_DOMAIN"": ""Billboard"",
    ""GENRES"": [
      ""Rap"",
      ""R&B/Hip-Hop""
    ],
    ""IS_APPROVED"": true,
    ""MAIN_GENRE"": ""Rap""
  },
  {
    ""CLIENT_DOMAIN"": ""Luminate"",
    ""GENRES"": [
      ""Rap"",
      ""R&B/Hip-Hop""
    ],
    ""MAIN_GENRE"": ""Rap""
  }
]",2025-05-02,2025-05-15,2,19831.47371014,771
MRELGE556F55F98104B909BACF83A577D07C2,A LA SALA,Khruangbin,"[
  {
    ""CLIENT_DOMAIN"": ""Luminate"",
    ""GENRES"": [
      ""Indie Rock"",
      ""Rock""
    ],
    ""MAIN_GENRE"": ""Rock""
  },
  {
    ""CLIENT_DOMAIN"": ""Billboard"",
    ""GENRES"": [
      ""Rock"",
      ""Alt. Rock""
    ],
    ""IS_APPROVED"": true,
    ""MAIN_GENRE"": ""Alt. Rock""
  }
]",2024-04-05,2024-04-11,1,22628.29407022,16152
MRELGE556F55F98104B909BACF83A577D07C2,A LA SALA,Khruangbin,"[
  {
    ""CLIENT_DOMAIN"": ""Luminate"",
    ""GENRES"": [
      ""Indie Rock"",
      ""Rock""
    ],
    ""MAIN_GENRE"": ""Rock""
  },
  {
    ""CLIENT_DOMAIN"": ""Billboard"",
    ""GENRES"": [
      ""Rock"",
      ""Alt. Rock""
    ],
    ""IS_APPROVED"": true,
    ""MAIN_GENRE"": ""Alt. Rock""
  }
]",2024-04-05,2024-04-18,2,7200.69338967,3484
MRELGB924AB26080B452785363995ECB00267,Texas Moon,Khruangbin & Leon Bridges,"[
  {
    ""CLIENT_DOMAIN"": ""Billboard"",
    ""GENRES"": [
      ""R&B/Hip-Hop"",
      ""Folk"",
      ""Rock"",
      ""Alt. Rock"",
      ""R&B""
    ],
    ""IS_APPROVED"": true,
    ""MAIN_GENRE"": ""Alt. Rock""
  },
  {
    ""CLIENT_DOMAIN"": ""Luminate"",
    ""GENRES"": [
      ""Rock"",
      ""R&B/Hip-Hop"",
      ""Folk""
    ],
    ""MAIN_GENRE"": ""Rock""
  }
]",2022-02-18,2022-02-24,1,19045.89876040,16386
MRELGB924AB26080B452785363995ECB00267,Texas Moon,Khruangbin & Leon Bridges,"[
  {
    ""CLIENT_DOMAIN"": ""Billboard"",
    ""GENRES"": [
      ""R&B/Hip-Hop"",
      ""Folk"",
      ""Rock"",
      ""Alt. Rock"",
      ""R&B""
    ],
    ""IS_APPROVED"": true,
    ""MAIN_GENRE"": ""Alt. Rock""
  },
  {
    ""CLIENT_DOMAIN"": ""Luminate"",
    ""GENRES"": [
      ""Rock"",
      ""R&B/Hip-Hop"",
      ""Folk""
    ],
    ""MAIN_GENRE"": ""Rock""
  }
]",2022-02-18,2022-03-03,2,5622.95178143,4199
MRELG076A6AD2C66D42F3B9CAEE33CEABE058,Texas Sun - EP,Khruangbin & Leon Bridges,"[
  {
    ""CLIENT_DOMAIN"": ""Luminate"",
    ""GENRES"": [
      ""Rock"",
      ""R&B/Hip-Hop"",
      ""Folk""
    ],
    ""MAIN_GENRE"": ""Rock""
  },
  {
    ""CLIENT_DOMAIN"": ""Billboard"",
    ""GENRES"": [
      ""Alt. Rock"",
      ""Rock"",
      ""Folk"",
      ""R&B"",
      ""R&B/Hip-Hop""
    ],
    ""IS_APPROVED"": true,
    ""MAIN_GENRE"": ""Alt. Rock""
  }
]",2020-02-07,2020-02-13,1,12386.23506834,10380
MRELG076A6AD2C66D42F3B9CAEE33CEABE058,Texas Sun - EP,Khruangbin & Leon Bridges,"[
  {
    ""CLIENT_DOMAIN"": ""Luminate"",
    ""GENRES"": [
      ""Rock"",
      ""R&B/Hip-Hop"",
      ""Folk""
    ],
    ""MAIN_GENRE"": ""Rock""
  },
  {
    ""CLIENT_DOMAIN"": ""Billboard"",
    ""GENRES"": [
      ""Alt. Rock"",
      ""Rock"",
      ""Folk"",
      ""R&B"",
      ""R&B/Hip-Hop""
    ],
    ""IS_APPROVED"": true,
    ""MAIN_GENRE"": ""Alt. Rock""
  }
]",2020-02-07,2020-02-20,2,4694.40057526,3371
MRELG9D4C3D56940944E7A68261CBBFC05354,INSANO,Kid Cudi,"[
  {
    ""CLIENT_DOMAIN"": ""Luminate"",
    ""GENRES"": [
      ""Rap"",
      ""R&B/Hip-Hop""
    ],
    ""MAIN_GENRE"": ""Rap""
  },
  {
    ""CLIENT_DOMAIN"": ""Billboard"",
    ""GENRES"": [
      ""R&B/Hip-Hop"",
      ""Rap""
    ],
    ""IS_APPROVED"": true,
    ""MAIN_GENRE"": ""Rap""
  }
]",2024-01-12,2024-01-18,1,36703.20263299,9311
MRELG9D4C3D56940944E7A68261CBBFC05354,INSANO,Kid Cudi,"[
  {
    ""CLIENT_DOMAIN"": ""Luminate"",
    ""GENRES"": [
      ""Rap"",
      ""R&B/Hip-Hop""
    ],
    ""MAIN_GENRE"": ""Rap""
  },
  {
    ""CLIENT_DOMAIN"": ""Billboard"",
    ""GENRES"": [
      ""R&B/Hip-Hop"",
      ""Rap""
    ],
    ""IS_APPROVED"": true,
    ""MAIN_GENRE"": ""Rap""
  }
]",2024-01-12,2024-01-25,2,14465.97273163,1691
MRELGA876B7D301F941EEB3D8899256F67AE8,MICHAEL,Killer Mike,"[
  {
    ""CLIENT_DOMAIN"": ""Luminate"",
    ""GENRES"": [
      ""Rap"",
      ""R&B/Hip-Hop""
    ],
    ""MAIN_GENRE"": ""Rap""
  },
  {
    ""CLIENT_DOMAIN"": ""Billboard"",
    ""GENRES"": [
      ""Rap"",
      ""R&B/Hip-Hop""
    ],
    ""IS_APPROVED"": true,
    ""MAIN_GENRE"": ""Rap""
  }
]",2023-06-16,2023-06-22,1,14238.39954818,3718
MRELGA876B7D301F941EEB3D8899256F67AE8,MICHAEL,Killer Mike,"[
  {
    ""CLIENT_DOMAIN"": ""Luminate"",
    ""GENRES"": [
      ""Rap"",
      ""R&B/Hip-Hop""
    ],
    ""MAIN_GENRE"": ""Rap""
  },
  {
    ""CLIENT_DOMAIN"": ""Billboard"",
    ""GENRES"": [
      ""Rap"",
      ""R&B/Hip-Hop""
    ],
    ""IS_APPROVED"": true,
    ""MAIN_GENRE"": ""Rap""
  }
]",2023-06-16,2023-06-29,2,7319.34662949,973
MRELGBDDAE16944DD4AEAA3A0EE5EB329E292,Unholy,"Kim Petras, Sam Smith","[
  {
    ""CLIENT_DOMAIN"": ""Luminate"",
    ""GENRES"": [
      ""Indie Rock"",
      ""EDM"",
      ""Pop""
    ],
    ""MAIN_GENRE"": ""Pop""
  },
  {
    ""CLIENT_DOMAIN"": ""Billboard"",
    ""GENRES"": [
      ""Pop""
    ],
    ""IS_APPROVED"": true,
    ""MAIN_GENRE"": ""Pop""
  }
]",2022-09-22,2022-09-29,1,18409.83404970,94
MRELGBDDAE16944DD4AEAA3A0EE5EB329E292,Unholy,"Kim Petras, Sam Smith","[
  {
    ""CLIENT_DOMAIN"": ""Luminate"",
    ""GENRES"": [
      ""Indie Rock"",
      ""EDM"",
      ""Pop""
    ],
    ""MAIN_GENRE"": ""Pop""
  },
  {
    ""CLIENT_DOMAIN"": ""Billboard"",
    ""GENRES"": [
      ""Pop""
    ],
    ""IS_APPROVED"": true,
    ""MAIN_GENRE"": ""Pop""
  }
]",2022-09-22,2022-10-06,2,17494.21459893,45
MRELG91D90BEBB62B4B5A8EE3EBC8E8EB1E7D,Can We Please Have Fun,Kings of Leon,"[
  {
    ""CLIENT_DOMAIN"": ""Billboard"",
    ""GENRES"": [
      ""Rock"",
      ""Alt. Rock""
    ],
    ""IS_APPROVED"": true,
    ""MAIN_GENRE"": ""Alt. Rock""
  },
  {
    ""CLIENT_DOMAIN"": ""Luminate"",
    ""GENRES"": [
      ""Rock""
    ],
    ""MAIN_GENRE"": ""Rock""
  }
]",2024-05-09,2024-05-16,1,20314.80944212,15449
MRELG91D90BEBB62B4B5A8EE3EBC8E8EB1E7D,Can We Please Have Fun,Kings of Leon,"[
  {
    ""CLIENT_DOMAIN"": ""Billboard"",
    ""GENRES"": [
      ""Rock"",
      ""Alt. Rock""
    ],
    ""IS_APPROVED"": true,
    ""MAIN_GENRE"": ""Alt. Rock""
  },
  {
    ""CLIENT_DOMAIN"": ""Luminate"",
    ""GENRES"": [
      ""Rock""
    ],
    ""MAIN_GENRE"": ""Rock""
  }
]",2024-05-09,2024-05-23,2,3592.24085360,1477
MRELG549EBC341CDA4A2DB92C3B193920DF1C,DYING TO LIVE,Kodak Black,"[
  {
    ""CLIENT_DOMAIN"": ""Billboard"",
    ""GENRES"": [
      ""Rap"",
      ""R&B/Hip-Hop""
    ],
    ""IS_APPROVED"": true,
    ""MAIN_GENRE"": ""Rap""
  },
  {
    ""CLIENT_DOMAIN"": ""Luminate"",
    ""GENRES"": [
      ""Rap"",
      ""R&B/Hip-Hop""
    ],
    ""MAIN_GENRE"": ""Rap""
  }
]",2018-12-13,2018-12-20,1,96078.99701053,4927
MRELG549EBC341CDA4A2DB92C3B193920DF1C,DYING TO LIVE,Kodak Black,"[
  {
    ""CLIENT_DOMAIN"": ""Billboard"",
    ""GENRES"": [
      ""Rap"",
      ""R&B/Hip-Hop""
    ],
    ""IS_APPROVED"": true,
    ""MAIN_GENRE"": ""Rap""
  },
  {
    ""CLIENT_DOMAIN"": ""Luminate"",
    ""GENRES"": [
      ""Rap"",
      ""R&B/Hip-Hop""
    ],
    ""MAIN_GENRE"": ""Rap""
  }
]",2018-12-13,2018-12-27,2,58163.56469590,1829
MRELGD5333FEFDCFF49EFA2D42EAC0D752B20,Haitian Boy Kodak,Kodak Black,"[
  {
    ""CLIENT_DOMAIN"": ""Luminate"",
    ""GENRES"": [
      ""Rap"",
      ""R&B/Hip-Hop""
    ],
    ""MAIN_GENRE"": ""Rap""
  },
  {
    ""CLIENT_DOMAIN"": ""Billboard"",
    ""GENRES"": [
      ""Rap"",
      ""R&B/Hip-Hop""
    ],
    ""IS_APPROVED"": true,
    ""MAIN_GENRE"": ""Rap""
  }
]",2021-05-13,2021-05-20,1,20599.18497639,624
MRELGD5333FEFDCFF49EFA2D42EAC0D752B20,Haitian Boy Kodak,Kodak Black,"[
  {
    ""CLIENT_DOMAIN"": ""Luminate"",
    ""GENRES"": [
      ""Rap"",
      ""R&B/Hip-Hop""
    ],
    ""MAIN_GENRE"": ""Rap""
  },
  {
    ""CLIENT_DOMAIN"": ""Billboard"",
    ""GENRES"": [
      ""Rap"",
      ""R&B/Hip-Hop""
    ],
    ""IS_APPROVED"": true,
    ""MAIN_GENRE"": ""Rap""
  }
]",2021-05-13,2021-05-27,2,10274.14619990,84
MRELGD30F5283E59140B9A98B62DEEB947B3B,9 LIVES,Koe Wetzel,"[
  {
    ""CLIENT_DOMAIN"": ""Luminate"",
    ""GENRES"": [
      ""Country & Folk"",
      ""Rock"",
      ""Alternative"",
      ""Country"",
      ""Folk""
    ],
    ""MAIN_GENRE"": ""Folk""
  },
  {
    ""CLIENT_DOMAIN"": ""Billboard"",
    ""GENRES"": [
      ""Country"",
      ""Rock"",
      ""Folk""
    ],
    ""IS_APPROVED"": true,
    ""MAIN_GENRE"": ""Folk""
  }
]",2024-07-19,2024-07-25,1,35907.17598157,8970
MRELGD30F5283E59140B9A98B62DEEB947B3B,9 LIVES,Koe Wetzel,"[
  {
    ""CLIENT_DOMAIN"": ""Luminate"",
    ""GENRES"": [
      ""Country & Folk"",
      ""Rock"",
      ""Alternative"",
      ""Country"",
      ""Folk""
    ],
    ""MAIN_GENRE"": ""Folk""
  },
  {
    ""CLIENT_DOMAIN"": ""Billboard"",
    ""GENRES"": [
      ""Country"",
      ""Rock"",
      ""Folk""
    ],
    ""IS_APPROVED"": true,
    ""MAIN_GENRE"": ""Folk""
  }
]",2024-07-19,2024-08-01,2,19723.15203840,453
MRELG158BC70A63994B7CA55D362613FCF982,DISCO,Kylie Minogue,"[
  {
    ""CLIENT_DOMAIN"": ""Luminate"",
    ""GENRES"": [
      ""EDM"",
      ""Pop""
    ],
    ""MAIN_GENRE"": ""EDM""
  },
  {
    ""CLIENT_DOMAIN"": ""Billboard"",
    ""GENRES"": [
      ""Pop"",
      ""Dance/Electronic""
    ],
    ""IS_APPROVED"": false,
    ""MAIN_GENRE"": ""Dance/Electronic""
  }
]",2020-11-06,2020-11-12,1,18684.00809669,15074
MRELG158BC70A63994B7CA55D362613FCF982,DISCO,Kylie Minogue,"[
  {
    ""CLIENT_DOMAIN"": ""Luminate"",
    ""GENRES"": [
      ""EDM"",
      ""Pop""
    ],
    ""MAIN_GENRE"": ""EDM""
  },
  {
    ""CLIENT_DOMAIN"": ""Billboard"",
    ""GENRES"": [
      ""Pop"",
      ""Dance/Electronic""
    ],
    ""IS_APPROVED"": false,
    ""MAIN_GENRE"": ""Dance/Electronic""
  }
]",2020-11-06,2020-11-19,2,5602.95256207,3643
MRELG888429183A494C53A0E00D9AFC261EF8,TENSION,Kylie Minogue,"[
  {
    ""CLIENT_DOMAIN"": ""Billboard"",
    ""GENRES"": [
      ""Pop"",
      ""Dance/Electronic""
    ],
    ""IS_APPROVED"": true,
    ""MAIN_GENRE"": ""Dance/Electronic""
  },
  {
    ""CLIENT_DOMAIN"": ""Luminate"",
    ""GENRES"": [
      ""EDM"",
      ""Pop""
    ],
    ""MAIN_GENRE"": ""EDM""
  }
]",2023-09-22,2023-09-28,1,24436.35396331,19453
MRELG888429183A494C53A0E00D9AFC261EF8,TENSION,Kylie Minogue,"[
  {
    ""CLIENT_DOMAIN"": ""Billboard"",
    ""GENRES"": [
      ""Pop"",
      ""Dance/Electronic""
    ],
    ""IS_APPROVED"": true,
    ""MAIN_GENRE"": ""Dance/Electronic""
  },
  {
    ""CLIENT_DOMAIN"": ""Luminate"",
    ""GENRES"": [
      ""EDM"",
      ""Pop""
    ],
    ""MAIN_GENRE"": ""EDM""
  }
]",2023-09-22,2023-10-05,2,5637.35401283,2951
MRELG8DA12D07FC264E2BB96A522B86168D5E,Tension II,Kylie Minogue,"[
  {
    ""CLIENT_DOMAIN"": ""Luminate"",
    ""GENRES"": [
      ""EDM"",
      ""Pop""
    ],
    ""MAIN_GENRE"": ""EDM""
  },
  {
    ""CLIENT_DOMAIN"": ""Billboard"",
    ""GENRES"": [
      ""Pop"",
      ""Dance/Electronic""
    ],
    ""IS_APPROVED"": true,
    ""MAIN_GENRE"": ""Dance/Electronic""
  }
]",2024-10-18,2024-10-24,1,11666.21919454,8978
MRELG8DA12D07FC264E2BB96A522B86168D5E,Tension II,Kylie Minogue,"[
  {
    ""CLIENT_DOMAIN"": ""Luminate"",
    ""GENRES"": [
      ""EDM"",
      ""Pop""
    ],
    ""MAIN_GENRE"": ""EDM""
  },
  {
    ""CLIENT_DOMAIN"": ""Billboard"",
    ""GENRES"": [
      ""Pop"",
      ""Dance/Electronic""
    ],
    ""IS_APPROVED"": true,
    ""MAIN_GENRE"": ""Dance/Electronic""
  }
]",2024-10-18,2024-10-31,2,4700.57019516,3318
MRELG831CB3C585F347AD90BB5E8E84D09BD0,Norman Fucking Rockwell!,LANA DEL REY,"[
  {
    ""CLIENT_DOMAIN"": ""Luminate"",
    ""GENRES"": [
      ""Rock"",
      ""Alternative"",
      ""Pop""
    ],
    ""MAIN_GENRE"": ""Pop""
  },
  {
    ""CLIENT_DOMAIN"": ""Billboard"",
    ""GENRES"": [
      ""Alt. Rock"",
      ""Pop""
    ],
    ""IS_APPROVED"": true,
    ""MAIN_GENRE"": ""Pop""
  }
]",2019-08-30,2019-09-05,1,99639.96777073,62630
MRELG831CB3C585F347AD90BB5E8E84D09BD0,Norman Fucking Rockwell!,LANA DEL REY,"[
  {
    ""CLIENT_DOMAIN"": ""Luminate"",
    ""GENRES"": [
      ""Rock"",
      ""Alternative"",
      ""Pop""
    ],
    ""MAIN_GENRE"": ""Pop""
  },
  {
    ""CLIENT_DOMAIN"": ""Billboard"",
    ""GENRES"": [
      ""Alt. Rock"",
      ""Pop""
    ],
    ""IS_APPROVED"": true,
    ""MAIN_GENRE"": ""Pop""
  }
]",2019-08-30,2019-09-12,2,33795.41304079,13198
MRELG3D33FEACE62A4EC9BA096FFB9D35EAB2,mama's boy,LANY,"[
  {
    ""CLIENT_DOMAIN"": ""Luminate"",
    ""GENRES"": [
      ""Indie Rock"",
      ""Rock"",
      ""Pop""
    ],
    ""MAIN_GENRE"": ""Pop""
  },
  {
    ""CLIENT_DOMAIN"": ""Billboard"",
    ""GENRES"": [
      ""Alt. Rock"",
      ""Pop""
    ],
    ""IS_APPROVED"": true,
    ""MAIN_GENRE"": ""Pop""
  }
]",2020-10-02,2020-10-08,1,54578.39603236,45618
MRELG3D33FEACE62A4EC9BA096FFB9D35EAB2,mama's boy,LANY,"[
  {
    ""CLIENT_DOMAIN"": ""Luminate"",
    ""GENRES"": [
      ""Indie Rock"",
      ""Rock"",
      ""Pop""
    ],
    ""MAIN_GENRE"": ""Pop""
  },
  {
    ""CLIENT_DOMAIN"": ""Billboard"",
    ""GENRES"": [
      ""Alt. Rock"",
      ""Pop""
    ],
    ""IS_APPROVED"": true,
    ""MAIN_GENRE"": ""Pop""
  }
]",2020-10-02,2020-10-15,2,4856.98601360,467
MRELG1A4F91FF7446409BB775A65343430E7C,LAUREN DAIGLE,LAUREN DAIGLE,"[
  {
    ""CLIENT_DOMAIN"": ""Luminate"",
    ""GENRES"": [
      ""Christian"",
      ""Religious""
    ],
    ""MAIN_GENRE"": ""Christian""
  },
  {
    ""CLIENT_DOMAIN"": ""Billboard"",
    ""GENRES"": [
      ""Christian/Gospel"",
      ""Christian""
    ],
    ""IS_APPROVED"": true,
    ""MAIN_GENRE"": ""Christian""
  }
]",2023-05-12,2023-05-18,1,24773.12293065,20093
MRELG1A4F91FF7446409BB775A65343430E7C,LAUREN DAIGLE,LAUREN DAIGLE,"[
  {
    ""CLIENT_DOMAIN"": ""Luminate"",
    ""GENRES"": [
      ""Christian"",
      ""Religious""
    ],
    ""MAIN_GENRE"": ""Christian""
  },
  {
    ""CLIENT_DOMAIN"": ""Billboard"",
    ""GENRES"": [
      ""Christian/Gospel"",
      ""Christian""
    ],
    ""IS_APPROVED"": true,
    ""MAIN_GENRE"": ""Christian""
  }
]",2023-05-12,2023-05-25,2,6784.25895958,3313
MRELG20C32CEED2944D2BB0DD90D90A48A489,LOOK UP CHILD,LAUREN DAIGLE,"[
  {
    ""CLIENT_DOMAIN"": ""Luminate"",
    ""GENRES"": [
      ""Christian"",
      ""Religious""
    ],
    ""MAIN_GENRE"": ""Christian""
  },
  {
    ""CLIENT_DOMAIN"": ""Billboard"",
    ""GENRES"": [
      ""Christian"",
      ""Christian/Gospel""
    ],
    ""IS_APPROVED"": true,
    ""MAIN_GENRE"": ""Christian""
  }
]",2018-09-07,2018-09-13,1,115057.78749888,102530
MRELG20C32CEED2944D2BB0DD90D90A48A489,LOOK UP CHILD,LAUREN DAIGLE,"[
  {
    ""CLIENT_DOMAIN"": ""Luminate"",
    ""GENRES"": [
      ""Christian"",
      ""Religious""
    ],
    ""MAIN_GENRE"": ""Christian""
  },
  {
    ""CLIENT_DOMAIN"": ""Billboard"",
    ""GENRES"": [
      ""Christian"",
      ""Christian/Gospel""
    ],
    ""IS_APPROVED"": true,
    ""MAIN_GENRE"": ""Christian""
  }
]",2018-09-07,2018-09-20,2,29177.84076132,19329
MRELG4B47A0199B0F4F5CBAD6444695DF7B8A,CRAZY (Party Remixes 2),LE SSERAFIM,"[
  {
    ""CLIENT_DOMAIN"": ""Luminate"",
    ""GENRES"": [
      ""K-Pop""
    ],
    ""MAIN_GENRE"": ""K-Pop""
  },
  {
    ""CLIENT_DOMAIN"": ""Billboard"",
    ""GENRES"": [
      ""K-Pop"",
      ""World Music""
    ],
    ""IS_APPROVED"": true,
    ""MAIN_GENRE"": ""K-Pop""
  }
]",2024-08-30,2024-09-05,1,45196.07360084,36489
MRELG4B47A0199B0F4F5CBAD6444695DF7B8A,CRAZY (Party Remixes 2),LE SSERAFIM,"[
  {
    ""CLIENT_DOMAIN"": ""Luminate"",
    ""GENRES"": [
      ""K-Pop""
    ],
    ""MAIN_GENRE"": ""K-Pop""
  },
  {
    ""CLIENT_DOMAIN"": ""Billboard"",
    ""GENRES"": [
      ""K-Pop"",
      ""World Music""
    ],
    ""IS_APPROVED"": true,
    ""MAIN_GENRE"": ""K-Pop""
  }
]",2024-08-30,2024-09-12,2,16536.45998956,10959
MRELG51212BD4803443E6964D61B7C2EF589C,HOT,LE SSERAFIM,"[
  {
    ""CLIENT_DOMAIN"": ""Billboard"",
    ""GENRES"": [
      ""World Music"",
      ""K-Pop""
    ],
    ""IS_APPROVED"": true,
    ""MAIN_GENRE"": ""K-Pop""
  },
  {
    ""CLIENT_DOMAIN"": ""Luminate"",
    ""GENRES"": [
      ""K-Pop"",
      ""Pop""
    ],
    ""MAIN_GENRE"": ""K-Pop""
  }
]",2025-03-14,2025-03-20,1,55221.11499581,48285
MRELG51212BD4803443E6964D61B7C2EF589C,HOT,LE SSERAFIM,"[
  {
    ""CLIENT_DOMAIN"": ""Billboard"",
    ""GENRES"": [
      ""World Music"",
      ""K-Pop""
    ],
    ""IS_APPROVED"": true,
    ""MAIN_GENRE"": ""K-Pop""
  },
  {
    ""CLIENT_DOMAIN"": ""Luminate"",
    ""GENRES"": [
      ""K-Pop"",
      ""Pop""
    ],
    ""MAIN_GENRE"": ""K-Pop""
  }
]",2025-03-14,2025-03-27,2,12123.17394694,8038
MRELGA6096E026B7649B8AC2995691A881F94,Raise Vibration,LENNY KRAVITZ,"[
  {
    ""CLIENT_DOMAIN"": ""Billboard"",
    ""GENRES"": [
      ""Rock""
    ],
    ""IS_APPROVED"": true,
    ""MAIN_GENRE"": ""Rock""
  },
  {
    ""CLIENT_DOMAIN"": ""Luminate"",
    ""GENRES"": [
      ""Rock"",
      ""R&B/Hip-Hop""
    ],
    ""MAIN_GENRE"": ""Rock""
  }
]",2018-09-07,2018-09-13,1,12697.40459312,11663
MRELGA6096E026B7649B8AC2995691A881F94,Raise Vibration,LENNY KRAVITZ,"[
  {
    ""CLIENT_DOMAIN"": ""Billboard"",
    ""GENRES"": [
      ""Rock""
    ],
    ""IS_APPROVED"": true,
    ""MAIN_GENRE"": ""Rock""
  },
  {
    ""CLIENT_DOMAIN"": ""Luminate"",
    ""GENRES"": [
      ""Rock"",
      ""R&B/Hip-Hop""
    ],
    ""MAIN_GENRE"": ""Rock""
  }
]",2018-09-07,2018-09-20,2,2712.42347395,2254
MRELG1CD0910005FF40EF995D661B1B7F4F61,Drip Harder,LIL BABY & GUNNA,"[
  {
    ""CLIENT_DOMAIN"": ""Luminate"",
    ""GENRES"": [
      ""Rap"",
      ""R&B/Hip-Hop""
    ],
    ""MAIN_GENRE"": ""Rap""
  },
  {
    ""CLIENT_DOMAIN"": ""Billboard"",
    ""GENRES"": [
      ""Rap"",
      ""R&B/Hip-Hop""
    ],
    ""IS_APPROVED"": true,
    ""MAIN_GENRE"": ""Rap""
  }
]",2018-10-04,2018-10-11,1,137308.55043090,6228
MRELG1CD0910005FF40EF995D661B1B7F4F61,Drip Harder,LIL BABY & GUNNA,"[
  {
    ""CLIENT_DOMAIN"": ""Luminate"",
    ""GENRES"": [
      ""Rap"",
      ""R&B/Hip-Hop""
    ],
    ""MAIN_GENRE"": ""Rap""
  },
  {
    ""CLIENT_DOMAIN"": ""Billboard"",
    ""GENRES"": [
      ""Rap"",
      ""R&B/Hip-Hop""
    ],
    ""IS_APPROVED"": true,
    ""MAIN_GENRE"": ""Rap""
  }
]",2018-10-04,2018-10-18,2,77991.93885025,1121
MRELGE9A5FD2EA3C844F294DE9E78ED995642,PENITH (THE DAVE SOUNDTRACK),LIL DICKY,"[
  {
    ""CLIENT_DOMAIN"": ""Billboard"",
    ""GENRES"": [
      ""R&B/Hip-Hop"",
      ""Rap"",
      ""Soundtrack"",
      ""Comedy""
    ],
    ""IS_APPROVED"": true,
    ""MAIN_GENRE"": ""Comedy""
  },
  {
    ""CLIENT_DOMAIN"": ""Luminate"",
    ""GENRES"": [
      ""Soundtrack"",
      ""Comedy"",
      ""Rap"",
      ""R&B/Hip-Hop"",
      ""Others""
    ],
    ""MAIN_GENRE"": ""Rap""
  }
]",2024-01-18,2024-01-25,1,14865.31538323,4922
MRELGE9A5FD2EA3C844F294DE9E78ED995642,PENITH (THE DAVE SOUNDTRACK),LIL DICKY,"[
  {
    ""CLIENT_DOMAIN"": ""Billboard"",
    ""GENRES"": [
      ""R&B/Hip-Hop"",
      ""Rap"",
      ""Soundtrack"",
      ""Comedy""
    ],
    ""IS_APPROVED"": true,
    ""MAIN_GENRE"": ""Comedy""
  },
  {
    ""CLIENT_DOMAIN"": ""Luminate"",
    ""GENRES"": [
      ""Soundtrack"",
      ""Comedy"",
      ""Rap"",
      ""R&B/Hip-Hop"",
      ""Others""
    ],
    ""MAIN_GENRE"": ""Rap""
  }
]",2024-01-18,2024-02-01,2,3952.89318728,327
MRELGF5E4EA14AAC049B39414EE640C87C667,ALMOST HEALED,LIL DURK,"[
  {
    ""CLIENT_DOMAIN"": ""Luminate"",
    ""GENRES"": [
      ""Rap"",
      ""R&B/Hip-Hop""
    ],
    ""MAIN_GENRE"": ""Rap""
  },
  {
    ""CLIENT_DOMAIN"": ""Billboard"",
    ""GENRES"": [
      ""Rap"",
      ""R&B/Hip-Hop""
    ],
    ""IS_APPROVED"": true,
    ""MAIN_GENRE"": ""Rap""
  }
]",2023-05-12,2023-05-18,1,20999.25533117,0
MRELGF5E4EA14AAC049B39414EE640C87C667,ALMOST HEALED,LIL DURK,"[
  {
    ""CLIENT_DOMAIN"": ""Luminate"",
    ""GENRES"": [
      ""Rap"",
      ""R&B/Hip-Hop""
    ],
    ""MAIN_GENRE"": ""Rap""
  },
  {
    ""CLIENT_DOMAIN"": ""Billboard"",
    ""GENRES"": [
      ""Rap"",
      ""R&B/Hip-Hop""
    ],
    ""IS_APPROVED"": true,
    ""MAIN_GENRE"": ""Rap""
  }
]",2023-05-12,2023-05-25,2,17701.46912646,0
MRELGA2AC5F62E9144576A921B6803856FEE9,MONTERO (CALL ME BY YOUR NAME),LIL NAS X,"[
  {
    ""CLIENT_DOMAIN"": ""Luminate"",
    ""GENRES"": [
      ""Rap"",
      ""R&B/Hip-Hop"",
      ""Pop""
    ],
    ""MAIN_GENRE"": ""Pop""
  },
  {
    ""CLIENT_DOMAIN"": ""Billboard"",
    ""GENRES"": [
      ""R&B/Hip-Hop"",
      ""Pop"",
      ""Rap""
    ],
    ""IS_APPROVED"": false,
    ""MAIN_GENRE"": ""Pop""
  }
]",2021-03-26,2021-04-01,1,27120.31189224,315
MRELGA2AC5F62E9144576A921B6803856FEE9,MONTERO (CALL ME BY YOUR NAME),LIL NAS X,"[
  {
    ""CLIENT_DOMAIN"": ""Luminate"",
    ""GENRES"": [
      ""Rap"",
      ""R&B/Hip-Hop"",
      ""Pop""
    ],
    ""MAIN_GENRE"": ""Pop""
  },
  {
    ""CLIENT_DOMAIN"": ""Billboard"",
    ""GENRES"": [
      ""R&B/Hip-Hop"",
      ""Pop"",
      ""Rap""
    ],
    ""IS_APPROVED"": false,
    ""MAIN_GENRE"": ""Pop""
  }
]",2021-03-26,2021-04-08,2,25038.09228707,150
MRELG28EBB9DE73B84F5C83A14850D569A2DC,OLD TOWN ROAD,LIL NAS X,"[
  {
    ""CLIENT_DOMAIN"": ""Luminate"",
    ""GENRES"": [
      ""EDM"",
      ""Rap"",
      ""R&B/Hip-Hop""
    ],
    ""MAIN_GENRE"": ""Rap""
  },
  {
    ""CLIENT_DOMAIN"": ""Billboard"",
    ""GENRES"": [
      ""Rap"",
      ""R&B/Hip-Hop""
    ],
    ""IS_APPROVED"": true,
    ""MAIN_GENRE"": ""Rap""
  }
]",2019-03-14,2019-03-21,1,12219.61501865,6
MRELG28EBB9DE73B84F5C83A14850D569A2DC,OLD TOWN ROAD,LIL NAS X,"[
  {
    ""CLIENT_DOMAIN"": ""Luminate"",
    ""GENRES"": [
      ""EDM"",
      ""Rap"",
      ""R&B/Hip-Hop""
    ],
    ""MAIN_GENRE"": ""Rap""
  },
  {
    ""CLIENT_DOMAIN"": ""Billboard"",
    ""GENRES"": [
      ""Rap"",
      ""R&B/Hip-Hop""
    ],
    ""IS_APPROVED"": true,
    ""MAIN_GENRE"": ""Rap""
  }
]",2019-03-14,2019-03-28,2,17805.38827150,25
MRELG10E0A86FE7354F7DA6F64EC00E719360,PANINI,LIL NAS X,"[
  {
    ""CLIENT_DOMAIN"": ""Billboard"",
    ""GENRES"": [
      ""Rap"",
      ""R&B/Hip-Hop""
    ],
    ""IS_APPROVED"": true,
    ""MAIN_GENRE"": ""Rap""
  },
  {
    ""CLIENT_DOMAIN"": ""Luminate"",
    ""GENRES"": [
      ""Rock"",
      ""Rap"",
      ""R&B/Hip-Hop""
    ],
    ""MAIN_GENRE"": ""Rap""
  }
]",2019-06-20,2019-06-27,1,19480.91305201,18
MRELG10E0A86FE7354F7DA6F64EC00E719360,PANINI,LIL NAS X,"[
  {
    ""CLIENT_DOMAIN"": ""Billboard"",
    ""GENRES"": [
      ""Rap"",
      ""R&B/Hip-Hop""
    ],
    ""IS_APPROVED"": true,
    ""MAIN_GENRE"": ""Rap""
  },
  {
    ""CLIENT_DOMAIN"": ""Luminate"",
    ""GENRES"": [
      ""Rock"",
      ""Rap"",
      ""R&B/Hip-Hop""
    ],
    ""MAIN_GENRE"": ""Rap""
  }
]",2019-06-20,2019-07-04,2,14907.27178591,0
MRELG35E5B99E4F3446B0BE04A33D512DEC32,HARVERD DROPOUT,LIL PUMP,"[
  {
    ""CLIENT_DOMAIN"": ""Billboard"",
    ""GENRES"": [
      ""R&B/Hip-Hop"",
      ""Rap""
    ],
    ""IS_APPROVED"": true,
    ""MAIN_GENRE"": ""Rap""
  },
  {
    ""CLIENT_DOMAIN"": ""Luminate"",
    ""GENRES"": [
      ""Rap"",
      ""R&B/Hip-Hop""
    ],
    ""MAIN_GENRE"": ""Rap""
  }
]",2019-02-22,2019-02-28,1,52461.92538697,24805
MRELG35E5B99E4F3446B0BE04A33D512DEC32,HARVERD DROPOUT,LIL PUMP,"[
  {
    ""CLIENT_DOMAIN"": ""Billboard"",
    ""GENRES"": [
      ""R&B/Hip-Hop"",
      ""Rap""
    ],
    ""IS_APPROVED"": true,
    ""MAIN_GENRE"": ""Rap""
  },
  {
    ""CLIENT_DOMAIN"": ""Luminate"",
    ""GENRES"": [
      ""Rap"",
      ""R&B/Hip-Hop""
    ],
    ""MAIN_GENRE"": ""Rap""
  }
]",2019-02-22,2019-03-07,2,15095.61194717,1804
MRELGFBA1DDF95B364BBCBCAB29A8004692C0,CALLING MY PHONE,LIL TJAY & 6LACK,"[
  {
    ""CLIENT_DOMAIN"": ""Billboard"",
    ""GENRES"": [
      ""R&B/Hip-Hop"",
      ""Rap""
    ],
    ""IS_APPROVED"": true,
    ""MAIN_GENRE"": ""Rap""
  },
  {
    ""CLIENT_DOMAIN"": ""Luminate"",
    ""GENRES"": [
      ""Rap"",
      ""R&B/Hip-Hop""
    ],
    ""MAIN_GENRE"": ""Rap""
  }
]",2021-02-12,2021-02-18,1,22257.03257701,5
MRELGFBA1DDF95B364BBCBCAB29A8004692C0,CALLING MY PHONE,LIL TJAY & 6LACK,"[
  {
    ""CLIENT_DOMAIN"": ""Billboard"",
    ""GENRES"": [
      ""R&B/Hip-Hop"",
      ""Rap""
    ],
    ""IS_APPROVED"": true,
    ""MAIN_GENRE"": ""Rap""
  },
  {
    ""CLIENT_DOMAIN"": ""Luminate"",
    ""GENRES"": [
      ""Rap"",
      ""R&B/Hip-Hop""
    ],
    ""MAIN_GENRE"": ""Rap""
  }
]",2021-02-12,2021-02-25,2,15796.79598824,1
MRELG436EF501B8544E3A9B38B12FE04002CD,ETERNAL ATAKE,LIL UZI VERT,"[
  {
    ""CLIENT_DOMAIN"": ""Billboard"",
    ""GENRES"": [
      ""R&B/Hip-Hop"",
      ""Rap""
    ],
    ""IS_APPROVED"": true,
    ""MAIN_GENRE"": ""Rap""
  },
  {
    ""CLIENT_DOMAIN"": ""Luminate"",
    ""GENRES"": [
      ""Rap"",
      ""R&B/Hip-Hop""
    ],
    ""MAIN_GENRE"": ""Rap""
  }
]",2020-03-06,2020-03-12,1,287875.58749416,8510
MRELG436EF501B8544E3A9B38B12FE04002CD,ETERNAL ATAKE,LIL UZI VERT,"[
  {
    ""CLIENT_DOMAIN"": ""Billboard"",
    ""GENRES"": [
      ""R&B/Hip-Hop"",
      ""Rap""
    ],
    ""IS_APPROVED"": true,
    ""MAIN_GENRE"": ""Rap""
  },
  {
    ""CLIENT_DOMAIN"": ""Luminate"",
    ""GENRES"": [
      ""Rap"",
      ""R&B/Hip-Hop""
    ],
    ""MAIN_GENRE"": ""Rap""
  }
]",2020-03-06,2020-03-19,2,247223.71204963,6697
MRELG0F912F0FBCF7479A9244B01F81C1B944,FUTSAL SHUFFLE 2020,LIL UZI VERT,"[
  {
    ""CLIENT_DOMAIN"": ""Billboard"",
    ""GENRES"": [
      ""Rap"",
      ""R&B/Hip-Hop""
    ],
    ""IS_APPROVED"": true,
    ""MAIN_GENRE"": ""Rap""
  },
  {
    ""CLIENT_DOMAIN"": ""Luminate"",
    ""GENRES"": [
      ""Rap"",
      ""R&B/Hip-Hop""
    ],
    ""MAIN_GENRE"": ""Rap""
  }
]",2019-12-12,2019-12-19,1,26110.78002793,30
MRELG0F912F0FBCF7479A9244B01F81C1B944,FUTSAL SHUFFLE 2020,LIL UZI VERT,"[
  {
    ""CLIENT_DOMAIN"": ""Billboard"",
    ""GENRES"": [
      ""Rap"",
      ""R&B/Hip-Hop""
    ],
    ""IS_APPROVED"": true,
    ""MAIN_GENRE"": ""Rap""
  },
  {
    ""CLIENT_DOMAIN"": ""Luminate"",
    ""GENRES"": [
      ""Rap"",
      ""R&B/Hip-Hop""
    ],
    ""MAIN_GENRE"": ""Rap""
  }
]",2019-12-12,2019-12-26,2,13847.40703160,14
MRELGDCEC26FF1F8D4035B5DE4F4340FF96CF,PINK TAPE,LIL UZI VERT,"[
  {
    ""CLIENT_DOMAIN"": ""Billboard"",
    ""GENRES"": [
      ""Rap"",
      ""R&B/Hip-Hop""
    ],
    ""IS_APPROVED"": true,
    ""MAIN_GENRE"": ""Rap""
  },
  {
    ""CLIENT_DOMAIN"": ""Luminate"",
    ""GENRES"": [
      ""Rap"",
      ""R&B/Hip-Hop"",
      ""Others""
    ],
    ""MAIN_GENRE"": ""Rap""
  }
]",2023-06-29,2023-07-06,1,167038.39279889,11445
MRELGDCEC26FF1F8D4035B5DE4F4340FF96CF,PINK TAPE,LIL UZI VERT,"[
  {
    ""CLIENT_DOMAIN"": ""Billboard"",
    ""GENRES"": [
      ""Rap"",
      ""R&B/Hip-Hop""
    ],
    ""IS_APPROVED"": true,
    ""MAIN_GENRE"": ""Rap""
  },
  {
    ""CLIENT_DOMAIN"": ""Luminate"",
    ""GENRES"": [
      ""Rap"",
      ""R&B/Hip-Hop"",
      ""Others""
    ],
    ""MAIN_GENRE"": ""Rap""
  }
]",2023-06-29,2023-07-13,2,60692.40650962,1322
MRELGCE9E839BF7544A34963A5CE3A88FB9D5,Artemis,LINDSEY STIRLING,"[
  {
    ""CLIENT_DOMAIN"": ""Luminate"",
    ""GENRES"": [
      ""Classical"",
      ""EDM"",
      ""Classical Crossover"",
      ""Euro Hip-Hop"",
      ""New Age"",
      ""Others"",
      ""Pop""
    ],
    ""MAIN_GENRE"": ""Classical Crossover""
  },
  {
    ""CLIENT_DOMAIN"": ""Billboard"",
    ""GENRES"": [
      ""Dance/Electronic"",
      ""Classical"",
      ""Contemporary Classics""
    ],
    ""IS_APPROVED"": true,
    ""MAIN_GENRE"": ""Classical""
  }
]",2019-09-06,2019-09-12,1,19182.05856503,17131
MRELGCE9E839BF7544A34963A5CE3A88FB9D5,Artemis,LINDSEY STIRLING,"[
  {
    ""CLIENT_DOMAIN"": ""Luminate"",
    ""GENRES"": [
      ""Classical"",
      ""EDM"",
      ""Classical Crossover"",
      ""Euro Hip-Hop"",
      ""New Age"",
      ""Others"",
      ""Pop""
    ],
    ""MAIN_GENRE"": ""Classical Crossover""
  },
  {
    ""CLIENT_DOMAIN"": ""Billboard"",
    ""GENRES"": [
      ""Dance/Electronic"",
      ""Classical"",
      ""Contemporary Classics""
    ],
    ""IS_APPROVED"": true,
    ""MAIN_GENRE"": ""Classical""
  }
]",2019-09-06,2019-09-19,2,5332.42496516,3943
MRELG9AA9D627389E44DC94F779E59887998F,Hello From Las Vegas,LIONEL RICHIE,"[
  {
    ""CLIENT_DOMAIN"": ""Luminate"",
    ""GENRES"": [
      ""R&B/Hip-Hop""
    ],
    ""MAIN_GENRE"": ""R&B/Hip-Hop""
  },
  {
    ""CLIENT_DOMAIN"": ""Billboard"",
    ""GENRES"": [
      ""R&B/Hip-Hop"",
      ""R&B""
    ],
    ""IS_APPROVED"": true,
    ""MAIN_GENRE"": ""R&B""
  }
]",2019-08-16,2019-08-22,1,67395.06447276,65356
MRELG9AA9D627389E44DC94F779E59887998F,Hello From Las Vegas,LIONEL RICHIE,"[
  {
    ""CLIENT_DOMAIN"": ""Luminate"",
    ""GENRES"": [
      ""R&B/Hip-Hop""
    ],
    ""MAIN_GENRE"": ""R&B/Hip-Hop""
  },
  {
    ""CLIENT_DOMAIN"": ""Billboard"",
    ""GENRES"": [
      ""R&B/Hip-Hop"",
      ""R&B""
    ],
    ""IS_APPROVED"": true,
    ""MAIN_GENRE"": ""R&B""
  }
]",2019-08-16,2019-08-29,2,3752.52102671,1800
MRELGD3F5626DC4B84FC69DE5B10BC84F7B77,ALTER EGO,LISA,"[
  {
    ""CLIENT_DOMAIN"": ""Billboard"",
    ""GENRES"": [
      ""Pop""
    ],
    ""IS_APPROVED"": true,
    ""MAIN_GENRE"": ""Pop""
  },
  {
    ""CLIENT_DOMAIN"": ""Luminate"",
    ""GENRES"": [
      ""Pop"",
      ""Rap"",
      ""R&B/Hip-Hop"",
      ""Electronica""
    ],
    ""MAIN_GENRE"": ""R&B/Hip-Hop""
  }
]",2025-02-28,2025-03-06,1,43499.47872602,26114
MRELGD3F5626DC4B84FC69DE5B10BC84F7B77,ALTER EGO,LISA,"[
  {
    ""CLIENT_DOMAIN"": ""Billboard"",
    ""GENRES"": [
      ""Pop""
    ],
    ""IS_APPROVED"": true,
    ""MAIN_GENRE"": ""Pop""
  },
  {
    ""CLIENT_DOMAIN"": ""Luminate"",
    ""GENRES"": [
      ""Pop"",
      ""Rap"",
      ""R&B/Hip-Hop"",
      ""Electronica""
    ],
    ""MAIN_GENRE"": ""R&B/Hip-Hop""
  }
]",2025-02-28,2025-03-13,2,14945.04556295,5952
MRELG3D901391EB524111AA26B64004CF4BF0,SPECIAL,LIZZO,"[
  {
    ""CLIENT_DOMAIN"": ""Billboard"",
    ""GENRES"": [
      ""Pop""
    ],
    ""IS_APPROVED"": true,
    ""MAIN_GENRE"": ""Pop""
  },
  {
    ""CLIENT_DOMAIN"": ""Luminate"",
    ""GENRES"": [
      ""Rock"",
      ""Rap"",
      ""R&B/Hip-Hop"",
      ""Pop""
    ],
    ""MAIN_GENRE"": ""Pop""
  }
]",2022-07-14,2022-07-21,1,68553.10532698,38557
MRELG3D901391EB524111AA26B64004CF4BF0,SPECIAL,LIZZO,"[
  {
    ""CLIENT_DOMAIN"": ""Billboard"",
    ""GENRES"": [
      ""Pop""
    ],
    ""IS_APPROVED"": true,
    ""MAIN_GENRE"": ""Pop""
  },
  {
    ""CLIENT_DOMAIN"": ""Luminate"",
    ""GENRES"": [
      ""Rock"",
      ""Rap"",
      ""R&B/Hip-Hop"",
      ""Pop""
    ],
    ""MAIN_GENRE"": ""Pop""
  }
]",2022-07-14,2022-07-28,2,28771.76220653,9621
MRELGF4BB4AD5361C4C06A92D57AFFEB623A8,THE FORCE,LL COOL J,"[
  {
    ""CLIENT_DOMAIN"": ""Billboard"",
    ""GENRES"": [
      ""R&B/Hip-Hop"",
      ""Rap""
    ],
    ""IS_APPROVED"": true,
    ""MAIN_GENRE"": ""Rap""
  },
  {
    ""CLIENT_DOMAIN"": ""Luminate"",
    ""GENRES"": [
      ""Rap"",
      ""R&B/Hip-Hop""
    ],
    ""MAIN_GENRE"": ""Rap""
  }
]",2024-09-06,2024-09-12,1,16200.17055766,11648
MRELGF4BB4AD5361C4C06A92D57AFFEB623A8,THE FORCE,LL COOL J,"[
  {
    ""CLIENT_DOMAIN"": ""Billboard"",
    ""GENRES"": [
      ""R&B/Hip-Hop"",
      ""Rap""
    ],
    ""IS_APPROVED"": true,
    ""MAIN_GENRE"": ""Rap""
  },
  {
    ""CLIENT_DOMAIN"": ""Luminate"",
    ""GENRES"": [
      ""Rap"",
      ""R&B/Hip-Hop""
    ],
    ""MAIN_GENRE"": ""Rap""
  }
]",2024-09-06,2024-09-19,2,5883.80385240,2439
MRELG986E248CD9384A02B869D2B6C23DED0F,No Pressure,LOGIC,"[
  {
    ""CLIENT_DOMAIN"": ""Billboard"",
    ""GENRES"": [
      ""Rap"",
      ""R&B/Hip-Hop""
    ],
    ""IS_APPROVED"": true,
    ""MAIN_GENRE"": ""Rap""
  },
  {
    ""CLIENT_DOMAIN"": ""Luminate"",
    ""GENRES"": [
      ""Rap"",
      ""R&B/Hip-Hop""
    ],
    ""MAIN_GENRE"": ""Rap""
  }
]",2020-07-24,2020-07-30,1,221012.60580190,172130
MRELG986E248CD9384A02B869D2B6C23DED0F,No Pressure,LOGIC,"[
  {
    ""CLIENT_DOMAIN"": ""Billboard"",
    ""GENRES"": [
      ""Rap"",
      ""R&B/Hip-Hop""
    ],
    ""IS_APPROVED"": true,
    ""MAIN_GENRE"": ""Rap""
  },
  {
    ""CLIENT_DOMAIN"": ""Luminate"",
    ""GENRES"": [
      ""Rap"",
      ""R&B/Hip-Hop""
    ],
    ""MAIN_GENRE"": ""Rap""
  }
]",2020-07-24,2020-08-06,2,18252.46921529,1204
MRELG05CCCA3513D345E3ABA5BBA00AF138EB,Long Lost,LORD HURON,"[
  {
    ""CLIENT_DOMAIN"": ""Billboard"",
    ""GENRES"": [
      ""Rock"",
      ""Alt. Rock"",
      ""Folk""
    ],
    ""IS_APPROVED"": true,
    ""MAIN_GENRE"": ""Alt. Rock""
  },
  {
    ""CLIENT_DOMAIN"": ""Luminate"",
    ""GENRES"": [
      ""Rock"",
      ""Folk""
    ],
    ""MAIN_GENRE"": ""Rock""
  }
]",2021-05-21,2021-05-27,1,20038.90770587,15577
MRELG05CCCA3513D345E3ABA5BBA00AF138EB,Long Lost,LORD HURON,"[
  {
    ""CLIENT_DOMAIN"": ""Billboard"",
    ""GENRES"": [
      ""Rock"",
      ""Alt. Rock"",
      ""Folk""
    ],
    ""IS_APPROVED"": true,
    ""MAIN_GENRE"": ""Alt. Rock""
  },
  {
    ""CLIENT_DOMAIN"": ""Luminate"",
    ""GENRES"": [
      ""Rock"",
      ""Folk""
    ],
    ""MAIN_GENRE"": ""Rock""
  }
]",2021-05-21,2021-06-03,2,5562.23184013,3204
MRELG597E29E52DD744128A3C37397E31A0AA,FAITH IN THE FUTURE,LOUIS TOMLINSON,"[
  {
    ""CLIENT_DOMAIN"": ""Luminate"",
    ""GENRES"": [
      ""Pop""
    ],
    ""MAIN_GENRE"": ""Pop""
  },
  {
    ""CLIENT_DOMAIN"": ""Billboard"",
    ""GENRES"": [
      ""Pop""
    ],
    ""IS_APPROVED"": true,
    ""MAIN_GENRE"": ""Pop""
  }
]",2022-11-11,2022-11-17,1,42705.20590479,37323
MRELG597E29E52DD744128A3C37397E31A0AA,FAITH IN THE FUTURE,LOUIS TOMLINSON,"[
  {
    ""CLIENT_DOMAIN"": ""Luminate"",
    ""GENRES"": [
      ""Pop""
    ],
    ""MAIN_GENRE"": ""Pop""
  },
  {
    ""CLIENT_DOMAIN"": ""Billboard"",
    ""GENRES"": [
      ""Pop""
    ],
    ""IS_APPROVED"": true,
    ""MAIN_GENRE"": ""Pop""
  }
]",2022-11-11,2022-11-24,2,10947.53777011,8436
MRELG6DE41431F05F445D99207EAA370C2FC5,Cruel Summer,"LP Giobbi, Taylor Swift","[
  {
    ""CLIENT_DOMAIN"": ""Billboard"",
    ""GENRES"": [
      ""R&B/Hip-Hop"",
      ""Pop"",
      ""Dance/Electronic""
    ],
    ""IS_APPROVED"": false,
    ""MAIN_GENRE"": ""Pop""
  },
  {
    ""CLIENT_DOMAIN"": ""Luminate"",
    ""GENRES"": [
      ""EDM"",
      ""Euro Hip-Hop"",
      ""Pop""
    ],
    ""MAIN_GENRE"": ""Pop""
  }
]",2023-10-19,2023-10-26,1,15703.38849449,13
MRELG6DE41431F05F445D99207EAA370C2FC5,Cruel Summer,"LP Giobbi, Taylor Swift","[
  {
    ""CLIENT_DOMAIN"": ""Billboard"",
    ""GENRES"": [
      ""R&B/Hip-Hop"",
      ""Pop"",
      ""Dance/Electronic""
    ],
    ""IS_APPROVED"": false,
    ""MAIN_GENRE"": ""Pop""
  },
  {
    ""CLIENT_DOMAIN"": ""Luminate"",
    ""GENRES"": [
      ""EDM"",
      ""Euro Hip-Hop"",
      ""Pop""
    ],
    ""MAIN_GENRE"": ""Pop""
  }
]",2023-10-19,2023-11-02,2,10442.82481256,3
MRELG84702275C0654DFEB840B29BDD9038A8,Harlequin,Lady Gaga,"[
  {
    ""CLIENT_DOMAIN"": ""Luminate"",
    ""GENRES"": [
      ""Jazz"",
      ""Pop""
    ],
    ""MAIN_GENRE"": ""Pop""
  },
  {
    ""CLIENT_DOMAIN"": ""Billboard"",
    ""GENRES"": [
      ""Traditional Jazz"",
      ""Jazz"",
      ""Pop""
    ],
    ""IS_APPROVED"": true,
    ""MAIN_GENRE"": ""Pop""
  }
]",2024-09-27,2024-10-03,1,25100.85232566,16006
MRELG84702275C0654DFEB840B29BDD9038A8,Harlequin,Lady Gaga,"[
  {
    ""CLIENT_DOMAIN"": ""Luminate"",
    ""GENRES"": [
      ""Jazz"",
      ""Pop""
    ],
    ""MAIN_GENRE"": ""Pop""
  },
  {
    ""CLIENT_DOMAIN"": ""Billboard"",
    ""GENRES"": [
      ""Traditional Jazz"",
      ""Jazz"",
      ""Pop""
    ],
    ""IS_APPROVED"": true,
    ""MAIN_GENRE"": ""Pop""
  }
]",2024-09-27,2024-10-10,2,4782.67059658,1158
MRELGCC23C3003C004B84AD419A5DD00F8DF2,Rain On Me,Lady Gaga & Ariana Grande,"[
  {
    ""CLIENT_DOMAIN"": ""Luminate"",
    ""GENRES"": [
      ""Reggae"",
      ""EDM"",
      ""Pop""
    ],
    ""MAIN_GENRE"": ""Pop""
  },
  {
    ""CLIENT_DOMAIN"": ""Billboard"",
    ""GENRES"": [
      ""Dance/Electronic"",
      ""Pop""
    ],
    ""IS_APPROVED"": true,
    ""MAIN_GENRE"": ""Pop""
  }
]",2020-05-22,2020-05-28,1,27273.33692081,0
MRELGCC23C3003C004B84AD419A5DD00F8DF2,Rain On Me,Lady Gaga & Ariana Grande,"[
  {
    ""CLIENT_DOMAIN"": ""Luminate"",
    ""GENRES"": [
      ""Reggae"",
      ""EDM"",
      ""Pop""
    ],
    ""MAIN_GENRE"": ""Pop""
  },
  {
    ""CLIENT_DOMAIN"": ""Billboard"",
    ""GENRES"": [
      ""Dance/Electronic"",
      ""Pop""
    ],
    ""IS_APPROVED"": true,
    ""MAIN_GENRE"": ""Pop""
  }
]",2020-05-22,2020-06-04,2,14037.22968502,0
MRELG94A928606F4340BA864352121813A994,Die With A Smile,"Lady Gaga, Bruno Mars","[
  {
    ""CLIENT_DOMAIN"": ""Luminate"",
    ""GENRES"": [
      ""Others"",
      ""Pop""
    ],
    ""MAIN_GENRE"": ""Pop""
  },
  {
    ""CLIENT_DOMAIN"": ""Billboard"",
    ""GENRES"": [
      ""Pop""
    ],
    ""IS_APPROVED"": true,
    ""MAIN_GENRE"": ""Pop""
  }
]",2024-08-16,2024-08-22,1,21511.87416337,3325
MRELG94A928606F4340BA864352121813A994,Die With A Smile,"Lady Gaga, Bruno Mars","[
  {
    ""CLIENT_DOMAIN"": ""Luminate"",
    ""GENRES"": [
      ""Others"",
      ""Pop""
    ],
    ""MAIN_GENRE"": ""Pop""
  },
  {
    ""CLIENT_DOMAIN"": ""Billboard"",
    ""GENRES"": [
      ""Pop""
    ],
    ""IS_APPROVED"": true,
    ""MAIN_GENRE"": ""Pop""
  }
]",2024-08-16,2024-08-29,2,22735.47600764,944
MRELG7EC80005D9AC462F9274641B7B7B9CAB,Whirlwind,Lainey Wilson,"[
  {
    ""CLIENT_DOMAIN"": ""Luminate"",
    ""GENRES"": [
      ""Country & Folk"",
      ""Country""
    ],
    ""MAIN_GENRE"": ""Country""
  },
  {
    ""CLIENT_DOMAIN"": ""Billboard"",
    ""GENRES"": [
      ""Country""
    ],
    ""IS_APPROVED"": true,
    ""MAIN_GENRE"": ""Country""
  }
]",2024-08-23,2024-08-29,1,47753.64240628,33938
MRELG7EC80005D9AC462F9274641B7B7B9CAB,Whirlwind,Lainey Wilson,"[
  {
    ""CLIENT_DOMAIN"": ""Luminate"",
    ""GENRES"": [
      ""Country & Folk"",
      ""Country""
    ],
    ""MAIN_GENRE"": ""Country""
  },
  {
    ""CLIENT_DOMAIN"": ""Billboard"",
    ""GENRES"": [
      ""Country""
    ],
    ""IS_APPROVED"": true,
    ""MAIN_GENRE"": ""Country""
  }
]",2024-08-23,2024-09-05,2,17742.96725501,7916
MRELG92949DF0EECC43358B1F0DAD61C6D699,Blue Banisters,Lana Del Rey,"[
  {
    ""CLIENT_DOMAIN"": ""Billboard"",
    ""GENRES"": [
      ""Alt. Rock"",
      ""Pop""
    ],
    ""IS_APPROVED"": true,
    ""MAIN_GENRE"": ""Pop""
  },
  {
    ""CLIENT_DOMAIN"": ""Luminate"",
    ""GENRES"": [
      ""Alternative""
    ],
    ""MAIN_GENRE"": ""Alternative""
  }
]",2021-10-22,2021-10-28,1,33002.80546028,18841
MRELG92949DF0EECC43358B1F0DAD61C6D699,Blue Banisters,Lana Del Rey,"[
  {
    ""CLIENT_DOMAIN"": ""Billboard"",
    ""GENRES"": [
      ""Alt. Rock"",
      ""Pop""
    ],
    ""IS_APPROVED"": true,
    ""MAIN_GENRE"": ""Pop""
  },
  {
    ""CLIENT_DOMAIN"": ""Luminate"",
    ""GENRES"": [
      ""Alternative""
    ],
    ""MAIN_GENRE"": ""Alternative""
  }
]",2021-10-22,2021-11-04,2,9454.80921071,3071
MRELGFE83BB3A00DA419CB2643A176369D934,CHEMTRAILS OVER THE COUNTRY CLUB,Lana Del Rey,"[
  {
    ""CLIENT_DOMAIN"": ""Billboard"",
    ""GENRES"": [
      ""Alt. Rock"",
      ""Pop""
    ],
    ""IS_APPROVED"": true,
    ""MAIN_GENRE"": ""Pop""
  },
  {
    ""CLIENT_DOMAIN"": ""Luminate"",
    ""GENRES"": [
      ""Rock"",
      ""Alternative"",
      ""Pop""
    ],
    ""MAIN_GENRE"": ""Pop""
  }
]",2021-03-19,2021-03-25,1,74368.16106958,58262
MRELGFE83BB3A00DA419CB2643A176369D934,CHEMTRAILS OVER THE COUNTRY CLUB,Lana Del Rey,"[
  {
    ""CLIENT_DOMAIN"": ""Billboard"",
    ""GENRES"": [
      ""Alt. Rock"",
      ""Pop""
    ],
    ""IS_APPROVED"": true,
    ""MAIN_GENRE"": ""Pop""
  },
  {
    ""CLIENT_DOMAIN"": ""Luminate"",
    ""GENRES"": [
      ""Rock"",
      ""Alternative"",
      ""Pop""
    ],
    ""MAIN_GENRE"": ""Pop""
  }
]",2021-03-19,2021-04-01,2,15254.05464701,9231
MRELG0A9EF8F645944695B7CB258E859FB055,Did You Know That There's A Tunnel Under Ocean Blvd,Lana Del Rey,"[
  {
    ""CLIENT_DOMAIN"": ""Luminate"",
    ""GENRES"": [
      ""Rock"",
      ""Alternative"",
      ""Pop""
    ],
    ""MAIN_GENRE"": ""Pop""
  },
  {
    ""CLIENT_DOMAIN"": ""Billboard"",
    ""GENRES"": [
      ""Pop"",
      ""Alt. Rock""
    ],
    ""IS_APPROVED"": true,
    ""MAIN_GENRE"": ""Pop""
  }
]",2023-03-24,2023-03-30,1,114673.52520882,86727
MRELG0A9EF8F645944695B7CB258E859FB055,Did You Know That There's A Tunnel Under Ocean Blvd,Lana Del Rey,"[
  {
    ""CLIENT_DOMAIN"": ""Luminate"",
    ""GENRES"": [
      ""Rock"",
      ""Alternative"",
      ""Pop""
    ],
    ""MAIN_GENRE"": ""Pop""
  },
  {
    ""CLIENT_DOMAIN"": ""Billboard"",
    ""GENRES"": [
      ""Pop"",
      ""Alt. Rock""
    ],
    ""IS_APPROVED"": true,
    ""MAIN_GENRE"": ""Pop""
  }
]",2023-03-24,2023-04-06,2,37843.12330597,25323
MRELGC687A9E71A424F9CB9254EF37B2726DA,777,Latto,"[
  {
    ""CLIENT_DOMAIN"": ""Luminate"",
    ""GENRES"": [
      ""Rap"",
      ""R&B/Hip-Hop""
    ],
    ""MAIN_GENRE"": ""Rap""
  },
  {
    ""CLIENT_DOMAIN"": ""Billboard"",
    ""GENRES"": [
      ""Rap"",
      ""R&B/Hip-Hop""
    ],
    ""IS_APPROVED"": true,
    ""MAIN_GENRE"": ""Rap""
  }
]",2022-03-25,2022-03-31,1,23164.75616937,1073
MRELGC687A9E71A424F9CB9254EF37B2726DA,777,Latto,"[
  {
    ""CLIENT_DOMAIN"": ""Luminate"",
    ""GENRES"": [
      ""Rap"",
      ""R&B/Hip-Hop""
    ],
    ""MAIN_GENRE"": ""Rap""
  },
  {
    ""CLIENT_DOMAIN"": ""Billboard"",
    ""GENRES"": [
      ""Rap"",
      ""R&B/Hip-Hop""
    ],
    ""IS_APPROVED"": true,
    ""MAIN_GENRE"": ""Rap""
  }
]",2022-03-25,2022-04-07,2,15445.04547669,192
MRELG3110AAC73278433A9BB55767334C457B,Sugar Honey Iced Tea,Latto,"[
  {
    ""CLIENT_DOMAIN"": ""Luminate"",
    ""GENRES"": [
      ""Rap"",
      ""R&B/Hip-Hop""
    ],
    ""MAIN_GENRE"": ""Rap""
  },
  {
    ""CLIENT_DOMAIN"": ""Billboard"",
    ""GENRES"": [
      ""Rap"",
      ""R&B/Hip-Hop""
    ],
    ""IS_APPROVED"": true,
    ""MAIN_GENRE"": ""Rap""
  }
]",2024-08-09,2024-08-15,1,29122.43678109,2218
MRELG3110AAC73278433A9BB55767334C457B,Sugar Honey Iced Tea,Latto,"[
  {
    ""CLIENT_DOMAIN"": ""Luminate"",
    ""GENRES"": [
      ""Rap"",
      ""R&B/Hip-Hop""
    ],
    ""MAIN_GENRE"": ""Rap""
  },
  {
    ""CLIENT_DOMAIN"": ""Billboard"",
    ""GENRES"": [
      ""Rap"",
      ""R&B/Hip-Hop""
    ],
    ""IS_APPROVED"": true,
    ""MAIN_GENRE"": ""Rap""
  }
]",2024-08-09,2024-08-22,2,19390.86070566,128
MRELG9E05F470A0024F6C9A018EB99CBB2E06,A Matter Of Time,Laufey,"[
  {
    ""CLIENT_DOMAIN"": ""Luminate"",
    ""GENRES"": [
      ""Jazz"",
      ""R&B/Hip-Hop"",
      ""Others"",
      ""Pop""
    ],
    ""MAIN_GENRE"": ""Jazz""
  },
  {
    ""CLIENT_DOMAIN"": ""Billboard"",
    ""GENRES"": [
      ""Traditional Jazz"",
      ""Jazz""
    ],
    ""IS_APPROVED"": true,
    ""MAIN_GENRE"": ""Traditional Jazz""
  }
]",2025-08-22,2025-08-28,1,99160.50099539,70811
MRELG9E05F470A0024F6C9A018EB99CBB2E06,A Matter Of Time,Laufey,"[
  {
    ""CLIENT_DOMAIN"": ""Luminate"",
    ""GENRES"": [
      ""Jazz"",
      ""R&B/Hip-Hop"",
      ""Others"",
      ""Pop""
    ],
    ""MAIN_GENRE"": ""Jazz""
  },
  {
    ""CLIENT_DOMAIN"": ""Billboard"",
    ""GENRES"": [
      ""Traditional Jazz"",
      ""Jazz""
    ],
    ""IS_APPROVED"": true,
    ""MAIN_GENRE"": ""Traditional Jazz""
  }
]",2025-08-22,2025-09-04,2,26193.55575122,11240
MRELG437598FA2A434D4A8C948F6B62B97897,Bewitched (The Goddess Edition),Laufey,"[
  {
    ""CLIENT_DOMAIN"": ""Billboard"",
    ""GENRES"": [
      ""Traditional Jazz"",
      ""Jazz""
    ],
    ""IS_APPROVED"": true,
    ""MAIN_GENRE"": ""Traditional Jazz""
  },
  {
    ""CLIENT_DOMAIN"": ""Luminate"",
    ""GENRES"": [
      ""Jazz"",
      ""Pop""
    ],
    ""MAIN_GENRE"": ""Jazz""
  }
]",2023-09-08,2023-09-14,1,23404.51932617,7480
MRELG437598FA2A434D4A8C948F6B62B97897,Bewitched (The Goddess Edition),Laufey,"[
  {
    ""CLIENT_DOMAIN"": ""Billboard"",
    ""GENRES"": [
      ""Traditional Jazz"",
      ""Jazz""
    ],
    ""IS_APPROVED"": true,
    ""MAIN_GENRE"": ""Traditional Jazz""
  },
  {
    ""CLIENT_DOMAIN"": ""Luminate"",
    ""GENRES"": [
      ""Jazz"",
      ""Pop""
    ],
    ""MAIN_GENRE"": ""Jazz""
  }
]",2023-09-08,2023-09-21,2,10619.43027234,548
MRELG0C0C898F3FBB42348AA31804A2FD607A,Broken By Desire To Be Heavenly Sent,Lewis Capaldi,"[
  {
    ""CLIENT_DOMAIN"": ""Luminate"",
    ""GENRES"": [
      ""Rock"",
      ""Pop""
    ],
    ""MAIN_GENRE"": ""Rock""
  },
  {
    ""CLIENT_DOMAIN"": ""Billboard"",
    ""GENRES"": [
      ""Pop""
    ],
    ""IS_APPROVED"": true,
    ""MAIN_GENRE"": ""Pop""
  }
]",2023-05-19,2023-05-25,1,28689.86809060,19173
MRELG0C0C898F3FBB42348AA31804A2FD607A,Broken By Desire To Be Heavenly Sent,Lewis Capaldi,"[
  {
    ""CLIENT_DOMAIN"": ""Luminate"",
    ""GENRES"": [
      ""Rock"",
      ""Pop""
    ],
    ""MAIN_GENRE"": ""Rock""
  },
  {
    ""CLIENT_DOMAIN"": ""Billboard"",
    ""GENRES"": [
      ""Pop""
    ],
    ""IS_APPROVED"": true,
    ""MAIN_GENRE"": ""Pop""
  }
]",2023-05-19,2023-06-01,2,7378.12900136,1625
MRELG8483B192AB424DE98FFB22382B4C4013,Harder Than Ever,Lil Baby,"[
  {
    ""CLIENT_DOMAIN"": ""Billboard"",
    ""GENRES"": [
      ""R&B/Hip-Hop"",
      ""Rap""
    ],
    ""IS_APPROVED"": true,
    ""MAIN_GENRE"": ""Rap""
  },
  {
    ""CLIENT_DOMAIN"": ""Luminate"",
    ""GENRES"": [
      ""Rap"",
      ""R&B/Hip-Hop""
    ],
    ""MAIN_GENRE"": ""Rap""
  }
]",2018-05-18,2018-05-24,1,85861.26079855,4524
MRELG8483B192AB424DE98FFB22382B4C4013,Harder Than Ever,Lil Baby,"[
  {
    ""CLIENT_DOMAIN"": ""Billboard"",
    ""GENRES"": [
      ""R&B/Hip-Hop"",
      ""Rap""
    ],
    ""IS_APPROVED"": true,
    ""MAIN_GENRE"": ""Rap""
  },
  {
    ""CLIENT_DOMAIN"": ""Luminate"",
    ""GENRES"": [
      ""Rap"",
      ""R&B/Hip-Hop""
    ],
    ""MAIN_GENRE"": ""Rap""
  }
]",2018-05-18,2018-05-31,2,58032.95606360,1142
MRELG06DEFD78391D4448A4B09F340E60B065,It's Only Me,Lil Baby,"[
  {
    ""CLIENT_DOMAIN"": ""Luminate"",
    ""GENRES"": [
      ""Rap"",
      ""R&B/Hip-Hop""
    ],
    ""MAIN_GENRE"": ""Rap""
  },
  {
    ""CLIENT_DOMAIN"": ""Billboard"",
    ""GENRES"": [
      ""Rap"",
      ""R&B/Hip-Hop""
    ],
    ""IS_APPROVED"": true,
    ""MAIN_GENRE"": ""Rap""
  }
]",2022-10-14,2022-10-20,1,216128.84389297,6436
MRELG06DEFD78391D4448A4B09F340E60B065,It's Only Me,Lil Baby,"[
  {
    ""CLIENT_DOMAIN"": ""Luminate"",
    ""GENRES"": [
      ""Rap"",
      ""R&B/Hip-Hop""
    ],
    ""MAIN_GENRE"": ""Rap""
  },
  {
    ""CLIENT_DOMAIN"": ""Billboard"",
    ""GENRES"": [
      ""Rap"",
      ""R&B/Hip-Hop""
    ],
    ""IS_APPROVED"": true,
    ""MAIN_GENRE"": ""Rap""
  }
]",2022-10-14,2022-10-27,2,110014.17476375,1059
MRELG0258782BDEEA488ABFCE49FA366A7B89,My Turn,Lil Baby,"[
  {
    ""CLIENT_DOMAIN"": ""Billboard"",
    ""GENRES"": [
      ""R&B/Hip-Hop"",
      ""Rap""
    ],
    ""IS_APPROVED"": true,
    ""MAIN_GENRE"": ""Rap""
  },
  {
    ""CLIENT_DOMAIN"": ""Luminate"",
    ""GENRES"": [
      ""Rap"",
      ""R&B/Hip-Hop""
    ],
    ""MAIN_GENRE"": ""Rap""
  }
]",2020-02-28,2020-03-05,1,199905.18311666,9503
MRELG0258782BDEEA488ABFCE49FA366A7B89,My Turn,Lil Baby,"[
  {
    ""CLIENT_DOMAIN"": ""Billboard"",
    ""GENRES"": [
      ""R&B/Hip-Hop"",
      ""Rap""
    ],
    ""IS_APPROVED"": true,
    ""MAIN_GENRE"": ""Rap""
  },
  {
    ""CLIENT_DOMAIN"": ""Luminate"",
    ""GENRES"": [
      ""Rap"",
      ""R&B/Hip-Hop""
    ],
    ""MAIN_GENRE"": ""Rap""
  }
]",2020-02-28,2020-03-12,2,104219.11086864,2989
MRELG9941A86764724D92AACA156C1302DEC5,Street Gossip,Lil Baby,"[
  {
    ""CLIENT_DOMAIN"": ""Billboard"",
    ""GENRES"": [
      ""R&B/Hip-Hop"",
      ""Rap""
    ],
    ""IS_APPROVED"": true,
    ""MAIN_GENRE"": ""Rap""
  },
  {
    ""CLIENT_DOMAIN"": ""Luminate"",
    ""GENRES"": [
      ""Rap"",
      ""R&B/Hip-Hop""
    ],
    ""MAIN_GENRE"": ""Rap""
  }
]",2018-11-30,2018-12-06,1,91667.91551928,4554
MRELG9941A86764724D92AACA156C1302DEC5,Street Gossip,Lil Baby,"[
  {
    ""CLIENT_DOMAIN"": ""Billboard"",
    ""GENRES"": [
      ""R&B/Hip-Hop"",
      ""Rap""
    ],
    ""IS_APPROVED"": true,
    ""MAIN_GENRE"": ""Rap""
  },
  {
    ""CLIENT_DOMAIN"": ""Luminate"",
    ""GENRES"": [
      ""Rap"",
      ""R&B/Hip-Hop""
    ],
    ""MAIN_GENRE"": ""Rap""
  }
]",2018-11-30,2018-12-13,2,45756.01661551,597
MRELGBA6DA06E1724463189740F6D4FA10B56,The Bigger Picture,Lil Baby,"[
  {
    ""CLIENT_DOMAIN"": ""Billboard"",
    ""GENRES"": [
      ""R&B/Hip-Hop"",
      ""Rap""
    ],
    ""IS_APPROVED"": true,
    ""MAIN_GENRE"": ""Rap""
  },
  {
    ""CLIENT_DOMAIN"": ""Luminate"",
    ""GENRES"": [
      ""Rap"",
      ""R&B/Hip-Hop""
    ],
    ""MAIN_GENRE"": ""Rap""
  }
]",2020-06-12,2020-06-18,1,22923.09720906,69
MRELGBA6DA06E1724463189740F6D4FA10B56,The Bigger Picture,Lil Baby,"[
  {
    ""CLIENT_DOMAIN"": ""Billboard"",
    ""GENRES"": [
      ""R&B/Hip-Hop"",
      ""Rap""
    ],
    ""IS_APPROVED"": true,
    ""MAIN_GENRE"": ""Rap""
  },
  {
    ""CLIENT_DOMAIN"": ""Luminate"",
    ""GENRES"": [
      ""Rap"",
      ""R&B/Hip-Hop""
    ],
    ""MAIN_GENRE"": ""Rap""
  }
]",2020-06-12,2020-06-25,2,14142.86484652,48
MRELGC9296C29D2AA43C8BA7D3E463638603C,WHAM,Lil Baby,"[
  {
    ""CLIENT_DOMAIN"": ""Billboard"",
    ""GENRES"": [
      ""Rap"",
      ""R&B/Hip-Hop""
    ],
    ""IS_APPROVED"": true,
    ""MAIN_GENRE"": ""Rap""
  },
  {
    ""CLIENT_DOMAIN"": ""Luminate"",
    ""GENRES"": [
      ""Rap"",
      ""R&B/Hip-Hop""
    ],
    ""MAIN_GENRE"": ""Rap""
  }
]",2025-01-03,2025-01-09,1,141532.03693283,51527
MRELGC9296C29D2AA43C8BA7D3E463638603C,WHAM,Lil Baby,"[
  {
    ""CLIENT_DOMAIN"": ""Billboard"",
    ""GENRES"": [
      ""Rap"",
      ""R&B/Hip-Hop""
    ],
    ""IS_APPROVED"": true,
    ""MAIN_GENRE"": ""Rap""
  },
  {
    ""CLIENT_DOMAIN"": ""Luminate"",
    ""GENRES"": [
      ""Rap"",
      ""R&B/Hip-Hop""
    ],
    ""MAIN_GENRE"": ""Rap""
  }
]",2025-01-03,2025-01-16,2,55399.27588241,337
MRELG822F12B84D2947C499F60AAAA7198E8A,JUST CAUSE Y'ALL WAITED 2,Lil Durk,"[
  {
    ""CLIENT_DOMAIN"": ""Luminate"",
    ""GENRES"": [
      ""Rap"",
      ""R&B/Hip-Hop""
    ],
    ""MAIN_GENRE"": ""Rap""
  },
  {
    ""CLIENT_DOMAIN"": ""Billboard"",
    ""GENRES"": [
      ""Rap"",
      ""R&B/Hip-Hop""
    ],
    ""IS_APPROVED"": true,
    ""MAIN_GENRE"": ""Rap""
  }
]",2020-05-08,2020-05-14,1,56869.66572396,2846
MRELG822F12B84D2947C499F60AAAA7198E8A,JUST CAUSE Y'ALL WAITED 2,Lil Durk,"[
  {
    ""CLIENT_DOMAIN"": ""Luminate"",
    ""GENRES"": [
      ""Rap"",
      ""R&B/Hip-Hop""
    ],
    ""MAIN_GENRE"": ""Rap""
  },
  {
    ""CLIENT_DOMAIN"": ""Billboard"",
    ""GENRES"": [
      ""Rap"",
      ""R&B/Hip-Hop""
    ],
    ""IS_APPROVED"": true,
    ""MAIN_GENRE"": ""Rap""
  }
]",2020-05-08,2020-05-21,2,26438.14519491,637
MRELG44D584A5578743EB8050DF11D68A4165,Signed To The Streets 3,Lil Durk,"[
  {
    ""CLIENT_DOMAIN"": ""Luminate"",
    ""GENRES"": [
      ""Rap"",
      ""R&B/Hip-Hop""
    ],
    ""MAIN_GENRE"": ""Rap""
  },
  {
    ""CLIENT_DOMAIN"": ""Billboard"",
    ""GENRES"": [
      ""R&B/Hip-Hop"",
      ""Rap""
    ],
    ""IS_APPROVED"": true,
    ""MAIN_GENRE"": ""Rap""
  }
]",2018-11-09,2018-11-15,1,31432.64882425,3362
MRELG44D584A5578743EB8050DF11D68A4165,Signed To The Streets 3,Lil Durk,"[
  {
    ""CLIENT_DOMAIN"": ""Luminate"",
    ""GENRES"": [
      ""Rap"",
      ""R&B/Hip-Hop""
    ],
    ""MAIN_GENRE"": ""Rap""
  },
  {
    ""CLIENT_DOMAIN"": ""Billboard"",
    ""GENRES"": [
      ""R&B/Hip-Hop"",
      ""Rap""
    ],
    ""IS_APPROVED"": true,
    ""MAIN_GENRE"": ""Rap""
  }
]",2018-11-09,2018-11-22,2,18938.61618048,966
MRELGC672F51D3C344E7A8B970266737309C6,THE VOICE,Lil Durk,"[
  {
    ""CLIENT_DOMAIN"": ""Billboard"",
    ""GENRES"": [
      ""Rap"",
      ""R&B/Hip-Hop""
    ],
    ""IS_APPROVED"": true,
    ""MAIN_GENRE"": ""Rap""
  },
  {
    ""CLIENT_DOMAIN"": ""Luminate"",
    ""GENRES"": [
      ""Rap"",
      ""R&B/Hip-Hop""
    ],
    ""MAIN_GENRE"": ""Rap""
  }
]",2020-12-24,2020-12-30,1,67095.42694920,835
MRELGC672F51D3C344E7A8B970266737309C6,THE VOICE,Lil Durk,"[
  {
    ""CLIENT_DOMAIN"": ""Billboard"",
    ""GENRES"": [
      ""Rap"",
      ""R&B/Hip-Hop""
    ],
    ""IS_APPROVED"": true,
    ""MAIN_GENRE"": ""Rap""
  },
  {
    ""CLIENT_DOMAIN"": ""Luminate"",
    ""GENRES"": [
      ""Rap"",
      ""R&B/Hip-Hop""
    ],
    ""MAIN_GENRE"": ""Rap""
  }
]",2020-12-24,2021-01-07,2,43261.05757740,317
MRELG40A6C1F90B354696A3F0B86973BF6958,The Voice of the Heroes,"Lil Durk, Lil Baby","[
  {
    ""CLIENT_DOMAIN"": ""Billboard"",
    ""GENRES"": [
      ""Rap"",
      ""R&B/Hip-Hop""
    ],
    ""IS_APPROVED"": true,
    ""MAIN_GENRE"": ""Rap""
  },
  {
    ""CLIENT_DOMAIN"": ""Luminate"",
    ""GENRES"": [
      ""Rap"",
      ""R&B/Hip-Hop""
    ],
    ""MAIN_GENRE"": ""Rap""
  }
]",2021-06-04,2021-06-10,1,150058.87320043,4284
MRELG40A6C1F90B354696A3F0B86973BF6958,The Voice of the Heroes,"Lil Durk, Lil Baby","[
  {
    ""CLIENT_DOMAIN"": ""Billboard"",
    ""GENRES"": [
      ""Rap"",
      ""R&B/Hip-Hop""
    ],
    ""IS_APPROVED"": true,
    ""MAIN_GENRE"": ""Rap""
  },
  {
    ""CLIENT_DOMAIN"": ""Luminate"",
    ""GENRES"": [
      ""Rap"",
      ""R&B/Hip-Hop""
    ],
    ""MAIN_GENRE"": ""Rap""
  }
]",2021-06-04,2021-06-17,2,72363.73748202,757
MRELG65BEA3C025C24A3C8EA0D962B7C1E432,Certified Hitmaker,Lil Mosey,"[
  {
    ""CLIENT_DOMAIN"": ""Billboard"",
    ""GENRES"": [
      ""R&B/Hip-Hop"",
      ""Rap""
    ],
    ""IS_APPROVED"": true,
    ""MAIN_GENRE"": ""Rap""
  },
  {
    ""CLIENT_DOMAIN"": ""Luminate"",
    ""GENRES"": [
      ""Rap"",
      ""R&B/Hip-Hop""
    ],
    ""MAIN_GENRE"": ""Rap""
  }
]",2019-11-08,2019-11-14,1,24724.51778662,1590
MRELG65BEA3C025C24A3C8EA0D962B7C1E432,Certified Hitmaker,Lil Mosey,"[
  {
    ""CLIENT_DOMAIN"": ""Billboard"",
    ""GENRES"": [
      ""R&B/Hip-Hop"",
      ""Rap""
    ],
    ""IS_APPROVED"": true,
    ""MAIN_GENRE"": ""Rap""
  },
  {
    ""CLIENT_DOMAIN"": ""Luminate"",
    ""GENRES"": [
      ""Rap"",
      ""R&B/Hip-Hop""
    ],
    ""MAIN_GENRE"": ""Rap""
  }
]",2019-11-08,2019-11-21,2,14870.66900215,344
MRELG684F566E7F9F47EBA82D012D858628F2,7,Lil Nas X,"[
  {
    ""CLIENT_DOMAIN"": ""Luminate"",
    ""GENRES"": [
      ""Dance & House"",
      ""Rap"",
      ""R&B/Hip-Hop"",
      ""Pop""
    ],
    ""MAIN_GENRE"": ""Rap""
  },
  {
    ""CLIENT_DOMAIN"": ""Billboard"",
    ""GENRES"": [
      ""Rap"",
      ""R&B/Hip-Hop""
    ],
    ""IS_APPROVED"": true,
    ""MAIN_GENRE"": ""Rap""
  }
]",2019-06-21,2019-06-27,1,96171.44588062,3853
MRELG684F566E7F9F47EBA82D012D858628F2,7,Lil Nas X,"[
  {
    ""CLIENT_DOMAIN"": ""Luminate"",
    ""GENRES"": [
      ""Dance & House"",
      ""Rap"",
      ""R&B/Hip-Hop"",
      ""Pop""
    ],
    ""MAIN_GENRE"": ""Rap""
  },
  {
    ""CLIENT_DOMAIN"": ""Billboard"",
    ""GENRES"": [
      ""Rap"",
      ""R&B/Hip-Hop""
    ],
    ""IS_APPROVED"": true,
    ""MAIN_GENRE"": ""Rap""
  }
]",2019-06-21,2019-07-04,2,79465.14869415,1857
MRELGCA833B155963499B8F5A5BF8F8777B4C,INDUSTRY BABY,Lil Nas X,"[
  {
    ""CLIENT_DOMAIN"": ""Luminate"",
    ""GENRES"": [
      ""Euro Hip-Hop"",
      ""Rap"",
      ""R&B/Hip-Hop"",
      ""Pop""
    ],
    ""MAIN_GENRE"": ""Pop""
  },
  {
    ""CLIENT_DOMAIN"": ""Billboard"",
    ""GENRES"": [
      ""R&B/Hip-Hop"",
      ""Rap""
    ],
    ""IS_APPROVED"": true,
    ""MAIN_GENRE"": ""Rap""
  }
]",2021-07-23,2021-07-29,1,24787.51679066,76
MRELGCA833B155963499B8F5A5BF8F8777B4C,INDUSTRY BABY,Lil Nas X,"[
  {
    ""CLIENT_DOMAIN"": ""Luminate"",
    ""GENRES"": [
      ""Euro Hip-Hop"",
      ""Rap"",
      ""R&B/Hip-Hop"",
      ""Pop""
    ],
    ""MAIN_GENRE"": ""Pop""
  },
  {
    ""CLIENT_DOMAIN"": ""Billboard"",
    ""GENRES"": [
      ""R&B/Hip-Hop"",
      ""Rap""
    ],
    ""IS_APPROVED"": true,
    ""MAIN_GENRE"": ""Rap""
  }
]",2021-07-23,2021-08-05,2,18219.07741430,28
MRELG93BE757E24ED4D5DA9983504FCC9387B,MONTERO,Lil Nas X,"[
  {
    ""CLIENT_DOMAIN"": ""Luminate"",
    ""GENRES"": [
      ""Rap"",
      ""Pop""
    ],
    ""MAIN_GENRE"": ""Pop""
  },
  {
    ""CLIENT_DOMAIN"": ""Billboard"",
    ""GENRES"": [
      ""Pop""
    ],
    ""IS_APPROVED"": true,
    ""MAIN_GENRE"": ""Pop""
  }
]",2021-09-10,2021-09-16,1,21249.09673934,0
MRELG93BE757E24ED4D5DA9983504FCC9387B,MONTERO,Lil Nas X,"[
  {
    ""CLIENT_DOMAIN"": ""Luminate"",
    ""GENRES"": [
      ""Rap"",
      ""Pop""
    ],
    ""MAIN_GENRE"": ""Pop""
  },
  {
    ""CLIENT_DOMAIN"": ""Billboard"",
    ""GENRES"": [
      ""Pop""
    ],
    ""IS_APPROVED"": true,
    ""MAIN_GENRE"": ""Pop""
  }
]",2021-09-10,2021-09-23,2,125252.75018011,21623
MRELG41B2C4860B4746D7B0AE8A914B638BBB,OLD TOWN ROAD,Lil Nas X & Billy Ray Cyrus Feat. Young Thug & Mason Ramsey,"[
  {
    ""CLIENT_DOMAIN"": ""Billboard"",
    ""GENRES"": [
      ""Rap"",
      ""R&B/Hip-Hop""
    ],
    ""IS_APPROVED"": true,
    ""MAIN_GENRE"": ""Rap""
  },
  {
    ""CLIENT_DOMAIN"": ""Luminate"",
    ""GENRES"": [
      ""Rap"",
      ""R&B/Hip-Hop"",
      ""Country"",
      ""Pop""
    ],
    ""MAIN_GENRE"": ""Country""
  }
]",2019-04-05,2019-04-11,1,88338.36448418,713
MRELG41B2C4860B4746D7B0AE8A914B638BBB,OLD TOWN ROAD,Lil Nas X & Billy Ray Cyrus Feat. Young Thug & Mason Ramsey,"[
  {
    ""CLIENT_DOMAIN"": ""Billboard"",
    ""GENRES"": [
      ""Rap"",
      ""R&B/Hip-Hop""
    ],
    ""IS_APPROVED"": true,
    ""MAIN_GENRE"": ""Rap""
  },
  {
    ""CLIENT_DOMAIN"": ""Luminate"",
    ""GENRES"": [
      ""Rap"",
      ""R&B/Hip-Hop"",
      ""Country"",
      ""Pop""
    ],
    ""MAIN_GENRE"": ""Country""
  }
]",2019-04-05,2019-04-18,2,70102.56471599,502
MRELG919DDC18B54F40B9A0CBE1BD046F9525,Shelby,Lil Skies,"[
  {
    ""CLIENT_DOMAIN"": ""Billboard"",
    ""GENRES"": [
      ""Rap"",
      ""R&B/Hip-Hop""
    ],
    ""IS_APPROVED"": true,
    ""MAIN_GENRE"": ""Rap""
  },
  {
    ""CLIENT_DOMAIN"": ""Luminate"",
    ""GENRES"": [
      ""Rap"",
      ""R&B/Hip-Hop""
    ],
    ""MAIN_GENRE"": ""Rap""
  }
]",2019-02-28,2019-03-07,1,56239.10615282,6032
MRELG919DDC18B54F40B9A0CBE1BD046F9525,Shelby,Lil Skies,"[
  {
    ""CLIENT_DOMAIN"": ""Billboard"",
    ""GENRES"": [
      ""Rap"",
      ""R&B/Hip-Hop""
    ],
    ""IS_APPROVED"": true,
    ""MAIN_GENRE"": ""Rap""
  },
  {
    ""CLIENT_DOMAIN"": ""Luminate"",
    ""GENRES"": [
      ""Rap"",
      ""R&B/Hip-Hop""
    ],
    ""MAIN_GENRE"": ""Rap""
  }
]",2019-02-28,2019-03-14,2,25504.37562300,589
MRELG4D33A4A094A64EFA981F830DABCAFC3A,DOPAMINE,Lil Tecca,"[
  {
    ""CLIENT_DOMAIN"": ""Billboard"",
    ""GENRES"": [
      ""Rap"",
      ""R&B/Hip-Hop""
    ],
    ""IS_APPROVED"": true,
    ""MAIN_GENRE"": ""Rap""
  },
  {
    ""CLIENT_DOMAIN"": ""Luminate"",
    ""GENRES"": [
      ""Rap"",
      ""R&B/Hip-Hop""
    ],
    ""MAIN_GENRE"": ""Rap""
  }
]",2025-06-13,2025-06-19,1,47889.15676226,2682
MRELG4D33A4A094A64EFA981F830DABCAFC3A,DOPAMINE,Lil Tecca,"[
  {
    ""CLIENT_DOMAIN"": ""Billboard"",
    ""GENRES"": [
      ""Rap"",
      ""R&B/Hip-Hop""
    ],
    ""IS_APPROVED"": true,
    ""MAIN_GENRE"": ""Rap""
  },
  {
    ""CLIENT_DOMAIN"": ""Luminate"",
    ""GENRES"": [
      ""Rap"",
      ""R&B/Hip-Hop""
    ],
    ""MAIN_GENRE"": ""Rap""
  }
]",2025-06-13,2025-06-26,2,25711.32021566,258
MRELGD1414A665C9D4D088B6A1B3B748003EF,TEC,Lil Tecca,"[
  {
    ""CLIENT_DOMAIN"": ""Luminate"",
    ""GENRES"": [
      ""Rap"",
      ""R&B/Hip-Hop""
    ],
    ""MAIN_GENRE"": ""Rap""
  },
  {
    ""CLIENT_DOMAIN"": ""Billboard"",
    ""GENRES"": [
      ""Rap"",
      ""R&B/Hip-Hop""
    ],
    ""IS_APPROVED"": true,
    ""MAIN_GENRE"": ""Rap""
  }
]",2023-09-21,2023-09-28,1,40718.41975235,2490
MRELGD1414A665C9D4D088B6A1B3B748003EF,TEC,Lil Tecca,"[
  {
    ""CLIENT_DOMAIN"": ""Luminate"",
    ""GENRES"": [
      ""Rap"",
      ""R&B/Hip-Hop""
    ],
    ""MAIN_GENRE"": ""Rap""
  },
  {
    ""CLIENT_DOMAIN"": ""Billboard"",
    ""GENRES"": [
      ""Rap"",
      ""R&B/Hip-Hop""
    ],
    ""IS_APPROVED"": true,
    ""MAIN_GENRE"": ""Rap""
  }
]",2023-09-21,2023-10-05,2,17972.69491599,66
MRELG2ED1197F15B54DA7B315000EB6353FD6,Virgo World,Lil Tecca,"[
  {
    ""CLIENT_DOMAIN"": ""Luminate"",
    ""GENRES"": [
      ""Rap"",
      ""R&B/Hip-Hop""
    ],
    ""MAIN_GENRE"": ""Rap""
  },
  {
    ""CLIENT_DOMAIN"": ""Billboard"",
    ""GENRES"": [
      ""R&B/Hip-Hop"",
      ""Rap""
    ],
    ""IS_APPROVED"": true,
    ""MAIN_GENRE"": ""Rap""
  }
]",2020-09-18,2020-09-24,1,34428.97042432,4223
MRELG2ED1197F15B54DA7B315000EB6353FD6,Virgo World,Lil Tecca,"[
  {
    ""CLIENT_DOMAIN"": ""Luminate"",
    ""GENRES"": [
      ""Rap"",
      ""R&B/Hip-Hop""
    ],
    ""MAIN_GENRE"": ""Rap""
  },
  {
    ""CLIENT_DOMAIN"": ""Billboard"",
    ""GENRES"": [
      ""R&B/Hip-Hop"",
      ""Rap""
    ],
    ""IS_APPROVED"": true,
    ""MAIN_GENRE"": ""Rap""
  }
]",2020-09-18,2020-10-01,2,13552.41321711,560
MRELGF084D27BACCE47B0883FFB050B50DBD0,We Love You Tecca,Lil Tecca,"[
  {
    ""CLIENT_DOMAIN"": ""Luminate"",
    ""GENRES"": [
      ""Rap"",
      ""R&B/Hip-Hop""
    ],
    ""MAIN_GENRE"": ""Rap""
  },
  {
    ""CLIENT_DOMAIN"": ""Billboard"",
    ""GENRES"": [
      ""R&B/Hip-Hop"",
      ""Rap""
    ],
    ""IS_APPROVED"": true,
    ""MAIN_GENRE"": ""Rap""
  }
]",2019-08-27,2019-08-29,1,33793.63210076,0
MRELGF084D27BACCE47B0883FFB050B50DBD0,We Love You Tecca,Lil Tecca,"[
  {
    ""CLIENT_DOMAIN"": ""Luminate"",
    ""GENRES"": [
      ""Rap"",
      ""R&B/Hip-Hop""
    ],
    ""MAIN_GENRE"": ""Rap""
  },
  {
    ""CLIENT_DOMAIN"": ""Billboard"",
    ""GENRES"": [
      ""R&B/Hip-Hop"",
      ""Rap""
    ],
    ""IS_APPROVED"": true,
    ""MAIN_GENRE"": ""Rap""
  }
]",2019-08-27,2019-09-05,2,78684.17783176,3775
MRELGCB33D67482AC444193C1E68EBAFF21DC,We Love You Tecca 2,Lil Tecca,"[
  {
    ""CLIENT_DOMAIN"": ""Luminate"",
    ""GENRES"": [
      ""Rap"",
      ""R&B/Hip-Hop""
    ],
    ""MAIN_GENRE"": ""Rap""
  },
  {
    ""CLIENT_DOMAIN"": ""Billboard"",
    ""GENRES"": [
      ""R&B/Hip-Hop"",
      ""Rap""
    ],
    ""IS_APPROVED"": true,
    ""MAIN_GENRE"": ""Rap""
  }
]",2021-08-27,2021-09-02,1,29943.82997451,1094
MRELGCB33D67482AC444193C1E68EBAFF21DC,We Love You Tecca 2,Lil Tecca,"[
  {
    ""CLIENT_DOMAIN"": ""Luminate"",
    ""GENRES"": [
      ""Rap"",
      ""R&B/Hip-Hop""
    ],
    ""MAIN_GENRE"": ""Rap""
  },
  {
    ""CLIENT_DOMAIN"": ""Billboard"",
    ""GENRES"": [
      ""R&B/Hip-Hop"",
      ""Rap""
    ],
    ""IS_APPROVED"": true,
    ""MAIN_GENRE"": ""Rap""
  }
]",2021-08-27,2021-09-09,2,15167.14801080,94
MRELGBA486879BAF642B8980D7582DCED92F0,Destined 2 Win,Lil Tjay,"[
  {
    ""CLIENT_DOMAIN"": ""Luminate"",
    ""GENRES"": [
      ""Rap"",
      ""R&B/Hip-Hop""
    ],
    ""MAIN_GENRE"": ""Rap""
  },
  {
    ""CLIENT_DOMAIN"": ""Billboard"",
    ""GENRES"": [
      ""R&B/Hip-Hop"",
      ""Rap""
    ],
    ""IS_APPROVED"": true,
    ""MAIN_GENRE"": ""Rap""
  }
]",2021-03-24,2021-03-25,1,22383.57146507,0
MRELGBA486879BAF642B8980D7582DCED92F0,Destined 2 Win,Lil Tjay,"[
  {
    ""CLIENT_DOMAIN"": ""Luminate"",
    ""GENRES"": [
      ""Rap"",
      ""R&B/Hip-Hop""
    ],
    ""MAIN_GENRE"": ""Rap""
  },
  {
    ""CLIENT_DOMAIN"": ""Billboard"",
    ""GENRES"": [
      ""R&B/Hip-Hop"",
      ""Rap""
    ],
    ""IS_APPROVED"": true,
    ""MAIN_GENRE"": ""Rap""
  }
]",2021-03-24,2021-04-01,2,19596.91519440,0
MRELGC43CB91BF7EF48AD8A8889869C50CC33,True 2 Myself,Lil Tjay,"[
  {
    ""CLIENT_DOMAIN"": ""Luminate"",
    ""GENRES"": [
      ""Rap"",
      ""R&B/Hip-Hop""
    ],
    ""MAIN_GENRE"": ""Rap""
  },
  {
    ""CLIENT_DOMAIN"": ""Billboard"",
    ""GENRES"": [
      ""R&B/Hip-Hop"",
      ""Rap""
    ],
    ""IS_APPROVED"": true,
    ""MAIN_GENRE"": ""Rap""
  }
]",2019-10-11,2019-10-17,1,49674.43810559,597
MRELGC43CB91BF7EF48AD8A8889869C50CC33,True 2 Myself,Lil Tjay,"[
  {
    ""CLIENT_DOMAIN"": ""Luminate"",
    ""GENRES"": [
      ""Rap"",
      ""R&B/Hip-Hop""
    ],
    ""MAIN_GENRE"": ""Rap""
  },
  {
    ""CLIENT_DOMAIN"": ""Billboard"",
    ""GENRES"": [
      ""R&B/Hip-Hop"",
      ""Rap""
    ],
    ""IS_APPROVED"": true,
    ""MAIN_GENRE"": ""Rap""
  }
]",2019-10-11,2019-10-24,2,34770.15730254,130
MRELGEAA9FC6A9FBB49EA8DA9ECED509F3B12,ETERNAL ATAKE 2,Lil Uzi Vert,"[
  {
    ""CLIENT_DOMAIN"": ""Billboard"",
    ""GENRES"": [
      ""Rap"",
      ""R&B/Hip-Hop""
    ],
    ""IS_APPROVED"": true,
    ""MAIN_GENRE"": ""Rap""
  },
  {
    ""CLIENT_DOMAIN"": ""Luminate"",
    ""GENRES"": [
      ""Rap"",
      ""R&B/Hip-Hop"",
      ""Others""
    ],
    ""MAIN_GENRE"": ""Rap""
  }
]",2024-10-31,2024-11-07,1,58259.80125734,1229
MRELGEAA9FC6A9FBB49EA8DA9ECED509F3B12,ETERNAL ATAKE 2,Lil Uzi Vert,"[
  {
    ""CLIENT_DOMAIN"": ""Billboard"",
    ""GENRES"": [
      ""Rap"",
      ""R&B/Hip-Hop""
    ],
    ""IS_APPROVED"": true,
    ""MAIN_GENRE"": ""Rap""
  },
  {
    ""CLIENT_DOMAIN"": ""Luminate"",
    ""GENRES"": [
      ""Rap"",
      ""R&B/Hip-Hop"",
      ""Others""
    ],
    ""MAIN_GENRE"": ""Rap""
  }
]",2024-10-31,2024-11-14,2,17125.48575402,74
MRELG21E0EE23749149FEB16643B2D29B1DEE,Funeral,Lil Wayne,"[
  {
    ""CLIENT_DOMAIN"": ""Billboard"",
    ""GENRES"": [
      ""R&B/Hip-Hop"",
      ""Rap""
    ],
    ""IS_APPROVED"": true,
    ""MAIN_GENRE"": ""Rap""
  },
  {
    ""CLIENT_DOMAIN"": ""Luminate"",
    ""GENRES"": [
      ""Rap"",
      ""R&B/Hip-Hop""
    ],
    ""MAIN_GENRE"": ""Rap""
  }
]",2020-01-31,2020-02-06,1,140558.23162900,37592
MRELG21E0EE23749149FEB16643B2D29B1DEE,Funeral,Lil Wayne,"[
  {
    ""CLIENT_DOMAIN"": ""Billboard"",
    ""GENRES"": [
      ""R&B/Hip-Hop"",
      ""Rap""
    ],
    ""IS_APPROVED"": true,
    ""MAIN_GENRE"": ""Rap""
  },
  {
    ""CLIENT_DOMAIN"": ""Luminate"",
    ""GENRES"": [
      ""Rap"",
      ""R&B/Hip-Hop""
    ],
    ""MAIN_GENRE"": ""Rap""
  }
]",2020-01-31,2020-02-13,2,45960.46061816,4923
MRELGDED8575BDD604405B39C1E98E017238E,I Am Music,Lil Wayne,"[
  {
    ""CLIENT_DOMAIN"": ""Billboard"",
    ""GENRES"": [
      ""R&B/Hip-Hop"",
      ""Rap""
    ],
    ""IS_APPROVED"": true,
    ""MAIN_GENRE"": ""Rap""
  },
  {
    ""CLIENT_DOMAIN"": ""Luminate"",
    ""GENRES"": [
      ""Rap"",
      ""R&B/Hip-Hop""
    ],
    ""MAIN_GENRE"": ""Rap""
  }
]",2023-03-31,2023-04-06,1,20313.94463375,821
MRELGDED8575BDD604405B39C1E98E017238E,I Am Music,Lil Wayne,"[
  {
    ""CLIENT_DOMAIN"": ""Billboard"",
    ""GENRES"": [
      ""R&B/Hip-Hop"",
      ""Rap""
    ],
    ""IS_APPROVED"": true,
    ""MAIN_GENRE"": ""Rap""
  },
  {
    ""CLIENT_DOMAIN"": ""Luminate"",
    ""GENRES"": [
      ""Rap"",
      ""R&B/Hip-Hop""
    ],
    ""MAIN_GENRE"": ""Rap""
  }
]",2023-03-31,2023-04-13,2,17115.65072018,137
MRELG5A4C90F8B4C942D68BB971745FF2E927,Tha Carter VI,Lil Wayne,"[
  {
    ""CLIENT_DOMAIN"": ""Luminate"",
    ""GENRES"": [
      ""Rap"",
      ""R&B/Hip-Hop""
    ],
    ""MAIN_GENRE"": ""Rap""
  },
  {
    ""CLIENT_DOMAIN"": ""Billboard"",
    ""GENRES"": [
      ""Rap"",
      ""R&B/Hip-Hop""
    ],
    ""IS_APPROVED"": true,
    ""MAIN_GENRE"": ""Rap""
  }
]",2025-06-05,2025-06-12,1,108101.05075131,34340
MRELG5A4C90F8B4C942D68BB971745FF2E927,Tha Carter VI,Lil Wayne,"[
  {
    ""CLIENT_DOMAIN"": ""Luminate"",
    ""GENRES"": [
      ""Rap"",
      ""R&B/Hip-Hop""
    ],
    ""MAIN_GENRE"": ""Rap""
  },
  {
    ""CLIENT_DOMAIN"": ""Billboard"",
    ""GENRES"": [
      ""Rap"",
      ""R&B/Hip-Hop""
    ],
    ""IS_APPROVED"": true,
    ""MAIN_GENRE"": ""Rap""
  }
]",2025-06-05,2025-06-19,2,26151.35580282,2297
MRELG9EC817F3A9B4472FB2766E0668FDC56B,Let’s Start Here.,Lil Yachty,"[
  {
    ""CLIENT_DOMAIN"": ""Luminate"",
    ""GENRES"": [
      ""Rock""
    ],
    ""MAIN_GENRE"": ""Rock""
  },
  {
    ""CLIENT_DOMAIN"": ""Billboard"",
    ""GENRES"": [
      ""Rock"",
      ""Alt. Rock""
    ],
    ""IS_APPROVED"": true,
    ""MAIN_GENRE"": ""Alt. Rock""
  }
]",2023-01-27,2023-02-02,1,36187.45777654,4671
MRELG9EC817F3A9B4472FB2766E0668FDC56B,Let’s Start Here.,Lil Yachty,"[
  {
    ""CLIENT_DOMAIN"": ""Luminate"",
    ""GENRES"": [
      ""Rock""
    ],
    ""MAIN_GENRE"": ""Rock""
  },
  {
    ""CLIENT_DOMAIN"": ""Billboard"",
    ""GENRES"": [
      ""Rock"",
      ""Alt. Rock""
    ],
    ""IS_APPROVED"": true,
    ""MAIN_GENRE"": ""Alt. Rock""
  }
]",2023-01-27,2023-02-09,2,14701.27225570,2883
MRELG884DD51325274360A71F9213762893E8,Lil Boat 2,Lil Yachty,"[
  {
    ""CLIENT_DOMAIN"": ""Billboard"",
    ""GENRES"": [
      ""R&B/Hip-Hop"",
      ""Rap""
    ],
    ""IS_APPROVED"": true,
    ""MAIN_GENRE"": ""Rap""
  },
  {
    ""CLIENT_DOMAIN"": ""Luminate"",
    ""GENRES"": [
      ""Rap"",
      ""R&B/Hip-Hop""
    ],
    ""MAIN_GENRE"": ""Rap""
  }
]",2018-03-09,2018-03-15,1,72377.78894332,7002
MRELG884DD51325274360A71F9213762893E8,Lil Boat 2,Lil Yachty,"[
  {
    ""CLIENT_DOMAIN"": ""Billboard"",
    ""GENRES"": [
      ""R&B/Hip-Hop"",
      ""Rap""
    ],
    ""IS_APPROVED"": true,
    ""MAIN_GENRE"": ""Rap""
  },
  {
    ""CLIENT_DOMAIN"": ""Luminate"",
    ""GENRES"": [
      ""Rap"",
      ""R&B/Hip-Hop""
    ],
    ""MAIN_GENRE"": ""Rap""
  }
]",2018-03-09,2018-03-22,2,33682.56425201,818
MRELG6CB673558C50428D9FF7525D65540032,Lil Boat 3,Lil Yachty,"[
  {
    ""CLIENT_DOMAIN"": ""Luminate"",
    ""GENRES"": [
      ""Rap"",
      ""R&B/Hip-Hop""
    ],
    ""MAIN_GENRE"": ""Rap""
  },
  {
    ""CLIENT_DOMAIN"": ""Billboard"",
    ""GENRES"": [
      ""R&B/Hip-Hop"",
      ""Rap""
    ],
    ""IS_APPROVED"": true,
    ""MAIN_GENRE"": ""Rap""
  }
]",2020-05-29,2020-06-04,1,32804.50443181,3328
MRELG6CB673558C50428D9FF7525D65540032,Lil Boat 3,Lil Yachty,"[
  {
    ""CLIENT_DOMAIN"": ""Luminate"",
    ""GENRES"": [
      ""Rap"",
      ""R&B/Hip-Hop""
    ],
    ""MAIN_GENRE"": ""Rap""
  },
  {
    ""CLIENT_DOMAIN"": ""Billboard"",
    ""GENRES"": [
      ""R&B/Hip-Hop"",
      ""Rap""
    ],
    ""IS_APPROVED"": true,
    ""MAIN_GENRE"": ""Rap""
  }
]",2020-05-29,2020-06-11,2,13041.18172819,171
MRELGDF35A18E97C548FAB13877B5FCC423F8,Lil Boat 3.5,Lil Yachty,"[
  {
    ""CLIENT_DOMAIN"": ""Luminate"",
    ""GENRES"": [
      ""Rap"",
      ""R&B/Hip-Hop""
    ],
    ""MAIN_GENRE"": ""Rap""
  },
  {
    ""CLIENT_DOMAIN"": ""Billboard"",
    ""GENRES"": [
      ""Rap"",
      ""R&B/Hip-Hop""
    ],
    ""IS_APPROVED"": true,
    ""MAIN_GENRE"": ""Rap""
  }
]",2020-05-29,2020-06-04,1,29476.50443181,0
MRELGDF35A18E97C548FAB13877B5FCC423F8,Lil Boat 3.5,Lil Yachty,"[
  {
    ""CLIENT_DOMAIN"": ""Luminate"",
    ""GENRES"": [
      ""Rap"",
      ""R&B/Hip-Hop""
    ],
    ""MAIN_GENRE"": ""Rap""
  },
  {
    ""CLIENT_DOMAIN"": ""Billboard"",
    ""GENRES"": [
      ""Rap"",
      ""R&B/Hip-Hop""
    ],
    ""IS_APPROVED"": true,
    ""MAIN_GENRE"": ""Rap""
  }
]",2020-05-29,2020-06-11,2,12870.18172819,0
MRELG6F68C70B9EF445B1B116CC31110926DB,Nuthin' 2 Prove,Lil Yachty,"[
  {
    ""CLIENT_DOMAIN"": ""Billboard"",
    ""GENRES"": [
      ""R&B/Hip-Hop"",
      ""Rap""
    ],
    ""IS_APPROVED"": true,
    ""MAIN_GENRE"": ""Rap""
  },
  {
    ""CLIENT_DOMAIN"": ""Luminate"",
    ""GENRES"": [
      ""Rap"",
      ""R&B/Hip-Hop""
    ],
    ""MAIN_GENRE"": ""Rap""
  }
]",2018-10-19,2018-10-25,1,39662.44971696,1620
MRELG6F68C70B9EF445B1B116CC31110926DB,Nuthin' 2 Prove,Lil Yachty,"[
  {
    ""CLIENT_DOMAIN"": ""Billboard"",
    ""GENRES"": [
      ""R&B/Hip-Hop"",
      ""Rap""
    ],
    ""IS_APPROVED"": true,
    ""MAIN_GENRE"": ""Rap""
  },
  {
    ""CLIENT_DOMAIN"": ""Luminate"",
    ""GENRES"": [
      ""Rap"",
      ""R&B/Hip-Hop""
    ],
    ""MAIN_GENRE"": ""Rap""
  }
]",2018-10-19,2018-11-01,2,19497.48901581,346
MRELGDA0FD42089FF4BDB8708707F212EF7B6,Surface Pressure,"Lin-Manuel Miranda, Jessica Darrow, Encanto - Cast","[
  {
    ""CLIENT_DOMAIN"": ""Luminate"",
    ""GENRES"": [
      ""Indie Rock"",
      ""Soundtrack"",
      ""Alternative"",
      ""Pop""
    ],
    ""MAIN_GENRE"": ""Alternative""
  },
  {
    ""CLIENT_DOMAIN"": ""Billboard"",
    ""GENRES"": [
      ""Soundtrack"",
      ""Rock"",
      ""Pop""
    ],
    ""IS_APPROVED"": false,
    ""MAIN_GENRE"": ""Pop""
  }
]",2022-01-27,2022-02-03,1,15327.56650844,0
MRELGDA0FD42089FF4BDB8708707F212EF7B6,Surface Pressure,"Lin-Manuel Miranda, Jessica Darrow, Encanto - Cast","[
  {
    ""CLIENT_DOMAIN"": ""Luminate"",
    ""GENRES"": [
      ""Indie Rock"",
      ""Soundtrack"",
      ""Alternative"",
      ""Pop""
    ],
    ""MAIN_GENRE"": ""Alternative""
  },
  {
    ""CLIENT_DOMAIN"": ""Billboard"",
    ""GENRES"": [
      ""Soundtrack"",
      ""Rock"",
      ""Pop""
    ],
    ""IS_APPROVED"": false,
    ""MAIN_GENRE"": ""Pop""
  }
]",2022-01-27,2022-02-10,2,14387.50348559,0
MRELG200CD943B85046B3BA45E834D6DB63D1,From Zero: A Cappellas + Instrumentals,Linkin Park,"[
  {
    ""CLIENT_DOMAIN"": ""Billboard"",
    ""GENRES"": [
      ""Rock""
    ],
    ""IS_APPROVED"": false,
    ""MAIN_GENRE"": ""Rock""
  },
  {
    ""CLIENT_DOMAIN"": ""Luminate"",
    ""GENRES"": [
      ""Rock"",
      ""Alternative"",
      ""Metal""
    ],
    ""MAIN_GENRE"": ""Metal""
  }
]",2024-11-14,2024-11-21,1,24020.18204605,0
MRELG200CD943B85046B3BA45E834D6DB63D1,From Zero: A Cappellas + Instrumentals,Linkin Park,"[
  {
    ""CLIENT_DOMAIN"": ""Billboard"",
    ""GENRES"": [
      ""Rock""
    ],
    ""IS_APPROVED"": false,
    ""MAIN_GENRE"": ""Rock""
  },
  {
    ""CLIENT_DOMAIN"": ""Luminate"",
    ""GENRES"": [
      ""Rock"",
      ""Alternative"",
      ""Metal""
    ],
    ""MAIN_GENRE"": ""Metal""
  }
]",2024-11-14,2024-11-28,2,12274.10231811,0
MRELG4B49A0FD44C44D2798A7ABC9AD4B25DF,Nightfall,Little Big Town,"[
  {
    ""CLIENT_DOMAIN"": ""Luminate"",
    ""GENRES"": [
      ""Country""
    ],
    ""MAIN_GENRE"": ""Country""
  },
  {
    ""CLIENT_DOMAIN"": ""Billboard"",
    ""GENRES"": [
      ""Country""
    ],
    ""IS_APPROVED"": true,
    ""MAIN_GENRE"": ""Country""
  }
]",2020-01-17,2020-01-23,1,30797.48630170,26447
MRELG4B49A0FD44C44D2798A7ABC9AD4B25DF,Nightfall,Little Big Town,"[
  {
    ""CLIENT_DOMAIN"": ""Luminate"",
    ""GENRES"": [
      ""Country""
    ],
    ""MAIN_GENRE"": ""Country""
  },
  {
    ""CLIENT_DOMAIN"": ""Billboard"",
    ""GENRES"": [
      ""Country""
    ],
    ""IS_APPROVED"": true,
    ""MAIN_GENRE"": ""Country""
  }
]",2020-01-17,2020-01-30,2,7193.37743459,4623
MRELG1C6F7251ACF6442C8418D461659F8E6D,BOUNCE BACK - EP,Little Mix,"[
  {
    ""CLIENT_DOMAIN"": ""Luminate"",
    ""GENRES"": [
      ""Pop""
    ],
    ""MAIN_GENRE"": ""Pop""
  },
  {
    ""CLIENT_DOMAIN"": ""Billboard"",
    ""GENRES"": [
      ""Pop""
    ],
    ""IS_APPROVED"": false,
    ""MAIN_GENRE"": ""Pop""
  }
]",2020-08-21,2020-08-27,1,31237.72657463,0
MRELG1C6F7251ACF6442C8418D461659F8E6D,BOUNCE BACK - EP,Little Mix,"[
  {
    ""CLIENT_DOMAIN"": ""Luminate"",
    ""GENRES"": [
      ""Pop""
    ],
    ""MAIN_GENRE"": ""Pop""
  },
  {
    ""CLIENT_DOMAIN"": ""Billboard"",
    ""GENRES"": [
      ""Pop""
    ],
    ""IS_APPROVED"": false,
    ""MAIN_GENRE"": ""Pop""
  }
]",2020-08-21,2020-09-03,2,31007.88447386,0
MRELGBC829A544A914EE393A17BF03E1A3F91,Bobby Tarantino II,Logic,"[
  {
    ""CLIENT_DOMAIN"": ""Billboard"",
    ""GENRES"": [
      ""Rap"",
      ""R&B/Hip-Hop""
    ],
    ""IS_APPROVED"": true,
    ""MAIN_GENRE"": ""Rap""
  },
  {
    ""CLIENT_DOMAIN"": ""Luminate"",
    ""GENRES"": [
      ""Rap"",
      ""R&B/Hip-Hop""
    ],
    ""MAIN_GENRE"": ""Rap""
  }
]",2018-03-09,2018-03-15,1,129012.82779435,32002
MRELGBC829A544A914EE393A17BF03E1A3F91,Bobby Tarantino II,Logic,"[
  {
    ""CLIENT_DOMAIN"": ""Billboard"",
    ""GENRES"": [
      ""Rap"",
      ""R&B/Hip-Hop""
    ],
    ""IS_APPROVED"": true,
    ""MAIN_GENRE"": ""Rap""
  },
  {
    ""CLIENT_DOMAIN"": ""Luminate"",
    ""GENRES"": [
      ""Rap"",
      ""R&B/Hip-Hop""
    ],
    ""MAIN_GENRE"": ""Rap""
  }
]",2018-03-09,2018-03-22,2,52694.56214131,4526
MRELG4E09C80B22CA4C1BA6A26C413EB2E4D9,Homicide,Logic,"[
  {
    ""CLIENT_DOMAIN"": ""Luminate"",
    ""GENRES"": [
      ""Rap"",
      ""R&B/Hip-Hop""
    ],
    ""MAIN_GENRE"": ""Rap""
  },
  {
    ""CLIENT_DOMAIN"": ""Billboard"",
    ""GENRES"": [
      ""Rap"",
      ""R&B/Hip-Hop""
    ],
    ""IS_APPROVED"": true,
    ""MAIN_GENRE"": ""Rap""
  }
]",2019-05-03,2019-05-09,1,24843.53690712,294
MRELG4E09C80B22CA4C1BA6A26C413EB2E4D9,Homicide,Logic,"[
  {
    ""CLIENT_DOMAIN"": ""Luminate"",
    ""GENRES"": [
      ""Rap"",
      ""R&B/Hip-Hop""
    ],
    ""MAIN_GENRE"": ""Rap""
  },
  {
    ""CLIENT_DOMAIN"": ""Billboard"",
    ""GENRES"": [
      ""Rap"",
      ""R&B/Hip-Hop""
    ],
    ""IS_APPROVED"": true,
    ""MAIN_GENRE"": ""Rap""
  }
]",2019-05-03,2019-05-16,2,13728.13288904,43
MRELGDD25FA0C006E4E8BB9A9014237823152,VINYL DAYS,Logic,"[
  {
    ""CLIENT_DOMAIN"": ""Billboard"",
    ""GENRES"": [
      ""Rap"",
      ""R&B/Hip-Hop""
    ],
    ""IS_APPROVED"": true,
    ""MAIN_GENRE"": ""Rap""
  },
  {
    ""CLIENT_DOMAIN"": ""Luminate"",
    ""GENRES"": [
      ""Rap"",
      ""R&B/Hip-Hop""
    ],
    ""MAIN_GENRE"": ""Rap""
  }
]",2022-06-17,2022-06-23,1,24772.52855957,6940
MRELGDD25FA0C006E4E8BB9A9014237823152,VINYL DAYS,Logic,"[
  {
    ""CLIENT_DOMAIN"": ""Billboard"",
    ""GENRES"": [
      ""Rap"",
      ""R&B/Hip-Hop""
    ],
    ""IS_APPROVED"": true,
    ""MAIN_GENRE"": ""Rap""
  },
  {
    ""CLIENT_DOMAIN"": ""Luminate"",
    ""GENRES"": [
      ""Rap"",
      ""R&B/Hip-Hop""
    ],
    ""MAIN_GENRE"": ""Rap""
  }
]",2022-06-17,2022-06-30,2,7147.18072760,1094
MRELGE32281CD27A74CBBB467CF9BB18D955A,Vinyl Days,Logic,"[
  {
    ""CLIENT_DOMAIN"": ""Luminate"",
    ""GENRES"": [
      ""Rap"",
      ""R&B/Hip-Hop""
    ],
    ""MAIN_GENRE"": ""Rap""
  },
  {
    ""CLIENT_DOMAIN"": ""Billboard"",
    ""GENRES"": [
      ""Rap"",
      ""R&B/Hip-Hop""
    ],
    ""IS_APPROVED"": true,
    ""MAIN_GENRE"": ""Rap""
  }
]",2022-06-17,2022-06-23,1,20055.52855957,2223
MRELGE32281CD27A74CBBB467CF9BB18D955A,Vinyl Days,Logic,"[
  {
    ""CLIENT_DOMAIN"": ""Luminate"",
    ""GENRES"": [
      ""Rap"",
      ""R&B/Hip-Hop""
    ],
    ""MAIN_GENRE"": ""Rap""
  },
  {
    ""CLIENT_DOMAIN"": ""Billboard"",
    ""GENRES"": [
      ""Rap"",
      ""R&B/Hip-Hop""
    ],
    ""IS_APPROVED"": true,
    ""MAIN_GENRE"": ""Rap""
  }
]",2022-06-17,2022-06-30,2,6280.18072760,227
MRELG870ADDEC666A4F069C9C9C6306CEA2A7,YSIV,Logic,"[
  {
    ""CLIENT_DOMAIN"": ""Luminate"",
    ""GENRES"": [
      ""Rap"",
      ""R&B/Hip-Hop""
    ],
    ""MAIN_GENRE"": ""Rap""
  },
  {
    ""CLIENT_DOMAIN"": ""Billboard"",
    ""GENRES"": [
      ""R&B/Hip-Hop"",
      ""Rap""
    ],
    ""IS_APPROVED"": false,
    ""MAIN_GENRE"": ""Rap""
  }
]",2018-09-28,2018-10-04,1,166726.34777464,121268
MRELG870ADDEC666A4F069C9C9C6306CEA2A7,YSIV,Logic,"[
  {
    ""CLIENT_DOMAIN"": ""Luminate"",
    ""GENRES"": [
      ""Rap"",
      ""R&B/Hip-Hop""
    ],
    ""MAIN_GENRE"": ""Rap""
  },
  {
    ""CLIENT_DOMAIN"": ""Billboard"",
    ""GENRES"": [
      ""R&B/Hip-Hop"",
      ""Rap""
    ],
    ""IS_APPROVED"": false,
    ""MAIN_GENRE"": ""Rap""
  }
]",2018-09-28,2018-10-11,2,18466.14502209,1762
MRELG0B2DD281FF184E708DE2E5F69C70DC91,The Cosmic Selector Vol. 1,Lord Huron,"[
  {
    ""CLIENT_DOMAIN"": ""Billboard"",
    ""GENRES"": [
      ""Rock"",
      ""Alt. Rock""
    ],
    ""IS_APPROVED"": true,
    ""MAIN_GENRE"": ""Alt. Rock""
  },
  {
    ""CLIENT_DOMAIN"": ""Luminate"",
    ""GENRES"": [
      ""Rock"",
      ""Folk""
    ],
    ""MAIN_GENRE"": ""Rock""
  }
]",2025-07-18,2025-07-24,1,23612.32513731,18083
MRELG0B2DD281FF184E708DE2E5F69C70DC91,The Cosmic Selector Vol. 1,Lord Huron,"[
  {
    ""CLIENT_DOMAIN"": ""Billboard"",
    ""GENRES"": [
      ""Rock"",
      ""Alt. Rock""
    ],
    ""IS_APPROVED"": true,
    ""MAIN_GENRE"": ""Alt. Rock""
  },
  {
    ""CLIENT_DOMAIN"": ""Luminate"",
    ""GENRES"": [
      ""Rock"",
      ""Folk""
    ],
    ""MAIN_GENRE"": ""Rock""
  }
]",2025-07-18,2025-07-31,2,6476.08797882,3250
MRELG5075EE732C5E4C94AF62A52C02B9ADB1,Vide Noir,Lord Huron,"[
  {
    ""CLIENT_DOMAIN"": ""Billboard"",
    ""GENRES"": [
      ""Rock"",
      ""Folk"",
      ""Alt. Rock""
    ],
    ""IS_APPROVED"": true,
    ""MAIN_GENRE"": ""Rock""
  },
  {
    ""CLIENT_DOMAIN"": ""Luminate"",
    ""GENRES"": [
      ""Indie Rock"",
      ""Rock"",
      ""Folk""
    ],
    ""MAIN_GENRE"": ""Rock""
  }
]",2018-04-20,2018-04-26,1,31447.34732991,28411
MRELG5075EE732C5E4C94AF62A52C02B9ADB1,Vide Noir,Lord Huron,"[
  {
    ""CLIENT_DOMAIN"": ""Billboard"",
    ""GENRES"": [
      ""Rock"",
      ""Folk"",
      ""Alt. Rock""
    ],
    ""IS_APPROVED"": true,
    ""MAIN_GENRE"": ""Rock""
  },
  {
    ""CLIENT_DOMAIN"": ""Luminate"",
    ""GENRES"": [
      ""Indie Rock"",
      ""Rock"",
      ""Folk""
    ],
    ""MAIN_GENRE"": ""Rock""
  }
]",2018-04-20,2018-05-03,2,4714.14770800,2976
MRELG7315F8EB5E164B42BEDB3983B22921D0,Solar Power,Lorde,"[
  {
    ""CLIENT_DOMAIN"": ""Billboard"",
    ""GENRES"": [
      ""Pop"",
      ""Alt. Rock""
    ],
    ""IS_APPROVED"": true,
    ""MAIN_GENRE"": ""Pop""
  },
  {
    ""CLIENT_DOMAIN"": ""Luminate"",
    ""GENRES"": [
      ""Indie Rock"",
      ""Euro Hip-Hop"",
      ""Rock"",
      ""Electronica"",
      ""Pop""
    ],
    ""MAIN_GENRE"": ""Pop""
  }
]",2021-08-20,2021-08-26,1,68041.41336495,45957
MRELG7315F8EB5E164B42BEDB3983B22921D0,Solar Power,Lorde,"[
  {
    ""CLIENT_DOMAIN"": ""Billboard"",
    ""GENRES"": [
      ""Pop"",
      ""Alt. Rock""
    ],
    ""IS_APPROVED"": true,
    ""MAIN_GENRE"": ""Pop""
  },
  {
    ""CLIENT_DOMAIN"": ""Luminate"",
    ""GENRES"": [
      ""Indie Rock"",
      ""Euro Hip-Hop"",
      ""Rock"",
      ""Electronica"",
      ""Pop""
    ],
    ""MAIN_GENRE"": ""Pop""
  }
]",2021-08-20,2021-09-02,2,16275.32756732,8056
MRELG8428E3E28B3E4E3D8843780B5CD4820F,Virgin,Lorde,"[
  {
    ""CLIENT_DOMAIN"": ""Luminate"",
    ""GENRES"": [
      ""Indie Rock"",
      ""Rock"",
      ""Electronica"",
      ""Pop""
    ],
    ""MAIN_GENRE"": ""Pop""
  },
  {
    ""CLIENT_DOMAIN"": ""Billboard"",
    ""GENRES"": [
      ""Pop"",
      ""Alt. Rock""
    ],
    ""IS_APPROVED"": true,
    ""MAIN_GENRE"": ""Pop""
  }
]",2025-06-27,2025-07-03,1,71433.54200002,42168
MRELG8428E3E28B3E4E3D8843780B5CD4820F,Virgin,Lorde,"[
  {
    ""CLIENT_DOMAIN"": ""Luminate"",
    ""GENRES"": [
      ""Indie Rock"",
      ""Rock"",
      ""Electronica"",
      ""Pop""
    ],
    ""MAIN_GENRE"": ""Pop""
  },
  {
    ""CLIENT_DOMAIN"": ""Billboard"",
    ""GENRES"": [
      ""Pop"",
      ""Alt. Rock""
    ],
    ""IS_APPROVED"": true,
    ""MAIN_GENRE"": ""Pop""
  }
]",2025-06-27,2025-07-10,2,19932.23563001,6743
MRELG6CCD61F6AA40479D8E8C877873F6FA30,Walls,Louis Tomlinson,"[
  {
    ""CLIENT_DOMAIN"": ""Luminate"",
    ""GENRES"": [
      ""Pop""
    ],
    ""MAIN_GENRE"": ""Pop""
  },
  {
    ""CLIENT_DOMAIN"": ""Billboard"",
    ""GENRES"": [
      ""Pop""
    ],
    ""IS_APPROVED"": true,
    ""MAIN_GENRE"": ""Pop""
  }
]",2020-01-31,2020-02-06,1,38612.25393487,35221
MRELG6CCD61F6AA40479D8E8C877873F6FA30,Walls,Louis Tomlinson,"[
  {
    ""CLIENT_DOMAIN"": ""Luminate"",
    ""GENRES"": [
      ""Pop""
    ],
    ""MAIN_GENRE"": ""Pop""
  },
  {
    ""CLIENT_DOMAIN"": ""Billboard"",
    ""GENRES"": [
      ""Pop""
    ],
    ""IS_APPROVED"": true,
    ""MAIN_GENRE"": ""Pop""
  }
]",2020-01-31,2020-02-13,2,3517.07325668,1879
MRELG5DAE5352268F4A1CAE887584C10B244E,Good Souls Better Angels,Lucinda Williams,"[
  {
    ""CLIENT_DOMAIN"": ""Billboard"",
    ""GENRES"": [
      ""Rock"",
      ""Folk""
    ],
    ""IS_APPROVED"": true,
    ""MAIN_GENRE"": ""Rock""
  },
  {
    ""CLIENT_DOMAIN"": ""Luminate"",
    ""GENRES"": [
      ""Country & Folk"",
      ""Rock"",
      ""Folk""
    ],
    ""MAIN_GENRE"": ""Rock""
  }
]",2020-04-24,2020-04-30,1,7103.51984174,6671
MRELG5DAE5352268F4A1CAE887584C10B244E,Good Souls Better Angels,Lucinda Williams,"[
  {
    ""CLIENT_DOMAIN"": ""Billboard"",
    ""GENRES"": [
      ""Rock"",
      ""Folk""
    ],
    ""IS_APPROVED"": true,
    ""MAIN_GENRE"": ""Rock""
  },
  {
    ""CLIENT_DOMAIN"": ""Luminate"",
    ""GENRES"": [
      ""Country & Folk"",
      ""Rock"",
      ""Folk""
    ],
    ""MAIN_GENRE"": ""Rock""
  }
]",2020-04-24,2020-05-07,2,3838.34270641,3651
MRELG66CCCA24AE3847B8B62A4898E09EC846,Forever Is A Feeling,Lucy Dacus,"[
  {
    ""CLIENT_DOMAIN"": ""Billboard"",
    ""GENRES"": [
      ""Rock"",
      ""Folk"",
      ""Alt. Rock""
    ],
    ""IS_APPROVED"": true,
    ""MAIN_GENRE"": ""Alt. Rock""
  },
  {
    ""CLIENT_DOMAIN"": ""Luminate"",
    ""GENRES"": [
      ""Indie Rock"",
      ""Rock"",
      ""Folk""
    ],
    ""MAIN_GENRE"": ""Rock""
  }
]",2025-03-28,2025-04-03,1,30123.65542411,23907
MRELG66CCCA24AE3847B8B62A4898E09EC846,Forever Is A Feeling,Lucy Dacus,"[
  {
    ""CLIENT_DOMAIN"": ""Billboard"",
    ""GENRES"": [
      ""Rock"",
      ""Folk"",
      ""Alt. Rock""
    ],
    ""IS_APPROVED"": true,
    ""MAIN_GENRE"": ""Alt. Rock""
  },
  {
    ""CLIENT_DOMAIN"": ""Luminate"",
    ""GENRES"": [
      ""Indie Rock"",
      ""Rock"",
      ""Folk""
    ],
    ""MAIN_GENRE"": ""Rock""
  }
]",2025-03-28,2025-04-10,2,6255.77367820,3421
MRELG1740FBA55ED642E2B17CC211855FF271,VIDA,Luis Fonsi,"[
  {
    ""CLIENT_DOMAIN"": ""Billboard"",
    ""GENRES"": [
      ""Latin - Pop"",
      ""Latin""
    ],
    ""IS_APPROVED"": true,
    ""MAIN_GENRE"": ""Latin - Pop""
  },
  {
    ""CLIENT_DOMAIN"": ""Luminate"",
    ""GENRES"": [
      ""Latin Pop"",
      ""Latin""
    ],
    ""MAIN_GENRE"": ""Latin Pop""
  }
]",2019-02-01,2019-02-07,1,26297.29101051,15779
MRELG1740FBA55ED642E2B17CC211855FF271,VIDA,Luis Fonsi,"[
  {
    ""CLIENT_DOMAIN"": ""Billboard"",
    ""GENRES"": [
      ""Latin - Pop"",
      ""Latin""
    ],
    ""IS_APPROVED"": true,
    ""MAIN_GENRE"": ""Latin - Pop""
  },
  {
    ""CLIENT_DOMAIN"": ""Luminate"",
    ""GENRES"": [
      ""Latin Pop"",
      ""Latin""
    ],
    ""MAIN_GENRE"": ""Latin Pop""
  }
]",2019-02-01,2019-02-14,2,11770.67407327,2863
MRELG263647A107D3421DABDEA70923F4E1AE,Born Here Live Here Die Here,Luke Bryan,"[
  {
    ""CLIENT_DOMAIN"": ""Luminate"",
    ""GENRES"": [
      ""Rap"",
      ""Country"",
      ""Reggaeton""
    ],
    ""MAIN_GENRE"": ""Country""
  },
  {
    ""CLIENT_DOMAIN"": ""Billboard"",
    ""GENRES"": [
      ""Country""
    ],
    ""IS_APPROVED"": true,
    ""MAIN_GENRE"": ""Country""
  }
]",2020-08-07,2020-08-13,1,63934.84857728,48229
MRELG263647A107D3421DABDEA70923F4E1AE,Born Here Live Here Die Here,Luke Bryan,"[
  {
    ""CLIENT_DOMAIN"": ""Luminate"",
    ""GENRES"": [
      ""Rap"",
      ""Country"",
      ""Reggaeton""
    ],
    ""MAIN_GENRE"": ""Country""
  },
  {
    ""CLIENT_DOMAIN"": ""Billboard"",
    ""GENRES"": [
      ""Country""
    ],
    ""IS_APPROVED"": true,
    ""MAIN_GENRE"": ""Country""
  }
]",2020-08-07,2020-08-20,2,20565.85675446,9362
MRELG1B619F86ECCD489D82F0A3BE8463D4FD,Gettin' Old,Luke Combs,"[
  {
    ""CLIENT_DOMAIN"": ""Billboard"",
    ""GENRES"": [
      ""Country""
    ],
    ""IS_APPROVED"": true,
    ""MAIN_GENRE"": ""Country""
  },
  {
    ""CLIENT_DOMAIN"": ""Luminate"",
    ""GENRES"": [
      ""Country""
    ],
    ""MAIN_GENRE"": ""Country""
  }
]",2023-03-24,2023-03-30,1,100253.76304106,32350
MRELG1B619F86ECCD489D82F0A3BE8463D4FD,Gettin' Old,Luke Combs,"[
  {
    ""CLIENT_DOMAIN"": ""Billboard"",
    ""GENRES"": [
      ""Country""
    ],
    ""IS_APPROVED"": true,
    ""MAIN_GENRE"": ""Country""
  },
  {
    ""CLIENT_DOMAIN"": ""Luminate"",
    ""GENRES"": [
      ""Country""
    ],
    ""MAIN_GENRE"": ""Country""
  }
]",2023-03-24,2023-04-06,2,54053.48483961,7827
MRELG6FE94D4744EF46188004BD741A982FFA,THE PREQUEL - EP,Luke Combs,"[
  {
    ""CLIENT_DOMAIN"": ""Luminate"",
    ""GENRES"": [
      ""Rock"",
      ""Country""
    ],
    ""MAIN_GENRE"": ""Country""
  },
  {
    ""CLIENT_DOMAIN"": ""Billboard"",
    ""GENRES"": [
      ""Country""
    ],
    ""IS_APPROVED"": true,
    ""MAIN_GENRE"": ""Country""
  }
]",2019-06-07,2019-06-13,1,49835.05674189,21543
MRELG6FE94D4744EF46188004BD741A982FFA,THE PREQUEL - EP,Luke Combs,"[
  {
    ""CLIENT_DOMAIN"": ""Luminate"",
    ""GENRES"": [
      ""Rock"",
      ""Country""
    ],
    ""MAIN_GENRE"": ""Country""
  },
  {
    ""CLIENT_DOMAIN"": ""Billboard"",
    ""GENRES"": [
      ""Country""
    ],
    ""IS_APPROVED"": true,
    ""MAIN_GENRE"": ""Country""
  }
]",2019-06-07,2019-06-20,2,21314.32312176,4454
MRELG0BDC51028AF94CDD97906D7A6D5F56F0,WHAT YOU SEE IS WHAT YOU GET,Luke Combs,"[
  {
    ""CLIENT_DOMAIN"": ""Billboard"",
    ""GENRES"": [
      ""Country""
    ],
    ""IS_APPROVED"": true,
    ""MAIN_GENRE"": ""Country""
  },
  {
    ""CLIENT_DOMAIN"": ""Luminate"",
    ""GENRES"": [
      ""Country"",
      ""Pop""
    ],
    ""MAIN_GENRE"": ""Country""
  }
]",2019-09-12,2019-09-19,1,17674.02952339,0
MRELG0BDC51028AF94CDD97906D7A6D5F56F0,WHAT YOU SEE IS WHAT YOU GET,Luke Combs,"[
  {
    ""CLIENT_DOMAIN"": ""Billboard"",
    ""GENRES"": [
      ""Country""
    ],
    ""IS_APPROVED"": true,
    ""MAIN_GENRE"": ""Country""
  },
  {
    ""CLIENT_DOMAIN"": ""Luminate"",
    ""GENRES"": [
      ""Country"",
      ""Pop""
    ],
    ""MAIN_GENRE"": ""Country""
  }
]",2019-09-12,2019-09-26,2,14878.34981659,0
MRELG7CBC8959D83045A3934A1813AB7EA7A6,HERE COMES THE COWBOY,MAC DEMARCO,"[
  {
    ""CLIENT_DOMAIN"": ""Luminate"",
    ""GENRES"": [
      ""Indie Rock"",
      ""Rock"",
      ""Folk"",
      ""Bollywood"",
      ""Pop""
    ],
    ""MAIN_GENRE"": ""Rock""
  },
  {
    ""CLIENT_DOMAIN"": ""Billboard"",
    ""GENRES"": [
      ""Folk"",
      ""Rock"",
      ""Alt. Rock""
    ],
    ""IS_APPROVED"": true,
    ""MAIN_GENRE"": ""Alt. Rock""
  }
]",2019-05-10,2019-05-16,1,26804.96216229,20825
MRELG7CBC8959D83045A3934A1813AB7EA7A6,HERE COMES THE COWBOY,MAC DEMARCO,"[
  {
    ""CLIENT_DOMAIN"": ""Luminate"",
    ""GENRES"": [
      ""Indie Rock"",
      ""Rock"",
      ""Folk"",
      ""Bollywood"",
      ""Pop""
    ],
    ""MAIN_GENRE"": ""Rock""
  },
  {
    ""CLIENT_DOMAIN"": ""Billboard"",
    ""GENRES"": [
      ""Folk"",
      ""Rock"",
      ""Alt. Rock""
    ],
    ""IS_APPROVED"": true,
    ""MAIN_GENRE"": ""Alt. Rock""
  }
]",2019-05-10,2019-05-23,2,4619.59407165,2624
MRELG77B50F6741354667A3D1F0FC69B4E654,BALLOONERISM,MAC MILLER,"[
  {
    ""CLIENT_DOMAIN"": ""Luminate"",
    ""GENRES"": [
      ""Rap"",
      ""R&B/Hip-Hop""
    ],
    ""MAIN_GENRE"": ""Rap""
  },
  {
    ""CLIENT_DOMAIN"": ""Billboard"",
    ""GENRES"": [
      ""R&B/Hip-Hop"",
      ""Rap""
    ],
    ""IS_APPROVED"": true,
    ""MAIN_GENRE"": ""Rap""
  }
]",2025-01-17,2025-01-23,1,82410.33233251,42409
MRELG77B50F6741354667A3D1F0FC69B4E654,BALLOONERISM,MAC MILLER,"[
  {
    ""CLIENT_DOMAIN"": ""Luminate"",
    ""GENRES"": [
      ""Rap"",
      ""R&B/Hip-Hop""
    ],
    ""MAIN_GENRE"": ""Rap""
  },
  {
    ""CLIENT_DOMAIN"": ""Billboard"",
    ""GENRES"": [
      ""R&B/Hip-Hop"",
      ""Rap""
    ],
    ""IS_APPROVED"": true,
    ""MAIN_GENRE"": ""Rap""
  }
]",2025-01-17,2025-01-30,2,24201.91709341,9464
MRELG697E44728A98449485209120A4DDB112,SWIMMING,MAC MILLER,"[
  {
    ""CLIENT_DOMAIN"": ""Luminate"",
    ""GENRES"": [
      ""Rap"",
      ""R&B/Hip-Hop""
    ],
    ""MAIN_GENRE"": ""Rap""
  },
  {
    ""CLIENT_DOMAIN"": ""Billboard"",
    ""GENRES"": [
      ""Rap"",
      ""R&B/Hip-Hop""
    ],
    ""IS_APPROVED"": true,
    ""MAIN_GENRE"": ""Rap""
  }
]",2018-08-03,2018-08-09,1,57278.73625588,20435
MRELG697E44728A98449485209120A4DDB112,SWIMMING,MAC MILLER,"[
  {
    ""CLIENT_DOMAIN"": ""Luminate"",
    ""GENRES"": [
      ""Rap"",
      ""R&B/Hip-Hop""
    ],
    ""MAIN_GENRE"": ""Rap""
  },
  {
    ""CLIENT_DOMAIN"": ""Billboard"",
    ""GENRES"": [
      ""Rap"",
      ""R&B/Hip-Hop""
    ],
    ""IS_APPROVED"": true,
    ""MAIN_GENRE"": ""Rap""
  }
]",2018-08-03,2018-08-16,2,20464.38903458,2320
MRELGCAA84175184344BDA6EE34B86CB3F215,mainstream sellout,MACHINE GUN KELLY,"[
  {
    ""CLIENT_DOMAIN"": ""Billboard"",
    ""GENRES"": [
      ""Rock"",
      ""Alt. Rock""
    ],
    ""IS_APPROVED"": true,
    ""MAIN_GENRE"": ""Alt. Rock""
  },
  {
    ""CLIENT_DOMAIN"": ""Luminate"",
    ""GENRES"": [
      ""Blues"",
      ""Rock"",
      ""Rap"",
      ""Metal"",
      ""Gospel""
    ],
    ""MAIN_GENRE"": ""Rock""
  }
]",2022-03-25,2022-03-31,1,92961.59190000,42029
MRELGCAA84175184344BDA6EE34B86CB3F215,mainstream sellout,MACHINE GUN KELLY,"[
  {
    ""CLIENT_DOMAIN"": ""Billboard"",
    ""GENRES"": [
      ""Rock"",
      ""Alt. Rock""
    ],
    ""IS_APPROVED"": true,
    ""MAIN_GENRE"": ""Alt. Rock""
  },
  {
    ""CLIENT_DOMAIN"": ""Luminate"",
    ""GENRES"": [
      ""Blues"",
      ""Rock"",
      ""Rap"",
      ""Metal"",
      ""Gospel""
    ],
    ""MAIN_GENRE"": ""Rock""
  }
]",2022-03-25,2022-04-07,2,30677.85264930,3627
MRELG74DF1860FA164242829EFDC9C17D29D2,BEN,MACKLEMORE,"[
  {
    ""CLIENT_DOMAIN"": ""Luminate"",
    ""GENRES"": [
      ""Rock"",
      ""Rap"",
      ""R&B/Hip-Hop"",
      ""Pop""
    ],
    ""MAIN_GENRE"": ""Rap""
  },
  {
    ""CLIENT_DOMAIN"": ""Billboard"",
    ""GENRES"": [
      ""Pop"",
      ""Rap""
    ],
    ""IS_APPROVED"": true,
    ""MAIN_GENRE"": ""Pop""
  }
]",2023-03-03,2023-03-09,1,22947.14484682,13977
MRELG74DF1860FA164242829EFDC9C17D29D2,BEN,MACKLEMORE,"[
  {
    ""CLIENT_DOMAIN"": ""Luminate"",
    ""GENRES"": [
      ""Rock"",
      ""Rap"",
      ""R&B/Hip-Hop"",
      ""Pop""
    ],
    ""MAIN_GENRE"": ""Rap""
  },
  {
    ""CLIENT_DOMAIN"": ""Billboard"",
    ""GENRES"": [
      ""Pop"",
      ""Rap""
    ],
    ""IS_APPROVED"": true,
    ""MAIN_GENRE"": ""Pop""
  }
]",2023-03-03,2023-03-16,2,4797.65140779,2051
MRELG4B081117A7A04898A6ED3A7E84224992,PRINCESS OF POWER,MARINA,"[
  {
    ""CLIENT_DOMAIN"": ""Luminate"",
    ""GENRES"": [
      ""Pop""
    ],
    ""MAIN_GENRE"": ""Pop""
  },
  {
    ""CLIENT_DOMAIN"": ""Billboard"",
    ""GENRES"": [
      ""Dance/Electronic"",
      ""Pop""
    ],
    ""IS_APPROVED"": true,
    ""MAIN_GENRE"": ""Pop""
  }
]",2025-06-06,2025-06-12,1,16677.66197028,9873
MRELG4B081117A7A04898A6ED3A7E84224992,PRINCESS OF POWER,MARINA,"[
  {
    ""CLIENT_DOMAIN"": ""Luminate"",
    ""GENRES"": [
      ""Pop""
    ],
    ""MAIN_GENRE"": ""Pop""
  },
  {
    ""CLIENT_DOMAIN"": ""Billboard"",
    ""GENRES"": [
      ""Dance/Electronic"",
      ""Pop""
    ],
    ""IS_APPROVED"": true,
    ""MAIN_GENRE"": ""Pop""
  }
]",2025-06-06,2025-06-19,2,5692.08151579,1771
MRELG738B42C49E46445AA9A13F9809D1EB27,GOOD MORNING GORGEOUS,MARY J. BLIGE,"[
  {
    ""CLIENT_DOMAIN"": ""Billboard"",
    ""GENRES"": [
      ""R&B"",
      ""R&B/Hip-Hop""
    ],
    ""IS_APPROVED"": true,
    ""MAIN_GENRE"": ""R&B""
  },
  {
    ""CLIENT_DOMAIN"": ""Luminate"",
    ""GENRES"": [
      ""R&B/Hip-Hop""
    ],
    ""MAIN_GENRE"": ""R&B/Hip-Hop""
  }
]",2022-02-10,2022-02-17,1,24730.86241019,14245
MRELG738B42C49E46445AA9A13F9809D1EB27,GOOD MORNING GORGEOUS,MARY J. BLIGE,"[
  {
    ""CLIENT_DOMAIN"": ""Billboard"",
    ""GENRES"": [
      ""R&B"",
      ""R&B/Hip-Hop""
    ],
    ""IS_APPROVED"": true,
    ""MAIN_GENRE"": ""R&B""
  },
  {
    ""CLIENT_DOMAIN"": ""Luminate"",
    ""GENRES"": [
      ""R&B/Hip-Hop""
    ],
    ""MAIN_GENRE"": ""R&B/Hip-Hop""
  }
]",2022-02-10,2022-02-24,2,10862.03146803,5337
MRELGE05929B953354C488D39E9666A86645F,Sunnyland,MAYDAY PARADE,"[
  {
    ""CLIENT_DOMAIN"": ""Luminate"",
    ""GENRES"": [
      ""Rock""
    ],
    ""MAIN_GENRE"": ""Rock""
  },
  {
    ""CLIENT_DOMAIN"": ""Billboard"",
    ""GENRES"": [
      ""Rock"",
      ""Alt. Rock""
    ],
    ""IS_APPROVED"": true,
    ""MAIN_GENRE"": ""Alt. Rock""
  }
]",2018-06-15,2018-06-21,1,7297.15186274,5513
MRELGE05929B953354C488D39E9666A86645F,Sunnyland,MAYDAY PARADE,"[
  {
    ""CLIENT_DOMAIN"": ""Luminate"",
    ""GENRES"": [
      ""Rock""
    ],
    ""MAIN_GENRE"": ""Rock""
  },
  {
    ""CLIENT_DOMAIN"": ""Billboard"",
    ""GENRES"": [
      ""Rock"",
      ""Alt. Rock""
    ],
    ""IS_APPROVED"": true,
    ""MAIN_GENRE"": ""Alt. Rock""
  }
]",2018-06-15,2018-06-28,2,1923.11453873,1104
MRELGAFC1F70D3CAC48168D34082B9FAE6026,SEASONS CHANGE,"MCCREERY, SCOTTY","[
  {
    ""CLIENT_DOMAIN"": ""Luminate"",
    ""GENRES"": [
      ""Country"",
      ""Electronica"",
      ""Pop""
    ],
    ""MAIN_GENRE"": ""Country""
  },
  {
    ""CLIENT_DOMAIN"": ""Billboard"",
    ""GENRES"": [
      ""Country""
    ],
    ""IS_APPROVED"": true,
    ""MAIN_GENRE"": ""Country""
  }
]",2018-03-16,2018-03-22,1,40975.75741786,34214
MRELGAFC1F70D3CAC48168D34082B9FAE6026,SEASONS CHANGE,"MCCREERY, SCOTTY","[
  {
    ""CLIENT_DOMAIN"": ""Luminate"",
    ""GENRES"": [
      ""Country"",
      ""Electronica"",
      ""Pop""
    ],
    ""MAIN_GENRE"": ""Country""
  },
  {
    ""CLIENT_DOMAIN"": ""Billboard"",
    ""GENRES"": [
      ""Country""
    ],
    ""IS_APPROVED"": true,
    ""MAIN_GENRE"": ""Country""
  }
]",2018-03-16,2018-03-29,2,13325.19854365,8736
MRELG5CBBEADB67374B36BF115AD678E99693,EXPENSIVE PAIN,MEEK MILL,"[
  {
    ""CLIENT_DOMAIN"": ""Billboard"",
    ""GENRES"": [
      ""R&B/Hip-Hop"",
      ""Rap""
    ],
    ""IS_APPROVED"": true,
    ""MAIN_GENRE"": ""Rap""
  },
  {
    ""CLIENT_DOMAIN"": ""Luminate"",
    ""GENRES"": [
      ""Rap"",
      ""R&B/Hip-Hop""
    ],
    ""MAIN_GENRE"": ""Rap""
  }
]",2021-10-01,2021-10-07,1,95303.70127172,9687
MRELG5CBBEADB67374B36BF115AD678E99693,EXPENSIVE PAIN,MEEK MILL,"[
  {
    ""CLIENT_DOMAIN"": ""Billboard"",
    ""GENRES"": [
      ""R&B/Hip-Hop"",
      ""Rap""
    ],
    ""IS_APPROVED"": true,
    ""MAIN_GENRE"": ""Rap""
  },
  {
    ""CLIENT_DOMAIN"": ""Luminate"",
    ""GENRES"": [
      ""Rap"",
      ""R&B/Hip-Hop""
    ],
    ""MAIN_GENRE"": ""Rap""
  }
]",2021-10-01,2021-10-14,2,47102.73139819,4521
MRELG2BBFCE014D50434FA3CCB6D3B3C29878,LEGENDS OF THE SUMMER,MEEK MILL,"[
  {
    ""CLIENT_DOMAIN"": ""Luminate"",
    ""GENRES"": [
      ""Rap"",
      ""R&B/Hip-Hop""
    ],
    ""MAIN_GENRE"": ""Rap""
  },
  {
    ""CLIENT_DOMAIN"": ""Billboard"",
    ""GENRES"": [
      ""R&B/Hip-Hop"",
      ""Rap""
    ],
    ""IS_APPROVED"": true,
    ""MAIN_GENRE"": ""Rap""
  }
]",2018-07-06,2018-07-12,1,27777.13103956,6097
MRELG2BBFCE014D50434FA3CCB6D3B3C29878,LEGENDS OF THE SUMMER,MEEK MILL,"[
  {
    ""CLIENT_DOMAIN"": ""Luminate"",
    ""GENRES"": [
      ""Rap"",
      ""R&B/Hip-Hop""
    ],
    ""MAIN_GENRE"": ""Rap""
  },
  {
    ""CLIENT_DOMAIN"": ""Billboard"",
    ""GENRES"": [
      ""R&B/Hip-Hop"",
      ""Rap""
    ],
    ""IS_APPROVED"": true,
    ""MAIN_GENRE"": ""Rap""
  }
]",2018-07-06,2018-07-19,2,12840.34952302,985
MRELG53ACA71077294DF4BFE1550A35A624D6,FEVER,MEGAN THEE STALLION,"[
  {
    ""CLIENT_DOMAIN"": ""Luminate"",
    ""GENRES"": [
      ""Rap"",
      ""R&B/Hip-Hop""
    ],
    ""MAIN_GENRE"": ""Rap""
  },
  {
    ""CLIENT_DOMAIN"": ""Billboard"",
    ""GENRES"": [
      ""Rap"",
      ""R&B/Hip-Hop""
    ],
    ""IS_APPROVED"": true,
    ""MAIN_GENRE"": ""Rap""
  }
]",2019-05-16,2019-05-23,1,28630.58606709,3725
MRELG53ACA71077294DF4BFE1550A35A624D6,FEVER,MEGAN THEE STALLION,"[
  {
    ""CLIENT_DOMAIN"": ""Luminate"",
    ""GENRES"": [
      ""Rap"",
      ""R&B/Hip-Hop""
    ],
    ""MAIN_GENRE"": ""Rap""
  },
  {
    ""CLIENT_DOMAIN"": ""Billboard"",
    ""GENRES"": [
      ""Rap"",
      ""R&B/Hip-Hop""
    ],
    ""IS_APPROVED"": true,
    ""MAIN_GENRE"": ""Rap""
  }
]",2019-05-16,2019-05-30,2,16259.99108095,684
MRELG9A2163E917B3468793B4FC889F7F2A98,TRAUMAZINE,MEGAN THEE STALLION,"[
  {
    ""CLIENT_DOMAIN"": ""Luminate"",
    ""GENRES"": [
      ""Rap"",
      ""R&B/Hip-Hop"",
      ""Others""
    ],
    ""MAIN_GENRE"": ""Rap""
  },
  {
    ""CLIENT_DOMAIN"": ""Billboard"",
    ""GENRES"": [
      ""R&B/Hip-Hop"",
      ""Rap""
    ],
    ""IS_APPROVED"": true,
    ""MAIN_GENRE"": ""Rap""
  }
]",2022-08-11,2022-08-18,1,62625.91664109,8278
MRELG9A2163E917B3468793B4FC889F7F2A98,TRAUMAZINE,MEGAN THEE STALLION,"[
  {
    ""CLIENT_DOMAIN"": ""Luminate"",
    ""GENRES"": [
      ""Rap"",
      ""R&B/Hip-Hop"",
      ""Others""
    ],
    ""MAIN_GENRE"": ""Rap""
  },
  {
    ""CLIENT_DOMAIN"": ""Billboard"",
    ""GENRES"": [
      ""R&B/Hip-Hop"",
      ""Rap""
    ],
    ""IS_APPROVED"": true,
    ""MAIN_GENRE"": ""Rap""
  }
]",2022-08-11,2022-08-25,2,29360.66403418,981
MRELGA074D96BB8B34B8AB3BF7C4C7C6C30EE,K-12,MELANIE MARTINEZ,"[
  {
    ""CLIENT_DOMAIN"": ""Luminate"",
    ""GENRES"": [
      ""Indie Rock"",
      ""Soundtrack"",
      ""Classical"",
      ""Rock"",
      ""Alternative"",
      ""Electronica"",
      ""Pop""
    ],
    ""MAIN_GENRE"": ""Rock""
  },
  {
    ""CLIENT_DOMAIN"": ""Billboard"",
    ""GENRES"": [
      ""Alt. Rock"",
      ""Pop"",
      ""Soundtrack""
    ],
    ""IS_APPROVED"": true,
    ""MAIN_GENRE"": ""Pop""
  }
]",2019-09-06,2019-09-12,1,60693.48782804,30261
MRELGA074D96BB8B34B8AB3BF7C4C7C6C30EE,K-12,MELANIE MARTINEZ,"[
  {
    ""CLIENT_DOMAIN"": ""Luminate"",
    ""GENRES"": [
      ""Indie Rock"",
      ""Soundtrack"",
      ""Classical"",
      ""Rock"",
      ""Alternative"",
      ""Electronica"",
      ""Pop""
    ],
    ""MAIN_GENRE"": ""Rock""
  },
  {
    ""CLIENT_DOMAIN"": ""Billboard"",
    ""GENRES"": [
      ""Alt. Rock"",
      ""Pop"",
      ""Soundtrack""
    ],
    ""IS_APPROVED"": true,
    ""MAIN_GENRE"": ""Pop""
  }
]",2019-09-06,2019-09-19,2,31673.88537027,7718
MRELG8EE39612EDB945C1A1540466ADCAB5C4,PORTALS,MELANIE MARTINEZ,"[
  {
    ""CLIENT_DOMAIN"": ""Luminate"",
    ""GENRES"": [
      ""Indie Rock"",
      ""Rock"",
      ""Alternative"",
      ""Electronica"",
      ""Pop""
    ],
    ""MAIN_GENRE"": ""Rock""
  },
  {
    ""CLIENT_DOMAIN"": ""Billboard"",
    ""GENRES"": [
      ""Alt. Rock"",
      ""Pop""
    ],
    ""IS_APPROVED"": true,
    ""MAIN_GENRE"": ""Alt. Rock""
  }
]",2023-03-31,2023-04-06,1,136759.03057759,94106
MRELG8EE39612EDB945C1A1540466ADCAB5C4,PORTALS,MELANIE MARTINEZ,"[
  {
    ""CLIENT_DOMAIN"": ""Luminate"",
    ""GENRES"": [
      ""Indie Rock"",
      ""Rock"",
      ""Alternative"",
      ""Electronica"",
      ""Pop""
    ],
    ""MAIN_GENRE"": ""Rock""
  },
  {
    ""CLIENT_DOMAIN"": ""Billboard"",
    ""GENRES"": [
      ""Alt. Rock"",
      ""Pop""
    ],
    ""IS_APPROVED"": true,
    ""MAIN_GENRE"": ""Alt. Rock""
  }
]",2023-03-31,2023-04-13,2,44943.89010380,16947
MRELG963207695E224C5CBB02B094613D28BF,IMMUTABLE,MESHUGGAH,"[
  {
    ""CLIENT_DOMAIN"": ""Luminate"",
    ""GENRES"": [
      ""Rock"",
      ""Others""
    ],
    ""MAIN_GENRE"": ""Rock""
  },
  {
    ""CLIENT_DOMAIN"": ""Billboard"",
    ""GENRES"": [
      ""Rock"",
      ""Hard Rock""
    ],
    ""IS_APPROVED"": true,
    ""MAIN_GENRE"": ""Hard Rock""
  }
]",2022-03-31,2022-04-07,1,9614.47908666,8330
MRELG963207695E224C5CBB02B094613D28BF,IMMUTABLE,MESHUGGAH,"[
  {
    ""CLIENT_DOMAIN"": ""Luminate"",
    ""GENRES"": [
      ""Rock"",
      ""Others""
    ],
    ""MAIN_GENRE"": ""Rock""
  },
  {
    ""CLIENT_DOMAIN"": ""Billboard"",
    ""GENRES"": [
      ""Rock"",
      ""Hard Rock""
    ],
    ""IS_APPROVED"": true,
    ""MAIN_GENRE"": ""Hard Rock""
  }
]",2022-03-31,2022-04-14,2,2431.38904941,1888
MRELGE540DA2CE6004767A3C9986E14C0388B,S&M2,METALLICA & SAN FRANCISCO SYMPHONY,"[
  {
    ""CLIENT_DOMAIN"": ""Luminate"",
    ""GENRES"": [
      ""Classical"",
      ""Classical Crossover"",
      ""Rock"",
      ""Metal""
    ],
    ""MAIN_GENRE"": ""Rock""
  },
  {
    ""CLIENT_DOMAIN"": ""Billboard"",
    ""GENRES"": [
      ""Hard Rock"",
      ""Rock"",
      ""Classical"",
      ""Contemporary Classics""
    ],
    ""IS_APPROVED"": true,
    ""MAIN_GENRE"": ""Hard Rock""
  }
]",2020-08-28,2020-09-03,1,53895.21249229,44372
MRELGE540DA2CE6004767A3C9986E14C0388B,S&M2,METALLICA & SAN FRANCISCO SYMPHONY,"[
  {
    ""CLIENT_DOMAIN"": ""Luminate"",
    ""GENRES"": [
      ""Classical"",
      ""Classical Crossover"",
      ""Rock"",
      ""Metal""
    ],
    ""MAIN_GENRE"": ""Rock""
  },
  {
    ""CLIENT_DOMAIN"": ""Billboard"",
    ""GENRES"": [
      ""Hard Rock"",
      ""Rock"",
      ""Classical"",
      ""Contemporary Classics""
    ],
    ""IS_APPROVED"": true,
    ""MAIN_GENRE"": ""Hard Rock""
  }
]",2020-08-28,2020-09-10,2,18380.59312826,10722
MRELGBC594F847E0F4D21B8F940102435E93F,LOVE,MICHAEL BUBLÉ,"[
  {
    ""CLIENT_DOMAIN"": ""Luminate"",
    ""GENRES"": [
      ""Jazz"",
      ""Easy Listening"",
      ""Pop""
    ],
    ""MAIN_GENRE"": ""Jazz""
  },
  {
    ""CLIENT_DOMAIN"": ""Billboard"",
    ""GENRES"": [
      ""Traditional Jazz"",
      ""Jazz""
    ],
    ""IS_APPROVED"": true,
    ""MAIN_GENRE"": ""Traditional Jazz""
  }
]",2018-11-16,2018-11-22,1,54500.76550744,48838
MRELGBC594F847E0F4D21B8F940102435E93F,LOVE,MICHAEL BUBLÉ,"[
  {
    ""CLIENT_DOMAIN"": ""Luminate"",
    ""GENRES"": [
      ""Jazz"",
      ""Easy Listening"",
      ""Pop""
    ],
    ""MAIN_GENRE"": ""Jazz""
  },
  {
    ""CLIENT_DOMAIN"": ""Billboard"",
    ""GENRES"": [
      ""Traditional Jazz"",
      ""Jazz""
    ],
    ""IS_APPROVED"": true,
    ""MAIN_GENRE"": ""Traditional Jazz""
  }
]",2018-11-16,2018-11-29,2,18528.25692764,15986
MRELGB63D24311B404F5FA80A5B7E6312081D,POST TRAUMATIC,MIKE SHINODA,"[
  {
    ""CLIENT_DOMAIN"": ""Luminate"",
    ""GENRES"": [
      ""Rock"",
      ""Rap"",
      ""Alternative""
    ],
    ""MAIN_GENRE"": ""Rock""
  },
  {
    ""CLIENT_DOMAIN"": ""Billboard"",
    ""GENRES"": [
      ""Alt. Rock"",
      ""Rock""
    ],
    ""IS_APPROVED"": true,
    ""MAIN_GENRE"": ""Alt. Rock""
  }
]",2018-06-15,2018-06-21,1,26566.54055233,23099
MRELGB63D24311B404F5FA80A5B7E6312081D,POST TRAUMATIC,MIKE SHINODA,"[
  {
    ""CLIENT_DOMAIN"": ""Luminate"",
    ""GENRES"": [
      ""Rock"",
      ""Rap"",
      ""Alternative""
    ],
    ""MAIN_GENRE"": ""Rock""
  },
  {
    ""CLIENT_DOMAIN"": ""Billboard"",
    ""GENRES"": [
      ""Alt. Rock"",
      ""Rock""
    ],
    ""IS_APPROVED"": true,
    ""MAIN_GENRE"": ""Alt. Rock""
  }
]",2018-06-15,2018-06-28,2,5415.38218251,3133
MRELG41A9517E1A454890A4006EC42FED6E9F,FLOWERS,MILEY CYRUS,"[
  {
    ""CLIENT_DOMAIN"": ""Luminate"",
    ""GENRES"": [
      ""Rock"",
      ""Pop""
    ],
    ""MAIN_GENRE"": ""Pop""
  },
  {
    ""CLIENT_DOMAIN"": ""Billboard"",
    ""GENRES"": [
      ""Rock"",
      ""Pop""
    ],
    ""IS_APPROVED"": false,
    ""MAIN_GENRE"": ""Pop""
  }
]",2023-01-12,2023-01-19,1,42218.77129516,0
MRELG41A9517E1A454890A4006EC42FED6E9F,FLOWERS,MILEY CYRUS,"[
  {
    ""CLIENT_DOMAIN"": ""Luminate"",
    ""GENRES"": [
      ""Rock"",
      ""Pop""
    ],
    ""MAIN_GENRE"": ""Pop""
  },
  {
    ""CLIENT_DOMAIN"": ""Billboard"",
    ""GENRES"": [
      ""Rock"",
      ""Pop""
    ],
    ""IS_APPROVED"": false,
    ""MAIN_GENRE"": ""Pop""
  }
]",2023-01-12,2023-01-26,2,45147.16243554,0
MRELG58C08693F4904227B0CBA69707480A51,THE DREAMING,MONSTA X,"[
  {
    ""CLIENT_DOMAIN"": ""Billboard"",
    ""GENRES"": [
      ""K-Pop"",
      ""Pop""
    ],
    ""IS_APPROVED"": true,
    ""MAIN_GENRE"": ""Pop""
  },
  {
    ""CLIENT_DOMAIN"": ""Luminate"",
    ""GENRES"": [
      ""Rap"",
      ""Country"",
      ""K-Pop"",
      ""Gospel"",
      ""Pop""
    ],
    ""MAIN_GENRE"": ""K-Pop""
  }
]",2021-12-10,2021-12-16,1,31346.50433192,29538
MRELG58C08693F4904227B0CBA69707480A51,THE DREAMING,MONSTA X,"[
  {
    ""CLIENT_DOMAIN"": ""Billboard"",
    ""GENRES"": [
      ""K-Pop"",
      ""Pop""
    ],
    ""IS_APPROVED"": true,
    ""MAIN_GENRE"": ""Pop""
  },
  {
    ""CLIENT_DOMAIN"": ""Luminate"",
    ""GENRES"": [
      ""Rap"",
      ""Country"",
      ""K-Pop"",
      ""Gospel"",
      ""Pop""
    ],
    ""MAIN_GENRE"": ""K-Pop""
  }
]",2021-12-10,2021-12-23,2,12788.81635031,11796
MRELGEAF3F392A6AB47378E9E8FC3FDDB6EE9,SCORING THE END OF THE WORLD,MOTIONLESS IN WHITE,"[
  {
    ""CLIENT_DOMAIN"": ""Luminate"",
    ""GENRES"": [
      ""Rock""
    ],
    ""MAIN_GENRE"": ""Rock""
  },
  {
    ""CLIENT_DOMAIN"": ""Billboard"",
    ""GENRES"": [
      ""Hard Rock"",
      ""Rock""
    ],
    ""IS_APPROVED"": true,
    ""MAIN_GENRE"": ""Hard Rock""
  }
]",2022-06-10,2022-06-16,1,29231.08621071,23003
MRELGEAF3F392A6AB47378E9E8FC3FDDB6EE9,SCORING THE END OF THE WORLD,MOTIONLESS IN WHITE,"[
  {
    ""CLIENT_DOMAIN"": ""Luminate"",
    ""GENRES"": [
      ""Rock""
    ],
    ""MAIN_GENRE"": ""Rock""
  },
  {
    ""CLIENT_DOMAIN"": ""Billboard"",
    ""GENRES"": [
      ""Hard Rock"",
      ""Rock""
    ],
    ""IS_APPROVED"": true,
    ""MAIN_GENRE"": ""Hard Rock""
  }
]",2022-06-10,2022-06-23,2,6508.24844966,2621
MRELGBDBF41D6FA74402DA52FC5C107541ECC,RUSHMERE,MUMFORD & SONS,"[
  {
    ""CLIENT_DOMAIN"": ""Billboard"",
    ""GENRES"": [
      ""Folk"",
      ""Rock"",
      ""Alt. Rock""
    ],
    ""IS_APPROVED"": true,
    ""MAIN_GENRE"": ""Alt. Rock""
  },
  {
    ""CLIENT_DOMAIN"": ""Luminate"",
    ""GENRES"": [
      ""Indie Rock"",
      ""Rock"",
      ""Folk"",
      ""Others""
    ],
    ""MAIN_GENRE"": ""Rock""
  }
]",2025-03-28,2025-04-03,1,27702.67948265,20605
MRELGBDBF41D6FA74402DA52FC5C107541ECC,RUSHMERE,MUMFORD & SONS,"[
  {
    ""CLIENT_DOMAIN"": ""Billboard"",
    ""GENRES"": [
      ""Folk"",
      ""Rock"",
      ""Alt. Rock""
    ],
    ""IS_APPROVED"": true,
    ""MAIN_GENRE"": ""Alt. Rock""
  },
  {
    ""CLIENT_DOMAIN"": ""Luminate"",
    ""GENRES"": [
      ""Indie Rock"",
      ""Rock"",
      ""Folk"",
      ""Others""
    ],
    ""MAIN_GENRE"": ""Rock""
  }
]",2025-03-28,2025-04-10,2,7221.62150871,3429
MRELGB850738EDBA440EFB31AEF192F14D339,FAITH OF A MUSTARD SEED,MUSTARD,"[
  {
    ""CLIENT_DOMAIN"": ""Billboard"",
    ""GENRES"": [
      ""R&B/Hip-Hop"",
      ""Rap""
    ],
    ""IS_APPROVED"": true,
    ""MAIN_GENRE"": ""Rap""
  },
  {
    ""CLIENT_DOMAIN"": ""Luminate"",
    ""GENRES"": [
      ""Rap"",
      ""R&B/Hip-Hop""
    ],
    ""MAIN_GENRE"": ""Rap""
  }
]",2024-07-25,2024-08-01,1,16979.67118133,428
MRELGB850738EDBA440EFB31AEF192F14D339,FAITH OF A MUSTARD SEED,MUSTARD,"[
  {
    ""CLIENT_DOMAIN"": ""Billboard"",
    ""GENRES"": [
      ""R&B/Hip-Hop"",
      ""Rap""
    ],
    ""IS_APPROVED"": true,
    ""MAIN_GENRE"": ""Rap""
  },
  {
    ""CLIENT_DOMAIN"": ""Luminate"",
    ""GENRES"": [
      ""Rap"",
      ""R&B/Hip-Hop""
    ],
    ""MAIN_GENRE"": ""Rap""
  }
]",2024-07-25,2024-08-08,2,8318.67128373,59
MRELG9AF8CEF628F24BECB301F5912BFEF44F,Circles,Mac Miller,"[
  {
    ""CLIENT_DOMAIN"": ""Luminate"",
    ""GENRES"": [
      ""Rap"",
      ""R&B/Hip-Hop"",
      ""Others"",
      ""Pop""
    ],
    ""MAIN_GENRE"": ""Pop""
  },
  {
    ""CLIENT_DOMAIN"": ""Billboard"",
    ""GENRES"": [
      ""Pop"",
      ""Rap""
    ],
    ""IS_APPROVED"": true,
    ""MAIN_GENRE"": ""Pop""
  }
]",2020-01-17,2020-01-23,1,167296.96351705,61011
MRELG9AF8CEF628F24BECB301F5912BFEF44F,Circles,Mac Miller,"[
  {
    ""CLIENT_DOMAIN"": ""Luminate"",
    ""GENRES"": [
      ""Rap"",
      ""R&B/Hip-Hop"",
      ""Others"",
      ""Pop""
    ],
    ""MAIN_GENRE"": ""Pop""
  },
  {
    ""CLIENT_DOMAIN"": ""Billboard"",
    ""GENRES"": [
      ""Pop"",
      ""Rap""
    ],
    ""IS_APPROVED"": true,
    ""MAIN_GENRE"": ""Pop""
  }
]",2020-01-17,2020-01-30,2,45364.50341510,1940
MRELGC0C820BC7BDD4009AB04ECCCDE9E14C8,Hotel Diablo,Machine Gun Kelly,"[
  {
    ""CLIENT_DOMAIN"": ""Luminate"",
    ""GENRES"": [
      ""Rap"",
      ""R&B/Hip-Hop"",
      ""Metal""
    ],
    ""MAIN_GENRE"": ""Rap""
  },
  {
    ""CLIENT_DOMAIN"": ""Billboard"",
    ""GENRES"": [
      ""Rap"",
      ""R&B/Hip-Hop""
    ],
    ""IS_APPROVED"": true,
    ""MAIN_GENRE"": ""Rap""
  }
]",2019-07-05,2019-07-11,1,41091.84993672,16430
MRELGC0C820BC7BDD4009AB04ECCCDE9E14C8,Hotel Diablo,Machine Gun Kelly,"[
  {
    ""CLIENT_DOMAIN"": ""Luminate"",
    ""GENRES"": [
      ""Rap"",
      ""R&B/Hip-Hop"",
      ""Metal""
    ],
    ""MAIN_GENRE"": ""Rap""
  },
  {
    ""CLIENT_DOMAIN"": ""Billboard"",
    ""GENRES"": [
      ""Rap"",
      ""R&B/Hip-Hop""
    ],
    ""IS_APPROVED"": true,
    ""MAIN_GENRE"": ""Rap""
  }
]",2019-07-05,2019-07-18,2,22720.69795404,3798
MRELG8574E16E7E994C9B93D0A63C298370A3,Madame X,Madonna,"[
  {
    ""CLIENT_DOMAIN"": ""Luminate"",
    ""GENRES"": [
      ""Pop""
    ],
    ""MAIN_GENRE"": ""Pop""
  },
  {
    ""CLIENT_DOMAIN"": ""Billboard"",
    ""GENRES"": [
      ""Pop""
    ],
    ""IS_APPROVED"": true,
    ""MAIN_GENRE"": ""Pop""
  }
]",2019-06-14,2019-06-20,1,93790.55549251,89414
MRELG8574E16E7E994C9B93D0A63C298370A3,Madame X,Madonna,"[
  {
    ""CLIENT_DOMAIN"": ""Luminate"",
    ""GENRES"": [
      ""Pop""
    ],
    ""MAIN_GENRE"": ""Pop""
  },
  {
    ""CLIENT_DOMAIN"": ""Billboard"",
    ""GENRES"": [
      ""Pop""
    ],
    ""IS_APPROVED"": true,
    ""MAIN_GENRE"": ""Pop""
  }
]",2019-06-14,2019-06-27,2,9596.23302593,7313
MRELG1B414A80469148AE8ACAC5B61419A0EE,Don't Forget Me,Maggie Rogers,"[
  {
    ""CLIENT_DOMAIN"": ""Luminate"",
    ""GENRES"": [
      ""Rock"",
      ""Folk""
    ],
    ""MAIN_GENRE"": ""Rock""
  },
  {
    ""CLIENT_DOMAIN"": ""Billboard"",
    ""GENRES"": [
      ""Alt. Rock"",
      ""Rock"",
      ""Folk""
    ],
    ""IS_APPROVED"": true,
    ""MAIN_GENRE"": ""Alt. Rock""
  }
]",2024-04-12,2024-04-18,1,21736.43792138,12881
MRELG1B414A80469148AE8ACAC5B61419A0EE,Don't Forget Me,Maggie Rogers,"[
  {
    ""CLIENT_DOMAIN"": ""Luminate"",
    ""GENRES"": [
      ""Rock"",
      ""Folk""
    ],
    ""MAIN_GENRE"": ""Rock""
  },
  {
    ""CLIENT_DOMAIN"": ""Billboard"",
    ""GENRES"": [
      ""Alt. Rock"",
      ""Rock"",
      ""Folk""
    ],
    ""IS_APPROVED"": true,
    ""MAIN_GENRE"": ""Alt. Rock""
  }
]",2024-04-12,2024-04-25,2,7788.68128896,4298
MRELG6E581146CF7E482BBDEFAA1E8F135900,Heard It In A Past Life,Maggie Rogers,"[
  {
    ""CLIENT_DOMAIN"": ""Billboard"",
    ""GENRES"": [
      ""Alt. Rock"",
      ""Pop""
    ],
    ""IS_APPROVED"": true,
    ""MAIN_GENRE"": ""Pop""
  },
  {
    ""CLIENT_DOMAIN"": ""Luminate"",
    ""GENRES"": [
      ""Punk"",
      ""Rock"",
      ""Electronica"",
      ""Pop""
    ],
    ""MAIN_GENRE"": ""Pop""
  }
]",2019-01-18,2019-01-24,1,48938.23079243,36857
MRELG6E581146CF7E482BBDEFAA1E8F135900,Heard It In A Past Life,Maggie Rogers,"[
  {
    ""CLIENT_DOMAIN"": ""Billboard"",
    ""GENRES"": [
      ""Alt. Rock"",
      ""Pop""
    ],
    ""IS_APPROVED"": true,
    ""MAIN_GENRE"": ""Pop""
  },
  {
    ""CLIENT_DOMAIN"": ""Luminate"",
    ""GENRES"": [
      ""Punk"",
      ""Rock"",
      ""Electronica"",
      ""Pop""
    ],
    ""MAIN_GENRE"": ""Pop""
  }
]",2019-01-18,2019-01-31,2,13242.08662253,5496
MRELG3E513B86435F419992BE0F0CBD5C207F,Surrender,Maggie Rogers,"[
  {
    ""CLIENT_DOMAIN"": ""Luminate"",
    ""GENRES"": [
      ""Rock""
    ],
    ""MAIN_GENRE"": ""Rock""
  },
  {
    ""CLIENT_DOMAIN"": ""Billboard"",
    ""GENRES"": [
      ""Alt. Rock"",
      ""Rock""
    ],
    ""IS_APPROVED"": true,
    ""MAIN_GENRE"": ""Alt. Rock""
  }
]",2022-07-29,2022-08-04,1,26087.57026126,18895
MRELG3E513B86435F419992BE0F0CBD5C207F,Surrender,Maggie Rogers,"[
  {
    ""CLIENT_DOMAIN"": ""Luminate"",
    ""GENRES"": [
      ""Rock""
    ],
    ""MAIN_GENRE"": ""Rock""
  },
  {
    ""CLIENT_DOMAIN"": ""Billboard"",
    ""GENRES"": [
      ""Alt. Rock"",
      ""Rock""
    ],
    ""IS_APPROVED"": true,
    ""MAIN_GENRE"": ""Alt. Rock""
  }
]",2022-07-29,2022-08-11,2,7360.74519809,4095
MRELG2928B972C9A24B9292EF8FBFC1283916,MAMMOTH II,Mammoth,"[
  {
    ""CLIENT_DOMAIN"": ""Luminate"",
    ""GENRES"": [
      ""Rock"",
      ""Alternative"",
      ""Metal""
    ],
    ""MAIN_GENRE"": ""Rock""
  },
  {
    ""CLIENT_DOMAIN"": ""Billboard"",
    ""GENRES"": [
      ""Hard Rock"",
      ""Rock""
    ],
    ""IS_APPROVED"": true,
    ""MAIN_GENRE"": ""Hard Rock""
  }
]",2023-08-03,2023-08-10,1,21497.32369980,20380
MRELG2928B972C9A24B9292EF8FBFC1283916,MAMMOTH II,Mammoth,"[
  {
    ""CLIENT_DOMAIN"": ""Luminate"",
    ""GENRES"": [
      ""Rock"",
      ""Alternative"",
      ""Metal""
    ],
    ""MAIN_GENRE"": ""Rock""
  },
  {
    ""CLIENT_DOMAIN"": ""Billboard"",
    ""GENRES"": [
      ""Hard Rock"",
      ""Rock""
    ],
    ""IS_APPROVED"": true,
    ""MAIN_GENRE"": ""Hard Rock""
  }
]",2023-08-03,2023-08-17,2,3671.73836279,3102
MRELGBF645876CAC54ECB8FA32E31F10969E2,Mammoth WVH,Mammoth WVH,"[
  {
    ""CLIENT_DOMAIN"": ""Luminate"",
    ""GENRES"": [
      ""Rock"",
      ""Alternative"",
      ""Metal""
    ],
    ""MAIN_GENRE"": ""Rock""
  },
  {
    ""CLIENT_DOMAIN"": ""Billboard"",
    ""GENRES"": [
      ""Hard Rock"",
      ""Rock""
    ],
    ""IS_APPROVED"": true,
    ""MAIN_GENRE"": ""Hard Rock""
  }
]",2021-06-11,2021-06-17,1,28872.44940074,28037
MRELGBF645876CAC54ECB8FA32E31F10969E2,Mammoth WVH,Mammoth WVH,"[
  {
    ""CLIENT_DOMAIN"": ""Luminate"",
    ""GENRES"": [
      ""Rock"",
      ""Alternative"",
      ""Metal""
    ],
    ""MAIN_GENRE"": ""Rock""
  },
  {
    ""CLIENT_DOMAIN"": ""Billboard"",
    ""GENRES"": [
      ""Hard Rock"",
      ""Rock""
    ],
    ""IS_APPROVED"": true,
    ""MAIN_GENRE"": ""Hard Rock""
  }
]",2021-06-11,2021-06-24,2,5760.97683154,5082
MRELG3DA825D882ED4AC38A02A5B1791B8648,Mariah Carey's Magical Christmas Special,Mariah Carey,"[
  {
    ""CLIENT_DOMAIN"": ""Billboard"",
    ""GENRES"": [
      ""Holiday/Seasonal"",
      ""Pop"",
      ""R&B"",
      ""R&B/Hip-Hop"",
      ""Soundtrack""
    ],
    ""IS_APPROVED"": true,
    ""MAIN_GENRE"": ""Holiday/Seasonal""
  },
  {
    ""CLIENT_DOMAIN"": ""Luminate"",
    ""GENRES"": [
      ""Holiday/Seasonal""
    ],
    ""MAIN_GENRE"": ""Holiday/Seasonal""
  }
]",2020-12-04,2020-12-10,1,37565.58870370,4460
MRELG3DA825D882ED4AC38A02A5B1791B8648,Mariah Carey's Magical Christmas Special,Mariah Carey,"[
  {
    ""CLIENT_DOMAIN"": ""Billboard"",
    ""GENRES"": [
      ""Holiday/Seasonal"",
      ""Pop"",
      ""R&B"",
      ""R&B/Hip-Hop"",
      ""Soundtrack""
    ],
    ""IS_APPROVED"": true,
    ""MAIN_GENRE"": ""Holiday/Seasonal""
  },
  {
    ""CLIENT_DOMAIN"": ""Luminate"",
    ""GENRES"": [
      ""Holiday/Seasonal""
    ],
    ""MAIN_GENRE"": ""Holiday/Seasonal""
  }
]",2020-12-04,2020-12-17,2,38296.12298266,878
MRELGAC9F35298D7B41B5BFF6A68C244E1FA8,HEARTS SOLD SEPARATELY,Mariah The Scientist,"[
  {
    ""CLIENT_DOMAIN"": ""Billboard"",
    ""GENRES"": [
      ""R&B"",
      ""R&B/Hip-Hop""
    ],
    ""IS_APPROVED"": true,
    ""MAIN_GENRE"": ""R&B""
  },
  {
    ""CLIENT_DOMAIN"": ""Luminate"",
    ""GENRES"": [
      ""R&B/Hip-Hop""
    ],
    ""MAIN_GENRE"": ""R&B/Hip-Hop""
  }
]",2025-08-22,2025-08-28,1,36314.10208414,4460
MRELGAC9F35298D7B41B5BFF6A68C244E1FA8,HEARTS SOLD SEPARATELY,Mariah The Scientist,"[
  {
    ""CLIENT_DOMAIN"": ""Billboard"",
    ""GENRES"": [
      ""R&B"",
      ""R&B/Hip-Hop""
    ],
    ""IS_APPROVED"": true,
    ""MAIN_GENRE"": ""R&B""
  },
  {
    ""CLIENT_DOMAIN"": ""Luminate"",
    ""GENRES"": [
      ""R&B/Hip-Hop""
    ],
    ""MAIN_GENRE"": ""R&B/Hip-Hop""
  }
]",2025-08-22,2025-09-04,2,21626.17166396,1109
MRELGF9704F236728416CB1647814825AB1F8,One Assassination Under God - Chapter 1,Marilyn Manson,"[
  {
    ""CLIENT_DOMAIN"": ""Billboard"",
    ""GENRES"": [
      ""Rock"",
      ""Alt. Rock"",
      ""Hard Rock""
    ],
    ""IS_APPROVED"": true,
    ""MAIN_GENRE"": ""Alt. Rock""
  },
  {
    ""CLIENT_DOMAIN"": ""Luminate"",
    ""GENRES"": [
      ""Rock"",
      ""Alternative"",
      ""Others"",
      ""Metal""
    ],
    ""MAIN_GENRE"": ""Rock""
  }
]",2024-11-22,2024-11-28,1,20811.43280316,19121
MRELGF9704F236728416CB1647814825AB1F8,One Assassination Under God - Chapter 1,Marilyn Manson,"[
  {
    ""CLIENT_DOMAIN"": ""Billboard"",
    ""GENRES"": [
      ""Rock"",
      ""Alt. Rock"",
      ""Hard Rock""
    ],
    ""IS_APPROVED"": true,
    ""MAIN_GENRE"": ""Alt. Rock""
  },
  {
    ""CLIENT_DOMAIN"": ""Luminate"",
    ""GENRES"": [
      ""Rock"",
      ""Alternative"",
      ""Others"",
      ""Metal""
    ],
    ""MAIN_GENRE"": ""Rock""
  }
]",2024-11-22,2024-12-05,2,4886.86898113,4076
MRELG09F35A0ECD4E42EBA54A3618F1143AA5,WE ARE CHAOS,Marilyn Manson,"[
  {
    ""CLIENT_DOMAIN"": ""Billboard"",
    ""GENRES"": [
      ""Hard Rock"",
      ""Rock"",
      ""Alt. Rock""
    ],
    ""IS_APPROVED"": true,
    ""MAIN_GENRE"": ""Alt. Rock""
  },
  {
    ""CLIENT_DOMAIN"": ""Luminate"",
    ""GENRES"": [
      ""Rock"",
      ""Alternative"",
      ""Metal""
    ],
    ""MAIN_GENRE"": ""Rock""
  }
]",2020-09-11,2020-09-17,1,21627.24929640,18328
MRELG09F35A0ECD4E42EBA54A3618F1143AA5,WE ARE CHAOS,Marilyn Manson,"[
  {
    ""CLIENT_DOMAIN"": ""Billboard"",
    ""GENRES"": [
      ""Hard Rock"",
      ""Rock"",
      ""Alt. Rock""
    ],
    ""IS_APPROVED"": true,
    ""MAIN_GENRE"": ""Alt. Rock""
  },
  {
    ""CLIENT_DOMAIN"": ""Luminate"",
    ""GENRES"": [
      ""Rock"",
      ""Alternative"",
      ""Metal""
    ],
    ""MAIN_GENRE"": ""Rock""
  }
]",2020-09-11,2020-09-24,2,5401.57862041,4037
MRELG454ECF7EB66447C3BB7AB191F29A05F0,JORDI,Maroon 5,"[
  {
    ""CLIENT_DOMAIN"": ""Luminate"",
    ""GENRES"": [
      ""Pop""
    ],
    ""MAIN_GENRE"": ""Pop""
  },
  {
    ""CLIENT_DOMAIN"": ""Billboard"",
    ""GENRES"": [
      ""Pop""
    ],
    ""IS_APPROVED"": true,
    ""MAIN_GENRE"": ""Pop""
  }
]",2021-06-11,2021-06-17,1,36333.74083559,14672
MRELG454ECF7EB66447C3BB7AB191F29A05F0,JORDI,Maroon 5,"[
  {
    ""CLIENT_DOMAIN"": ""Luminate"",
    ""GENRES"": [
      ""Pop""
    ],
    ""MAIN_GENRE"": ""Pop""
  },
  {
    ""CLIENT_DOMAIN"": ""Billboard"",
    ""GENRES"": [
      ""Pop""
    ],
    ""IS_APPROVED"": true,
    ""MAIN_GENRE"": ""Pop""
  }
]",2021-06-11,2021-06-24,2,18892.09904047,3209
MRELG6C2C4AC3EB2447608079ABF983C227A4,Am I Okay?,Megan Moroney,"[
  {
    ""CLIENT_DOMAIN"": ""Luminate"",
    ""GENRES"": [
      ""Country""
    ],
    ""MAIN_GENRE"": ""Country""
  },
  {
    ""CLIENT_DOMAIN"": ""Billboard"",
    ""GENRES"": [
      ""Country""
    ],
    ""IS_APPROVED"": true,
    ""MAIN_GENRE"": ""Country""
  }
]",2024-07-12,2024-07-18,1,42819.87167308,13031
MRELG6C2C4AC3EB2447608079ABF983C227A4,Am I Okay?,Megan Moroney,"[
  {
    ""CLIENT_DOMAIN"": ""Luminate"",
    ""GENRES"": [
      ""Country""
    ],
    ""MAIN_GENRE"": ""Country""
  },
  {
    ""CLIENT_DOMAIN"": ""Billboard"",
    ""GENRES"": [
      ""Country""
    ],
    ""IS_APPROVED"": true,
    ""MAIN_GENRE"": ""Country""
  }
]",2024-07-12,2024-07-25,2,23637.81059517,1304
MRELG05C3361B848545D4819C70927BF7319E,Am I Okay? Tour (Live),Megan Moroney,"[
  {
    ""CLIENT_DOMAIN"": ""Luminate"",
    ""GENRES"": [
      ""Country""
    ],
    ""MAIN_GENRE"": ""Country""
  },
  {
    ""CLIENT_DOMAIN"": ""Billboard"",
    ""GENRES"": [
      ""Country""
    ],
    ""IS_APPROVED"": true,
    ""MAIN_GENRE"": ""Country""
  }
]",2025-10-09,2025-10-16,1,12148.76033439,40
MRELG05C3361B848545D4819C70927BF7319E,Am I Okay? Tour (Live),Megan Moroney,"[
  {
    ""CLIENT_DOMAIN"": ""Luminate"",
    ""GENRES"": [
      ""Country""
    ],
    ""MAIN_GENRE"": ""Country""
  },
  {
    ""CLIENT_DOMAIN"": ""Billboard"",
    ""GENRES"": [
      ""Country""
    ],
    ""IS_APPROVED"": true,
    ""MAIN_GENRE"": ""Country""
  }
]",2025-10-09,2025-10-23,2,10761.48092833,9
MRELGDEE72EE2921C4459A81809D81EE07CE1,Good News,Megan Thee Stallion,"[
  {
    ""CLIENT_DOMAIN"": ""Billboard"",
    ""GENRES"": [
      ""R&B/Hip-Hop"",
      ""Rap""
    ],
    ""IS_APPROVED"": true,
    ""MAIN_GENRE"": ""Rap""
  },
  {
    ""CLIENT_DOMAIN"": ""Luminate"",
    ""GENRES"": [
      ""Rap"",
      ""R&B/Hip-Hop""
    ],
    ""MAIN_GENRE"": ""Rap""
  }
]",2020-11-20,2020-11-26,1,99933.80106215,15728
MRELGDEE72EE2921C4459A81809D81EE07CE1,Good News,Megan Thee Stallion,"[
  {
    ""CLIENT_DOMAIN"": ""Billboard"",
    ""GENRES"": [
      ""R&B/Hip-Hop"",
      ""Rap""
    ],
    ""IS_APPROVED"": true,
    ""MAIN_GENRE"": ""Rap""
  },
  {
    ""CLIENT_DOMAIN"": ""Luminate"",
    ""GENRES"": [
      ""Rap"",
      ""R&B/Hip-Hop""
    ],
    ""MAIN_GENRE"": ""Rap""
  }
]",2020-11-20,2020-12-03,2,47426.14256712,4010
MRELGD3C86F3212684A559E27F4A2D8199D0F,HISS,Megan Thee Stallion,"[
  {
    ""CLIENT_DOMAIN"": ""Billboard"",
    ""GENRES"": [
      ""R&B/Hip-Hop"",
      ""Rap""
    ],
    ""IS_APPROVED"": true,
    ""MAIN_GENRE"": ""Rap""
  },
  {
    ""CLIENT_DOMAIN"": ""Luminate"",
    ""GENRES"": [
      ""Rap"",
      ""R&B/Hip-Hop""
    ],
    ""MAIN_GENRE"": ""Rap""
  }
]",2024-01-25,2024-02-01,1,28906.99870007,9594
MRELGD3C86F3212684A559E27F4A2D8199D0F,HISS,Megan Thee Stallion,"[
  {
    ""CLIENT_DOMAIN"": ""Billboard"",
    ""GENRES"": [
      ""R&B/Hip-Hop"",
      ""Rap""
    ],
    ""IS_APPROVED"": true,
    ""MAIN_GENRE"": ""Rap""
  },
  {
    ""CLIENT_DOMAIN"": ""Luminate"",
    ""GENRES"": [
      ""Rap"",
      ""R&B/Hip-Hop""
    ],
    ""MAIN_GENRE"": ""Rap""
  }
]",2024-01-25,2024-02-08,2,12709.99589609,362
MRELGAD71A7DD96DA443E97C1F0155E2DC5FF,MEGAN,Megan Thee Stallion,"[
  {
    ""CLIENT_DOMAIN"": ""Billboard"",
    ""GENRES"": [
      ""R&B/Hip-Hop"",
      ""Rap""
    ],
    ""IS_APPROVED"": true,
    ""MAIN_GENRE"": ""Rap""
  },
  {
    ""CLIENT_DOMAIN"": ""Luminate"",
    ""GENRES"": [
      ""Rap"",
      ""R&B/Hip-Hop""
    ],
    ""MAIN_GENRE"": ""Rap""
  }
]",2024-06-27,2024-07-04,1,62780.72507948,15741
MRELGAD71A7DD96DA443E97C1F0155E2DC5FF,MEGAN,Megan Thee Stallion,"[
  {
    ""CLIENT_DOMAIN"": ""Billboard"",
    ""GENRES"": [
      ""R&B/Hip-Hop"",
      ""Rap""
    ],
    ""IS_APPROVED"": true,
    ""MAIN_GENRE"": ""Rap""
  },
  {
    ""CLIENT_DOMAIN"": ""Luminate"",
    ""GENRES"": [
      ""Rap"",
      ""R&B/Hip-Hop""
    ],
    ""MAIN_GENRE"": ""Rap""
  }
]",2024-06-27,2024-07-11,2,31793.19177333,2719
MRELGB47D23CFF49B44AFAB63079538ABCBCC,MEGAN (ACT II),Megan Thee Stallion,"[
  {
    ""CLIENT_DOMAIN"": ""Billboard"",
    ""GENRES"": [
      ""R&B/Hip-Hop"",
      ""Rap""
    ],
    ""IS_APPROVED"": true,
    ""MAIN_GENRE"": ""Rap""
  },
  {
    ""CLIENT_DOMAIN"": ""Luminate"",
    ""GENRES"": [
      ""Rap"",
      ""R&B/Hip-Hop""
    ],
    ""MAIN_GENRE"": ""Rap""
  }
]",2024-10-24,2024-10-31,1,36219.32248897,3638
MRELGB47D23CFF49B44AFAB63079538ABCBCC,MEGAN (ACT II),Megan Thee Stallion,"[
  {
    ""CLIENT_DOMAIN"": ""Billboard"",
    ""GENRES"": [
      ""R&B/Hip-Hop"",
      ""Rap""
    ],
    ""IS_APPROVED"": true,
    ""MAIN_GENRE"": ""Rap""
  },
  {
    ""CLIENT_DOMAIN"": ""Luminate"",
    ""GENRES"": [
      ""Rap"",
      ""R&B/Hip-Hop""
    ],
    ""MAIN_GENRE"": ""Rap""
  }
]",2024-10-24,2024-11-07,2,19842.48900426,575
MRELG785F81607B194425888B17A7E1BB1CE4,Something for Thee Hotties,Megan Thee Stallion,"[
  {
    ""CLIENT_DOMAIN"": ""Billboard"",
    ""GENRES"": [
      ""Rap"",
      ""R&B/Hip-Hop""
    ],
    ""IS_APPROVED"": true,
    ""MAIN_GENRE"": ""Rap""
  },
  {
    ""CLIENT_DOMAIN"": ""Luminate"",
    ""GENRES"": [
      ""Rap"",
      ""R&B/Hip-Hop""
    ],
    ""MAIN_GENRE"": ""Rap""
  }
]",2021-10-28,2021-11-04,1,38637.03332759,9639
MRELG785F81607B194425888B17A7E1BB1CE4,Something for Thee Hotties,Megan Thee Stallion,"[
  {
    ""CLIENT_DOMAIN"": ""Billboard"",
    ""GENRES"": [
      ""Rap"",
      ""R&B/Hip-Hop""
    ],
    ""IS_APPROVED"": true,
    ""MAIN_GENRE"": ""Rap""
  },
  {
    ""CLIENT_DOMAIN"": ""Luminate"",
    ""GENRES"": [
      ""Rap"",
      ""R&B/Hip-Hop""
    ],
    ""MAIN_GENRE"": ""Rap""
  }
]",2021-10-28,2021-11-11,2,16296.63450877,1015
MRELG4C84C39DB1D34DD3AEF6164F3EEE30E4,Suga,Megan Thee Stallion,"[
  {
    ""CLIENT_DOMAIN"": ""Billboard"",
    ""GENRES"": [
      ""R&B/Hip-Hop"",
      ""Rap""
    ],
    ""IS_APPROVED"": true,
    ""MAIN_GENRE"": ""Rap""
  },
  {
    ""CLIENT_DOMAIN"": ""Luminate"",
    ""GENRES"": [
      ""Rap"",
      ""R&B/Hip-Hop""
    ],
    ""MAIN_GENRE"": ""Rap""
  }
]",2020-03-06,2020-03-12,1,40570.46272480,3822
MRELG4C84C39DB1D34DD3AEF6164F3EEE30E4,Suga,Megan Thee Stallion,"[
  {
    ""CLIENT_DOMAIN"": ""Billboard"",
    ""GENRES"": [
      ""R&B/Hip-Hop"",
      ""Rap""
    ],
    ""IS_APPROVED"": true,
    ""MAIN_GENRE"": ""Rap""
  },
  {
    ""CLIENT_DOMAIN"": ""Luminate"",
    ""GENRES"": [
      ""Rap"",
      ""R&B/Hip-Hop""
    ],
    ""MAIN_GENRE"": ""Rap""
  }
]",2020-03-06,2020-03-19,2,20797.48230076,589
MRELG7CB8EBB548A8410CA2D2E8B9A7268FD0,72 Seasons,Metallica,"[
  {
    ""CLIENT_DOMAIN"": ""Luminate"",
    ""GENRES"": [
      ""Rock"",
      ""Metal""
    ],
    ""MAIN_GENRE"": ""Rock""
  },
  {
    ""CLIENT_DOMAIN"": ""Billboard"",
    ""GENRES"": [
      ""Rock"",
      ""Hard Rock""
    ],
    ""IS_APPROVED"": true,
    ""MAIN_GENRE"": ""Hard Rock""
  }
]",2023-04-14,2023-04-20,1,145022.46157098,133625
MRELG7CB8EBB548A8410CA2D2E8B9A7268FD0,72 Seasons,Metallica,"[
  {
    ""CLIENT_DOMAIN"": ""Luminate"",
    ""GENRES"": [
      ""Rock"",
      ""Metal""
    ],
    ""MAIN_GENRE"": ""Rock""
  },
  {
    ""CLIENT_DOMAIN"": ""Billboard"",
    ""GENRES"": [
      ""Rock"",
      ""Hard Rock""
    ],
    ""IS_APPROVED"": true,
    ""MAIN_GENRE"": ""Hard Rock""
  }
]",2023-04-14,2023-04-27,2,30113.58718199,25177
MRELG404329DB809E4105A11D60B8CB32579E,HEROES & VILLAINS,Metro Boomin,"[
  {
    ""CLIENT_DOMAIN"": ""Luminate"",
    ""GENRES"": [
      ""Rap"",
      ""R&B/Hip-Hop""
    ],
    ""MAIN_GENRE"": ""Rap""
  },
  {
    ""CLIENT_DOMAIN"": ""Billboard"",
    ""GENRES"": [
      ""R&B/Hip-Hop"",
      ""Rap""
    ],
    ""IS_APPROVED"": true,
    ""MAIN_GENRE"": ""Rap""
  }
]",2022-12-02,2022-12-08,1,184753.46484917,5128
MRELG404329DB809E4105A11D60B8CB32579E,HEROES & VILLAINS,Metro Boomin,"[
  {
    ""CLIENT_DOMAIN"": ""Luminate"",
    ""GENRES"": [
      ""Rap"",
      ""R&B/Hip-Hop""
    ],
    ""MAIN_GENRE"": ""Rap""
  },
  {
    ""CLIENT_DOMAIN"": ""Billboard"",
    ""GENRES"": [
      ""R&B/Hip-Hop"",
      ""Rap""
    ],
    ""IS_APPROVED"": true,
    ""MAIN_GENRE"": ""Rap""
  }
]",2022-12-02,2022-12-15,2,102150.55277672,735
MRELG16D32EE26F924C788AC0E901C293CA11,Metro Boomin Presents: A Futuristic Summa (Hosted by DJ Spinz),Metro Boomin,"[
  {
    ""CLIENT_DOMAIN"": ""Billboard"",
    ""GENRES"": [
      ""Rap"",
      ""R&B/Hip-Hop""
    ],
    ""IS_APPROVED"": true,
    ""MAIN_GENRE"": ""Rap""
  },
  {
    ""CLIENT_DOMAIN"": ""Luminate"",
    ""GENRES"": [
      ""Rap"",
      ""R&B/Hip-Hop""
    ],
    ""MAIN_GENRE"": ""Rap""
  }
]",2025-07-31,2025-08-07,1,22610.86853726,535
MRELG16D32EE26F924C788AC0E901C293CA11,Metro Boomin Presents: A Futuristic Summa (Hosted by DJ Spinz),Metro Boomin,"[
  {
    ""CLIENT_DOMAIN"": ""Billboard"",
    ""GENRES"": [
      ""Rap"",
      ""R&B/Hip-Hop""
    ],
    ""IS_APPROVED"": true,
    ""MAIN_GENRE"": ""Rap""
  },
  {
    ""CLIENT_DOMAIN"": ""Luminate"",
    ""GENRES"": [
      ""Rap"",
      ""R&B/Hip-Hop""
    ],
    ""MAIN_GENRE"": ""Rap""
  }
]",2025-07-31,2025-08-14,2,8629.89658604,90
MRELGCF3F533C12974AC793DF7419DFE560D6,NOT ALL HEROES WEAR CAPES,Metro Boomin,"[
  {
    ""CLIENT_DOMAIN"": ""Billboard"",
    ""GENRES"": [
      ""R&B/Hip-Hop"",
      ""Rap""
    ],
    ""IS_APPROVED"": true,
    ""MAIN_GENRE"": ""Rap""
  },
  {
    ""CLIENT_DOMAIN"": ""Luminate"",
    ""GENRES"": [
      ""Rap"",
      ""R&B/Hip-Hop""
    ],
    ""MAIN_GENRE"": ""Rap""
  }
]",2018-11-02,2018-11-08,1,100925.99773676,5341
MRELGCF3F533C12974AC793DF7419DFE560D6,NOT ALL HEROES WEAR CAPES,Metro Boomin,"[
  {
    ""CLIENT_DOMAIN"": ""Billboard"",
    ""GENRES"": [
      ""R&B/Hip-Hop"",
      ""Rap""
    ],
    ""IS_APPROVED"": true,
    ""MAIN_GENRE"": ""Rap""
  },
  {
    ""CLIENT_DOMAIN"": ""Luminate"",
    ""GENRES"": [
      ""Rap"",
      ""R&B/Hip-Hop""
    ],
    ""MAIN_GENRE"": ""Rap""
  }
]",2018-11-02,2018-11-15,2,53780.66131115,846
MRELG9D8525225AC14F1F94EA2D376E9D6A2F,Culture II,Migos,"[
  {
    ""CLIENT_DOMAIN"": ""Billboard"",
    ""GENRES"": [
      ""Rap"",
      ""R&B/Hip-Hop""
    ],
    ""IS_APPROVED"": true,
    ""MAIN_GENRE"": ""Rap""
  },
  {
    ""CLIENT_DOMAIN"": ""Luminate"",
    ""GENRES"": [
      ""Rap"",
      ""R&B/Hip-Hop""
    ],
    ""MAIN_GENRE"": ""Rap""
  }
]",2018-01-26,2018-02-01,1,225280.20319668,38486
MRELG9D8525225AC14F1F94EA2D376E9D6A2F,Culture II,Migos,"[
  {
    ""CLIENT_DOMAIN"": ""Billboard"",
    ""GENRES"": [
      ""Rap"",
      ""R&B/Hip-Hop""
    ],
    ""IS_APPROVED"": true,
    ""MAIN_GENRE"": ""Rap""
  },
  {
    ""CLIENT_DOMAIN"": ""Luminate"",
    ""GENRES"": [
      ""Rap"",
      ""R&B/Hip-Hop""
    ],
    ""MAIN_GENRE"": ""Rap""
  }
]",2018-01-26,2018-02-08,2,105122.76806231,5666
MRELG4E41241FD0E54057A32DD8BF70843D1C,Culture III,Migos,"[
  {
    ""CLIENT_DOMAIN"": ""Luminate"",
    ""GENRES"": [
      ""Rap"",
      ""R&B/Hip-Hop""
    ],
    ""MAIN_GENRE"": ""Rap""
  },
  {
    ""CLIENT_DOMAIN"": ""Billboard"",
    ""GENRES"": [
      ""Rap"",
      ""R&B/Hip-Hop""
    ],
    ""IS_APPROVED"": true,
    ""MAIN_GENRE"": ""Rap""
  }
]",2021-06-10,2021-06-17,1,130359.31611492,22572
MRELG4E41241FD0E54057A32DD8BF70843D1C,Culture III,Migos,"[
  {
    ""CLIENT_DOMAIN"": ""Luminate"",
    ""GENRES"": [
      ""Rap"",
      ""R&B/Hip-Hop""
    ],
    ""MAIN_GENRE"": ""Rap""
  },
  {
    ""CLIENT_DOMAIN"": ""Billboard"",
    ""GENRES"": [
      ""Rap"",
      ""R&B/Hip-Hop""
    ],
    ""IS_APPROVED"": true,
    ""MAIN_GENRE"": ""Rap""
  }
]",2021-06-10,2021-06-24,2,54418.16691707,1274
MRELG051B19E33AF14A808DF0AABFDFD19608,ENDLESS SUMMER VACATION,Miley Cyrus,"[
  {
    ""CLIENT_DOMAIN"": ""Luminate"",
    ""GENRES"": [
      ""Rock"",
      ""Pop""
    ],
    ""MAIN_GENRE"": ""Pop""
  },
  {
    ""CLIENT_DOMAIN"": ""Billboard"",
    ""GENRES"": [
      ""Pop""
    ],
    ""IS_APPROVED"": true,
    ""MAIN_GENRE"": ""Pop""
  }
]",2023-03-10,2023-03-16,1,118230.83936794,55242
MRELG051B19E33AF14A808DF0AABFDFD19608,ENDLESS SUMMER VACATION,Miley Cyrus,"[
  {
    ""CLIENT_DOMAIN"": ""Luminate"",
    ""GENRES"": [
      ""Rock"",
      ""Pop""
    ],
    ""MAIN_GENRE"": ""Pop""
  },
  {
    ""CLIENT_DOMAIN"": ""Billboard"",
    ""GENRES"": [
      ""Pop""
    ],
    ""IS_APPROVED"": true,
    ""MAIN_GENRE"": ""Pop""
  }
]",2023-03-10,2023-03-23,2,48998.70230669,10899
MRELGE4088FE5E6FF48BCB5AFD859F7265E92,SHE IS COMING,Miley Cyrus,"[
  {
    ""CLIENT_DOMAIN"": ""Billboard"",
    ""GENRES"": [
      ""Pop""
    ],
    ""IS_APPROVED"": true,
    ""MAIN_GENRE"": ""Pop""
  },
  {
    ""CLIENT_DOMAIN"": ""Luminate"",
    ""GENRES"": [
      ""Rock"",
      ""Pop""
    ],
    ""MAIN_GENRE"": ""Pop""
  }
]",2019-05-31,2019-06-06,1,36765.16885406,12054
MRELGE4088FE5E6FF48BCB5AFD859F7265E92,SHE IS COMING,Miley Cyrus,"[
  {
    ""CLIENT_DOMAIN"": ""Billboard"",
    ""GENRES"": [
      ""Pop""
    ],
    ""IS_APPROVED"": true,
    ""MAIN_GENRE"": ""Pop""
  },
  {
    ""CLIENT_DOMAIN"": ""Luminate"",
    ""GENRES"": [
      ""Rock"",
      ""Pop""
    ],
    ""MAIN_GENRE"": ""Pop""
  }
]",2019-05-31,2019-06-13,2,13605.14335508,1495
MRELGE4D5312319304932B3B6E9BD8B334225,SOMETHING BEAUTIFUL,Miley Cyrus,"[
  {
    ""CLIENT_DOMAIN"": ""Billboard"",
    ""GENRES"": [
      ""Pop""
    ],
    ""IS_APPROVED"": true,
    ""MAIN_GENRE"": ""Pop""
  },
  {
    ""CLIENT_DOMAIN"": ""Luminate"",
    ""GENRES"": [
      ""Rock"",
      ""Pop""
    ],
    ""MAIN_GENRE"": ""Pop""
  }
]",2025-05-30,2025-06-05,1,44304.99468783,26960
MRELGE4D5312319304932B3B6E9BD8B334225,SOMETHING BEAUTIFUL,Miley Cyrus,"[
  {
    ""CLIENT_DOMAIN"": ""Billboard"",
    ""GENRES"": [
      ""Pop""
    ],
    ""IS_APPROVED"": true,
    ""MAIN_GENRE"": ""Pop""
  },
  {
    ""CLIENT_DOMAIN"": ""Luminate"",
    ""GENRES"": [
      ""Rock"",
      ""Pop""
    ],
    ""MAIN_GENRE"": ""Pop""
  }
]",2025-05-30,2025-06-12,2,11990.49456115,4314
MRELG1FC538078FD24D7087897B22C85352A9,Postcards From Texas,Miranda Lambert,"[
  {
    ""CLIENT_DOMAIN"": ""Luminate"",
    ""GENRES"": [
      ""Country""
    ],
    ""MAIN_GENRE"": ""Country""
  },
  {
    ""CLIENT_DOMAIN"": ""Billboard"",
    ""GENRES"": [
      ""Country""
    ],
    ""IS_APPROVED"": true,
    ""MAIN_GENRE"": ""Country""
  }
]",2024-09-13,2024-09-19,1,24845.77230590,18709
MRELG1FC538078FD24D7087897B22C85352A9,Postcards From Texas,Miranda Lambert,"[
  {
    ""CLIENT_DOMAIN"": ""Luminate"",
    ""GENRES"": [
      ""Country""
    ],
    ""MAIN_GENRE"": ""Country""
  },
  {
    ""CLIENT_DOMAIN"": ""Billboard"",
    ""GENRES"": [
      ""Country""
    ],
    ""IS_APPROVED"": true,
    ""MAIN_GENRE"": ""Country""
  }
]",2024-09-13,2024-09-26,2,7947.43199921,3834
MRELG75D167EAAC9B443C8902D559EBFDDF3B,Laurel Hell,Mitski,"[
  {
    ""CLIENT_DOMAIN"": ""Luminate"",
    ""GENRES"": [
      ""Indie Rock"",
      ""Rock""
    ],
    ""MAIN_GENRE"": ""Rock""
  },
  {
    ""CLIENT_DOMAIN"": ""Billboard"",
    ""GENRES"": [
      ""Rock"",
      ""Alt. Rock""
    ],
    ""IS_APPROVED"": true,
    ""MAIN_GENRE"": ""Alt. Rock""
  }
]",2022-02-04,2022-02-10,1,35699.16231143,23934
MRELG75D167EAAC9B443C8902D559EBFDDF3B,Laurel Hell,Mitski,"[
  {
    ""CLIENT_DOMAIN"": ""Luminate"",
    ""GENRES"": [
      ""Indie Rock"",
      ""Rock""
    ],
    ""MAIN_GENRE"": ""Rock""
  },
  {
    ""CLIENT_DOMAIN"": ""Billboard"",
    ""GENRES"": [
      ""Rock"",
      ""Alt. Rock""
    ],
    ""IS_APPROVED"": true,
    ""MAIN_GENRE"": ""Alt. Rock""
  }
]",2022-02-04,2022-02-17,2,11146.32618288,6814
MRELG83C2592946E84DA39DBEEAFBD0AC34F4,The Land Is Inhospitable and So Are We,Mitski,"[
  {
    ""CLIENT_DOMAIN"": ""Billboard"",
    ""GENRES"": [
      ""Alt. Rock"",
      ""Rock""
    ],
    ""IS_APPROVED"": true,
    ""MAIN_GENRE"": ""Alt. Rock""
  },
  {
    ""CLIENT_DOMAIN"": ""Luminate"",
    ""GENRES"": [
      ""Indie Rock"",
      ""Rock""
    ],
    ""MAIN_GENRE"": ""Rock""
  }
]",2023-09-15,2023-09-21,1,32062.30940240,19711
MRELG83C2592946E84DA39DBEEAFBD0AC34F4,The Land Is Inhospitable and So Are We,Mitski,"[
  {
    ""CLIENT_DOMAIN"": ""Billboard"",
    ""GENRES"": [
      ""Alt. Rock"",
      ""Rock""
    ],
    ""IS_APPROVED"": true,
    ""MAIN_GENRE"": ""Alt. Rock""
  },
  {
    ""CLIENT_DOMAIN"": ""Luminate"",
    ""GENRES"": [
      ""Indie Rock"",
      ""Rock""
    ],
    ""MAIN_GENRE"": ""Rock""
  }
]",2023-09-15,2023-09-28,2,16966.70142761,6937
MRELG9955FA5EDF234B559DFC65ED32F52AE1,Infinite,Mobb Deep,"[
  {
    ""CLIENT_DOMAIN"": ""Billboard"",
    ""GENRES"": [
      ""R&B/Hip-Hop"",
      ""Rap""
    ],
    ""IS_APPROVED"": true,
    ""MAIN_GENRE"": ""Rap""
  },
  {
    ""CLIENT_DOMAIN"": ""Luminate"",
    ""GENRES"": [
      ""Rap"",
      ""R&B/Hip-Hop""
    ],
    ""MAIN_GENRE"": ""Rap""
  }
]",2025-10-09,2025-10-16,1,11259.84454464,3684
MRELG9955FA5EDF234B559DFC65ED32F52AE1,Infinite,Mobb Deep,"[
  {
    ""CLIENT_DOMAIN"": ""Billboard"",
    ""GENRES"": [
      ""R&B/Hip-Hop"",
      ""Rap""
    ],
    ""IS_APPROVED"": true,
    ""MAIN_GENRE"": ""Rap""
  },
  {
    ""CLIENT_DOMAIN"": ""Luminate"",
    ""GENRES"": [
      ""Rap"",
      ""R&B/Hip-Hop""
    ],
    ""MAIN_GENRE"": ""Rap""
  }
]",2025-10-09,2025-10-23,2,4040.07878092,943
MRELGDB915F0DEBD64AC48CC5BAEFFE9557FF,43VA HEARTLESS,Moneybagg Yo,"[
  {
    ""CLIENT_DOMAIN"": ""Luminate"",
    ""GENRES"": [
      ""Rap"",
      ""R&B/Hip-Hop""
    ],
    ""MAIN_GENRE"": ""Rap""
  },
  {
    ""CLIENT_DOMAIN"": ""Billboard"",
    ""GENRES"": [
      ""R&B/Hip-Hop"",
      ""Rap""
    ],
    ""IS_APPROVED"": true,
    ""MAIN_GENRE"": ""Rap""
  }
]",2019-05-24,2019-05-30,1,42151.01882152,5238
MRELGDB915F0DEBD64AC48CC5BAEFFE9557FF,43VA HEARTLESS,Moneybagg Yo,"[
  {
    ""CLIENT_DOMAIN"": ""Luminate"",
    ""GENRES"": [
      ""Rap"",
      ""R&B/Hip-Hop""
    ],
    ""MAIN_GENRE"": ""Rap""
  },
  {
    ""CLIENT_DOMAIN"": ""Billboard"",
    ""GENRES"": [
      ""R&B/Hip-Hop"",
      ""Rap""
    ],
    ""IS_APPROVED"": true,
    ""MAIN_GENRE"": ""Rap""
  }
]",2019-05-24,2019-06-06,2,25659.14262291,1905
MRELG0975BD5F57C149A3BF56F95AADC6B35A,A Gangsta’s Pain,Moneybagg Yo,"[
  {
    ""CLIENT_DOMAIN"": ""Billboard"",
    ""GENRES"": [
      ""Rap"",
      ""R&B/Hip-Hop""
    ],
    ""IS_APPROVED"": true,
    ""MAIN_GENRE"": ""Rap""
  },
  {
    ""CLIENT_DOMAIN"": ""Luminate"",
    ""GENRES"": [
      ""Rap"",
      ""R&B/Hip-Hop""
    ],
    ""MAIN_GENRE"": ""Rap""
  }
]",2021-04-23,2021-04-29,1,110021.84569848,3980
MRELG0975BD5F57C149A3BF56F95AADC6B35A,A Gangsta’s Pain,Moneybagg Yo,"[
  {
    ""CLIENT_DOMAIN"": ""Billboard"",
    ""GENRES"": [
      ""Rap"",
      ""R&B/Hip-Hop""
    ],
    ""IS_APPROVED"": true,
    ""MAIN_GENRE"": ""Rap""
  },
  {
    ""CLIENT_DOMAIN"": ""Luminate"",
    ""GENRES"": [
      ""Rap"",
      ""R&B/Hip-Hop""
    ],
    ""MAIN_GENRE"": ""Rap""
  }
]",2021-04-23,2021-05-06,2,69646.55472240,645
MRELGB4D1CC4658A54369ABA046804E7776CE,Hard To Love,Moneybagg Yo,"[
  {
    ""CLIENT_DOMAIN"": ""Billboard"",
    ""GENRES"": [
      ""R&B/Hip-Hop"",
      ""Rap""
    ],
    ""IS_APPROVED"": true,
    ""MAIN_GENRE"": ""Rap""
  },
  {
    ""CLIENT_DOMAIN"": ""Luminate"",
    ""GENRES"": [
      ""Rap"",
      ""R&B/Hip-Hop""
    ],
    ""MAIN_GENRE"": ""Rap""
  }
]",2023-06-02,2023-06-08,1,50876.61673489,2304
MRELGB4D1CC4658A54369ABA046804E7776CE,Hard To Love,Moneybagg Yo,"[
  {
    ""CLIENT_DOMAIN"": ""Billboard"",
    ""GENRES"": [
      ""R&B/Hip-Hop"",
      ""Rap""
    ],
    ""IS_APPROVED"": true,
    ""MAIN_GENRE"": ""Rap""
  },
  {
    ""CLIENT_DOMAIN"": ""Luminate"",
    ""GENRES"": [
      ""Rap"",
      ""R&B/Hip-Hop""
    ],
    ""MAIN_GENRE"": ""Rap""
  }
]",2023-06-02,2023-06-15,2,30857.90578363,230
MRELG7AC76E71D4914A6881FEF4F223A739DC,RESET,Moneybagg Yo,"[
  {
    ""CLIENT_DOMAIN"": ""Luminate"",
    ""GENRES"": [
      ""Rap"",
      ""R&B/Hip-Hop""
    ],
    ""MAIN_GENRE"": ""Rap""
  },
  {
    ""CLIENT_DOMAIN"": ""Billboard"",
    ""GENRES"": [
      ""Rap"",
      ""R&B/Hip-Hop""
    ],
    ""IS_APPROVED"": true,
    ""MAIN_GENRE"": ""Rap""
  }
]",2018-11-02,2018-11-08,1,32182.19141980,4688
MRELG7AC76E71D4914A6881FEF4F223A739DC,RESET,Moneybagg Yo,"[
  {
    ""CLIENT_DOMAIN"": ""Luminate"",
    ""GENRES"": [
      ""Rap"",
      ""R&B/Hip-Hop""
    ],
    ""MAIN_GENRE"": ""Rap""
  },
  {
    ""CLIENT_DOMAIN"": ""Billboard"",
    ""GENRES"": [
      ""Rap"",
      ""R&B/Hip-Hop""
    ],
    ""IS_APPROVED"": true,
    ""MAIN_GENRE"": ""Rap""
  }
]",2018-11-02,2018-11-15,2,13879.94896460,1268
MRELG5F125B9754C2418DBDE75719C04CDCD0,SPEAK NOW,Moneybagg Yo,"[
  {
    ""CLIENT_DOMAIN"": ""Billboard"",
    ""GENRES"": [
      ""R&B/Hip-Hop"",
      ""Rap""
    ],
    ""IS_APPROVED"": true,
    ""MAIN_GENRE"": ""Rap""
  },
  {
    ""CLIENT_DOMAIN"": ""Luminate"",
    ""GENRES"": [
      ""Rap"",
      ""R&B/Hip-Hop""
    ],
    ""MAIN_GENRE"": ""Rap""
  }
]",2024-06-13,2024-06-20,1,39470.03646735,1168
MRELG5F125B9754C2418DBDE75719C04CDCD0,SPEAK NOW,Moneybagg Yo,"[
  {
    ""CLIENT_DOMAIN"": ""Billboard"",
    ""GENRES"": [
      ""R&B/Hip-Hop"",
      ""Rap""
    ],
    ""IS_APPROVED"": true,
    ""MAIN_GENRE"": ""Rap""
  },
  {
    ""CLIENT_DOMAIN"": ""Luminate"",
    ""GENRES"": [
      ""Rap"",
      ""R&B/Hip-Hop""
    ],
    ""MAIN_GENRE"": ""Rap""
  }
]",2024-06-13,2024-06-27,2,27000.59907386,191
MRELG90AB7B5C8FAF4A2EBC37A19534B3C235,Time Served,Moneybagg Yo,"[
  {
    ""CLIENT_DOMAIN"": ""Luminate"",
    ""GENRES"": [
      ""Rap"",
      ""R&B/Hip-Hop""
    ],
    ""MAIN_GENRE"": ""Rap""
  },
  {
    ""CLIENT_DOMAIN"": ""Billboard"",
    ""GENRES"": [
      ""Rap"",
      ""R&B/Hip-Hop""
    ],
    ""IS_APPROVED"": true,
    ""MAIN_GENRE"": ""Rap""
  }
]",2020-01-10,2020-01-16,1,67361.54223427,5649
MRELG90AB7B5C8FAF4A2EBC37A19534B3C235,Time Served,Moneybagg Yo,"[
  {
    ""CLIENT_DOMAIN"": ""Luminate"",
    ""GENRES"": [
      ""Rap"",
      ""R&B/Hip-Hop""
    ],
    ""MAIN_GENRE"": ""Rap""
  },
  {
    ""CLIENT_DOMAIN"": ""Billboard"",
    ""GENRES"": [
      ""Rap"",
      ""R&B/Hip-Hop""
    ],
    ""IS_APPROVED"": true,
    ""MAIN_GENRE"": ""Rap""
  }
]",2020-01-10,2020-01-23,2,38626.39564381,1133
MRELG92BA3D3A95544D39B4643F56C634560B,7 Summers,Morgan Wallen,"[
  {
    ""CLIENT_DOMAIN"": ""Luminate"",
    ""GENRES"": [
      ""Country""
    ],
    ""MAIN_GENRE"": ""Country""
  },
  {
    ""CLIENT_DOMAIN"": ""Billboard"",
    ""GENRES"": [
      ""Country""
    ],
    ""IS_APPROVED"": true,
    ""MAIN_GENRE"": ""Country""
  }
]",2020-08-14,2020-08-20,1,20470.84750048,68
MRELG92BA3D3A95544D39B4643F56C634560B,7 Summers,Morgan Wallen,"[
  {
    ""CLIENT_DOMAIN"": ""Luminate"",
    ""GENRES"": [
      ""Country""
    ],
    ""MAIN_GENRE"": ""Country""
  },
  {
    ""CLIENT_DOMAIN"": ""Billboard"",
    ""GENRES"": [
      ""Country""
    ],
    ""IS_APPROVED"": true,
    ""MAIN_GENRE"": ""Country""
  }
]",2020-08-14,2020-08-27,2,9096.28755006,41
MRELG779F5EB3DB21460B980689C238B7BF3E,Dangerous: The Double Album,Morgan Wallen,"[
  {
    ""CLIENT_DOMAIN"": ""Luminate"",
    ""GENRES"": [
      ""Country"",
      ""Pop""
    ],
    ""MAIN_GENRE"": ""Country""
  },
  {
    ""CLIENT_DOMAIN"": ""Billboard"",
    ""GENRES"": [
      ""Country""
    ],
    ""IS_APPROVED"": true,
    ""MAIN_GENRE"": ""Country""
  }
]",2021-01-08,2021-01-14,1,258840.06911841,74392
MRELG779F5EB3DB21460B980689C238B7BF3E,Dangerous: The Double Album,Morgan Wallen,"[
  {
    ""CLIENT_DOMAIN"": ""Luminate"",
    ""GENRES"": [
      ""Country"",
      ""Pop""
    ],
    ""MAIN_GENRE"": ""Country""
  },
  {
    ""CLIENT_DOMAIN"": ""Billboard"",
    ""GENRES"": [
      ""Country""
    ],
    ""IS_APPROVED"": true,
    ""MAIN_GENRE"": ""Country""
  }
]",2021-01-08,2021-01-21,2,155788.92303401,22387
MRELGB07FD2D0C9964B4F95CB07C28EA6FBA4,I'm The Problem,Morgan Wallen,"[
  {
    ""CLIENT_DOMAIN"": ""Billboard"",
    ""GENRES"": [
      ""Country""
    ],
    ""IS_APPROVED"": true,
    ""MAIN_GENRE"": ""Country""
  },
  {
    ""CLIENT_DOMAIN"": ""Luminate"",
    ""GENRES"": [
      ""Country""
    ],
    ""MAIN_GENRE"": ""Country""
  }
]",2025-01-31,2025-02-06,1,22038.74502631,49
MRELGB07FD2D0C9964B4F95CB07C28EA6FBA4,I'm The Problem,Morgan Wallen,"[
  {
    ""CLIENT_DOMAIN"": ""Billboard"",
    ""GENRES"": [
      ""Country""
    ],
    ""IS_APPROVED"": true,
    ""MAIN_GENRE"": ""Country""
  },
  {
    ""CLIENT_DOMAIN"": ""Luminate"",
    ""GENRES"": [
      ""Country""
    ],
    ""MAIN_GENRE"": ""Country""
  }
]",2025-01-31,2025-02-13,2,13178.74763078,23
MRELGEEDBFFBCCE4B4E7CBFFA5C3E35A81504,I'm The Problem,Morgan Wallen,"[
  {
    ""CLIENT_DOMAIN"": ""Billboard"",
    ""GENRES"": [
      ""Country""
    ],
    ""IS_APPROVED"": true,
    ""MAIN_GENRE"": ""Country""
  },
  {
    ""CLIENT_DOMAIN"": ""Luminate"",
    ""GENRES"": [
      ""Country""
    ],
    ""MAIN_GENRE"": ""Country""
  }
]",2025-05-16,2025-05-22,1,485987.96070181,132504
MRELGEEDBFFBCCE4B4E7CBFFA5C3E35A81504,I'm The Problem,Morgan Wallen,"[
  {
    ""CLIENT_DOMAIN"": ""Billboard"",
    ""GENRES"": [
      ""Country""
    ],
    ""IS_APPROVED"": true,
    ""MAIN_GENRE"": ""Country""
  },
  {
    ""CLIENT_DOMAIN"": ""Luminate"",
    ""GENRES"": [
      ""Country""
    ],
    ""MAIN_GENRE"": ""Country""
  }
]",2025-05-16,2025-05-29,2,285378.25097041,28188
MRELG437C125D4B2F4D51A0C11A5BE97E4607,Lies Lies Lies,Morgan Wallen,"[
  {
    ""CLIENT_DOMAIN"": ""Billboard"",
    ""GENRES"": [
      ""Country""
    ],
    ""IS_APPROVED"": true,
    ""MAIN_GENRE"": ""Country""
  },
  {
    ""CLIENT_DOMAIN"": ""Luminate"",
    ""GENRES"": [
      ""Country""
    ],
    ""MAIN_GENRE"": ""Country""
  }
]",2024-07-05,2024-07-11,1,21652.71012815,56
MRELG437C125D4B2F4D51A0C11A5BE97E4607,Lies Lies Lies,Morgan Wallen,"[
  {
    ""CLIENT_DOMAIN"": ""Billboard"",
    ""GENRES"": [
      ""Country""
    ],
    ""IS_APPROVED"": true,
    ""MAIN_GENRE"": ""Country""
  },
  {
    ""CLIENT_DOMAIN"": ""Luminate"",
    ""GENRES"": [
      ""Country""
    ],
    ""MAIN_GENRE"": ""Country""
  }
]",2024-07-05,2024-07-18,2,17040.58556710,20
MRELG8D6BD5669E91479E84DE383EB4A12EE4,Love Somebody,Morgan Wallen,"[
  {
    ""CLIENT_DOMAIN"": ""Luminate"",
    ""GENRES"": [
      ""Country""
    ],
    ""MAIN_GENRE"": ""Country""
  },
  {
    ""CLIENT_DOMAIN"": ""Billboard"",
    ""GENRES"": [
      ""Country""
    ],
    ""IS_APPROVED"": true,
    ""MAIN_GENRE"": ""Country""
  }
]",2024-10-18,2024-10-24,1,24206.07511430,82
MRELG8D6BD5669E91479E84DE383EB4A12EE4,Love Somebody,Morgan Wallen,"[
  {
    ""CLIENT_DOMAIN"": ""Luminate"",
    ""GENRES"": [
      ""Country""
    ],
    ""MAIN_GENRE"": ""Country""
  },
  {
    ""CLIENT_DOMAIN"": ""Billboard"",
    ""GENRES"": [
      ""Country""
    ],
    ""IS_APPROVED"": true,
    ""MAIN_GENRE"": ""Country""
  }
]",2024-10-18,2024-10-31,2,15405.63398723,33
MRELG0AEB5FDF56C94A15AB4CDDD998521C16,One Thing At A Time,Morgan Wallen,"[
  {
    ""CLIENT_DOMAIN"": ""Luminate"",
    ""GENRES"": [
      ""Country""
    ],
    ""MAIN_GENRE"": ""Country""
  },
  {
    ""CLIENT_DOMAIN"": ""Billboard"",
    ""GENRES"": [
      ""Country""
    ],
    ""IS_APPROVED"": true,
    ""MAIN_GENRE"": ""Country""
  }
]",2023-03-03,2023-03-09,1,488038.06346851,111470
MRELG0AEB5FDF56C94A15AB4CDDD998521C16,One Thing At A Time,Morgan Wallen,"[
  {
    ""CLIENT_DOMAIN"": ""Luminate"",
    ""GENRES"": [
      ""Country""
    ],
    ""MAIN_GENRE"": ""Country""
  },
  {
    ""CLIENT_DOMAIN"": ""Billboard"",
    ""GENRES"": [
      ""Country""
    ],
    ""IS_APPROVED"": true,
    ""MAIN_GENRE"": ""Country""
  }
]",2023-03-03,2023-03-16,2,257848.17721830,21157
MRELG02894A6F8681444EAC6620A34529014F,One Thing At A Time Sampler,Morgan Wallen,"[
  {
    ""CLIENT_DOMAIN"": ""Billboard"",
    ""GENRES"": [
      ""Country""
    ],
    ""IS_APPROVED"": true,
    ""MAIN_GENRE"": ""Country""
  },
  {
    ""CLIENT_DOMAIN"": ""Luminate"",
    ""GENRES"": [
      ""Country""
    ],
    ""MAIN_GENRE"": ""Country""
  }
]",2022-12-02,2022-12-08,1,29376.39546167,78
MRELG02894A6F8681444EAC6620A34529014F,One Thing At A Time Sampler,Morgan Wallen,"[
  {
    ""CLIENT_DOMAIN"": ""Billboard"",
    ""GENRES"": [
      ""Country""
    ],
    ""IS_APPROVED"": true,
    ""MAIN_GENRE"": ""Country""
  },
  {
    ""CLIENT_DOMAIN"": ""Luminate"",
    ""GENRES"": [
      ""Country""
    ],
    ""MAIN_GENRE"": ""Country""
  }
]",2022-12-02,2022-12-15,2,14567.27014031,11
MRELGCF875FD166D548F581F420783E4F61C5,Delta,Mumford & Sons,"[
  {
    ""CLIENT_DOMAIN"": ""Billboard"",
    ""GENRES"": [
      ""Folk"",
      ""Rock"",
      ""Alt. Rock""
    ],
    ""IS_APPROVED"": true,
    ""MAIN_GENRE"": ""Alt. Rock""
  },
  {
    ""CLIENT_DOMAIN"": ""Luminate"",
    ""GENRES"": [
      ""Indie Rock"",
      ""Rock"",
      ""Folk""
    ],
    ""MAIN_GENRE"": ""Rock""
  }
]",2018-11-16,2018-11-22,1,229466.63573105,214188
MRELGCF875FD166D548F581F420783E4F61C5,Delta,Mumford & Sons,"[
  {
    ""CLIENT_DOMAIN"": ""Billboard"",
    ""GENRES"": [
      ""Folk"",
      ""Rock"",
      ""Alt. Rock""
    ],
    ""IS_APPROVED"": true,
    ""MAIN_GENRE"": ""Alt. Rock""
  },
  {
    ""CLIENT_DOMAIN"": ""Luminate"",
    ""GENRES"": [
      ""Indie Rock"",
      ""Rock"",
      ""Folk""
    ],
    ""MAIN_GENRE"": ""Rock""
  }
]",2018-11-16,2018-11-29,2,22464.07231587,14252
MRELGE7054C700127405B8E0373DAD2966669,Bless Yo Trap,"Murda Beatz, Smokepurpp","[
  {
    ""CLIENT_DOMAIN"": ""Billboard"",
    ""GENRES"": [
      ""Rap"",
      ""R&B/Hip-Hop""
    ],
    ""IS_APPROVED"": true,
    ""MAIN_GENRE"": ""Rap""
  },
  {
    ""CLIENT_DOMAIN"": ""Luminate"",
    ""GENRES"": [
      ""Rap"",
      ""R&B/Hip-Hop""
    ],
    ""MAIN_GENRE"": ""Rap""
  }
]",2018-04-13,2018-04-19,1,13831.10990252,736
MRELGE7054C700127405B8E0373DAD2966669,Bless Yo Trap,"Murda Beatz, Smokepurpp","[
  {
    ""CLIENT_DOMAIN"": ""Billboard"",
    ""GENRES"": [
      ""Rap"",
      ""R&B/Hip-Hop""
    ],
    ""IS_APPROVED"": true,
    ""MAIN_GENRE"": ""Rap""
  },
  {
    ""CLIENT_DOMAIN"": ""Luminate"",
    ""GENRES"": [
      ""Rap"",
      ""R&B/Hip-Hop""
    ],
    ""MAIN_GENRE"": ""Rap""
  }
]",2018-04-13,2018-04-26,2,6945.41967645,95
MRELG58717E061FB14C82B90DE4A11EE569E3,Will Of The People,Muse,"[
  {
    ""CLIENT_DOMAIN"": ""Luminate"",
    ""GENRES"": [
      ""Indie Rock"",
      ""Rock"",
      ""Alternative""
    ],
    ""MAIN_GENRE"": ""Alternative""
  },
  {
    ""CLIENT_DOMAIN"": ""Billboard"",
    ""GENRES"": [
      ""Rock"",
      ""Alt. Rock""
    ],
    ""IS_APPROVED"": true,
    ""MAIN_GENRE"": ""Alt. Rock""
  }
]",2022-08-26,2022-09-01,1,23553.99750798,20162
MRELG58717E061FB14C82B90DE4A11EE569E3,Will Of The People,Muse,"[
  {
    ""CLIENT_DOMAIN"": ""Luminate"",
    ""GENRES"": [
      ""Indie Rock"",
      ""Rock"",
      ""Alternative""
    ],
    ""MAIN_GENRE"": ""Alternative""
  },
  {
    ""CLIENT_DOMAIN"": ""Billboard"",
    ""GENRES"": [
      ""Rock"",
      ""Alt. Rock""
    ],
    ""IS_APPROVED"": true,
    ""MAIN_GENRE"": ""Alt. Rock""
  }
]",2022-08-26,2022-09-08,2,3950.58757409,2526
MRELGD9418778253D4008BD518F7A96EAC47E,Perfect Ten,Mustard,"[
  {
    ""CLIENT_DOMAIN"": ""Luminate"",
    ""GENRES"": [
      ""Rap"",
      ""R&B/Hip-Hop""
    ],
    ""MAIN_GENRE"": ""Rap""
  },
  {
    ""CLIENT_DOMAIN"": ""Billboard"",
    ""GENRES"": [
      ""R&B/Hip-Hop"",
      ""Rap""
    ],
    ""IS_APPROVED"": true,
    ""MAIN_GENRE"": ""Rap""
  }
]",2019-06-28,2019-07-04,1,38976.63313366,1337
MRELGD9418778253D4008BD518F7A96EAC47E,Perfect Ten,Mustard,"[
  {
    ""CLIENT_DOMAIN"": ""Luminate"",
    ""GENRES"": [
      ""Rap"",
      ""R&B/Hip-Hop""
    ],
    ""MAIN_GENRE"": ""Rap""
  },
  {
    ""CLIENT_DOMAIN"": ""Billboard"",
    ""GENRES"": [
      ""R&B/Hip-Hop"",
      ""Rap""
    ],
    ""IS_APPROVED"": true,
    ""MAIN_GENRE"": ""Rap""
  }
]",2019-06-28,2019-07-11,2,27085.25603886,280
MRELG3812F3E95B814B58A6B12267F29723F4,Is,My Morning Jacket,"[
  {
    ""CLIENT_DOMAIN"": ""Billboard"",
    ""GENRES"": [
      ""Alt. Rock"",
      ""Rock""
    ],
    ""IS_APPROVED"": true,
    ""MAIN_GENRE"": ""Alt. Rock""
  },
  {
    ""CLIENT_DOMAIN"": ""Luminate"",
    ""GENRES"": [
      ""Rock""
    ],
    ""MAIN_GENRE"": ""Rock""
  }
]",2025-03-21,2025-03-27,1,11748.38417253,9965
MRELG3812F3E95B814B58A6B12267F29723F4,Is,My Morning Jacket,"[
  {
    ""CLIENT_DOMAIN"": ""Billboard"",
    ""GENRES"": [
      ""Alt. Rock"",
      ""Rock""
    ],
    ""IS_APPROVED"": true,
    ""MAIN_GENRE"": ""Alt. Rock""
  },
  {
    ""CLIENT_DOMAIN"": ""Luminate"",
    ""GENRES"": [
      ""Rock""
    ],
    ""MAIN_GENRE"": ""Rock""
  }
]",2025-03-21,2025-04-03,2,2835.60809125,2037
MRELG7D33710E79F24E35A988904474A78195,The Dirt Soundtrack,MÖTLEY CRÜE,"[
  {
    ""CLIENT_DOMAIN"": ""Luminate"",
    ""GENRES"": [
      ""Soundtrack"",
      ""Rock"",
      ""Metal""
    ],
    ""MAIN_GENRE"": ""Rock""
  },
  {
    ""CLIENT_DOMAIN"": ""Billboard"",
    ""GENRES"": [
      ""Hard Rock"",
      ""Rock"",
      ""Soundtrack""
    ],
    ""IS_APPROVED"": true,
    ""MAIN_GENRE"": ""Hard Rock""
  }
]",2019-03-22,2019-03-28,1,23184.71261976,6614
MRELG7D33710E79F24E35A988904474A78195,The Dirt Soundtrack,MÖTLEY CRÜE,"[
  {
    ""CLIENT_DOMAIN"": ""Luminate"",
    ""GENRES"": [
      ""Soundtrack"",
      ""Rock"",
      ""Metal""
    ],
    ""MAIN_GENRE"": ""Rock""
  },
  {
    ""CLIENT_DOMAIN"": ""Billboard"",
    ""GENRES"": [
      ""Hard Rock"",
      ""Rock"",
      ""Soundtrack""
    ],
    ""IS_APPROVED"": true,
    ""MAIN_GENRE"": ""Hard Rock""
  }
]",2019-03-22,2019-04-04,2,18068.53918532,1956
MRELG76AD449A0EF448ADA293D185E15FDDEC,KING'S DISEASE II,NAS,"[
  {
    ""CLIENT_DOMAIN"": ""Billboard"",
    ""GENRES"": [
      ""R&B/Hip-Hop"",
      ""Rap""
    ],
    ""IS_APPROVED"": true,
    ""MAIN_GENRE"": ""Rap""
  },
  {
    ""CLIENT_DOMAIN"": ""Luminate"",
    ""GENRES"": [
      ""Rap"",
      ""R&B/Hip-Hop""
    ],
    ""MAIN_GENRE"": ""Rap""
  }
]",2021-08-06,2021-08-12,1,55721.89161957,19412
MRELG76AD449A0EF448ADA293D185E15FDDEC,KING'S DISEASE II,NAS,"[
  {
    ""CLIENT_DOMAIN"": ""Billboard"",
    ""GENRES"": [
      ""R&B/Hip-Hop"",
      ""Rap""
    ],
    ""IS_APPROVED"": true,
    ""MAIN_GENRE"": ""Rap""
  },
  {
    ""CLIENT_DOMAIN"": ""Luminate"",
    ""GENRES"": [
      ""Rap"",
      ""R&B/Hip-Hop""
    ],
    ""MAIN_GENRE"": ""Rap""
  }
]",2021-08-06,2021-08-19,2,16532.30036846,2760
MRELG9EE77495E3C74C8793107A6BB0985EC1,KING'S DISEASE III,NAS,"[
  {
    ""CLIENT_DOMAIN"": ""Billboard"",
    ""GENRES"": [
      ""R&B/Hip-Hop"",
      ""Rap""
    ],
    ""IS_APPROVED"": true,
    ""MAIN_GENRE"": ""Rap""
  },
  {
    ""CLIENT_DOMAIN"": ""Luminate"",
    ""GENRES"": [
      ""Rap"",
      ""R&B/Hip-Hop""
    ],
    ""MAIN_GENRE"": ""Rap""
  }
]",2022-11-11,2022-11-17,1,28711.21983351,8322
MRELG9EE77495E3C74C8793107A6BB0985EC1,KING'S DISEASE III,NAS,"[
  {
    ""CLIENT_DOMAIN"": ""Billboard"",
    ""GENRES"": [
      ""R&B/Hip-Hop"",
      ""Rap""
    ],
    ""IS_APPROVED"": true,
    ""MAIN_GENRE"": ""Rap""
  },
  {
    ""CLIENT_DOMAIN"": ""Luminate"",
    ""GENRES"": [
      ""Rap"",
      ""R&B/Hip-Hop""
    ],
    ""MAIN_GENRE"": ""Rap""
  }
]",2022-11-11,2022-11-24,2,10652.19798920,1488
MRELGB97A63F50BEF4BC98190931ED71D960F,Magic,NAS,"[
  {
    ""CLIENT_DOMAIN"": ""Luminate"",
    ""GENRES"": [
      ""Rap"",
      ""R&B/Hip-Hop""
    ],
    ""MAIN_GENRE"": ""Rap""
  },
  {
    ""CLIENT_DOMAIN"": ""Billboard"",
    ""GENRES"": [
      ""R&B/Hip-Hop"",
      ""Rap""
    ],
    ""IS_APPROVED"": true,
    ""MAIN_GENRE"": ""Rap""
  }
]",2021-12-24,2021-12-30,1,20753.58654340,7926
MRELGB97A63F50BEF4BC98190931ED71D960F,Magic,NAS,"[
  {
    ""CLIENT_DOMAIN"": ""Luminate"",
    ""GENRES"": [
      ""Rap"",
      ""R&B/Hip-Hop""
    ],
    ""MAIN_GENRE"": ""Rap""
  },
  {
    ""CLIENT_DOMAIN"": ""Billboard"",
    ""GENRES"": [
      ""R&B/Hip-Hop"",
      ""Rap""
    ],
    ""IS_APPROVED"": true,
    ""MAIN_GENRE"": ""Rap""
  }
]",2021-12-24,2022-01-06,2,8080.45128830,1718
MRELG091A7ABC7C004180B4A450C83CE33659,Bad Habits,NAV,"[
  {
    ""CLIENT_DOMAIN"": ""Luminate"",
    ""GENRES"": [
      ""Rap"",
      ""R&B/Hip-Hop""
    ],
    ""MAIN_GENRE"": ""Rap""
  },
  {
    ""CLIENT_DOMAIN"": ""Billboard"",
    ""GENRES"": [
      ""R&B/Hip-Hop"",
      ""Rap""
    ],
    ""IS_APPROVED"": false,
    ""MAIN_GENRE"": ""Rap""
  }
]",2019-03-22,2019-03-28,1,84355.25854470,24169
MRELG091A7ABC7C004180B4A450C83CE33659,Bad Habits,NAV,"[
  {
    ""CLIENT_DOMAIN"": ""Luminate"",
    ""GENRES"": [
      ""Rap"",
      ""R&B/Hip-Hop""
    ],
    ""MAIN_GENRE"": ""Rap""
  },
  {
    ""CLIENT_DOMAIN"": ""Billboard"",
    ""GENRES"": [
      ""R&B/Hip-Hop"",
      ""Rap""
    ],
    ""IS_APPROVED"": false,
    ""MAIN_GENRE"": ""Rap""
  }
]",2019-03-22,2019-04-04,2,36192.46314107,1124
MRELG78C5640F98FC4849B8DEE848990B6F18,Emergency Tsunami,NAV,"[
  {
    ""CLIENT_DOMAIN"": ""Billboard"",
    ""GENRES"": [
      ""R&B/Hip-Hop"",
      ""Rap""
    ],
    ""IS_APPROVED"": false,
    ""MAIN_GENRE"": ""Rap""
  },
  {
    ""CLIENT_DOMAIN"": ""Luminate"",
    ""GENRES"": [
      ""Rap"",
      ""R&B/Hip-Hop""
    ],
    ""MAIN_GENRE"": ""Rap""
  }
]",2020-11-06,2020-11-12,1,42464.89403585,7384
MRELG78C5640F98FC4849B8DEE848990B6F18,Emergency Tsunami,NAV,"[
  {
    ""CLIENT_DOMAIN"": ""Billboard"",
    ""GENRES"": [
      ""R&B/Hip-Hop"",
      ""Rap""
    ],
    ""IS_APPROVED"": false,
    ""MAIN_GENRE"": ""Rap""
  },
  {
    ""CLIENT_DOMAIN"": ""Luminate"",
    ""GENRES"": [
      ""Rap"",
      ""R&B/Hip-Hop""
    ],
    ""MAIN_GENRE"": ""Rap""
  }
]",2020-11-06,2020-11-19,2,15554.98719783,610
MRELG3EA9EF1A356741C69476CEA97C77DC48,Good Intentions,NAV,"[
  {
    ""CLIENT_DOMAIN"": ""Luminate"",
    ""GENRES"": [
      ""Rap"",
      ""R&B/Hip-Hop""
    ],
    ""MAIN_GENRE"": ""Rap""
  },
  {
    ""CLIENT_DOMAIN"": ""Billboard"",
    ""GENRES"": [
      ""R&B/Hip-Hop"",
      ""Rap""
    ],
    ""IS_APPROVED"": false,
    ""MAIN_GENRE"": ""Rap""
  }
]",2020-05-08,2020-05-14,1,135395.97305216,73162
MRELG3EA9EF1A356741C69476CEA97C77DC48,Good Intentions,NAV,"[
  {
    ""CLIENT_DOMAIN"": ""Luminate"",
    ""GENRES"": [
      ""Rap"",
      ""R&B/Hip-Hop""
    ],
    ""MAIN_GENRE"": ""Rap""
  },
  {
    ""CLIENT_DOMAIN"": ""Billboard"",
    ""GENRES"": [
      ""R&B/Hip-Hop"",
      ""Rap""
    ],
    ""IS_APPROVED"": false,
    ""MAIN_GENRE"": ""Rap""
  }
]",2020-05-08,2020-05-21,2,34542.67965034,6567
MRELG34EC729D374A45ED96E89ADB4D89CFF2,OMW2 REXDALE,NAV,"[
  {
    ""CLIENT_DOMAIN"": ""Luminate"",
    ""GENRES"": [
      ""Rap"",
      ""R&B/Hip-Hop""
    ],
    ""MAIN_GENRE"": ""Rap""
  },
  {
    ""CLIENT_DOMAIN"": ""Billboard"",
    ""GENRES"": [
      ""R&B/Hip-Hop"",
      ""Rap""
    ],
    ""IS_APPROVED"": true,
    ""MAIN_GENRE"": ""Rap""
  }
]",2025-03-27,2025-04-03,1,20709.17265589,7451
MRELG34EC729D374A45ED96E89ADB4D89CFF2,OMW2 REXDALE,NAV,"[
  {
    ""CLIENT_DOMAIN"": ""Luminate"",
    ""GENRES"": [
      ""Rap"",
      ""R&B/Hip-Hop""
    ],
    ""MAIN_GENRE"": ""Rap""
  },
  {
    ""CLIENT_DOMAIN"": ""Billboard"",
    ""GENRES"": [
      ""R&B/Hip-Hop"",
      ""Rap""
    ],
    ""IS_APPROVED"": true,
    ""MAIN_GENRE"": ""Rap""
  }
]",2025-03-27,2025-04-10,2,5529.31137721,388
MRELGC252B10D9B964D409B110904939C4C39,RECKLESS,NAV,"[
  {
    ""CLIENT_DOMAIN"": ""Billboard"",
    ""GENRES"": [
      ""R&B/Hip-Hop"",
      ""Rap""
    ],
    ""IS_APPROVED"": false,
    ""MAIN_GENRE"": ""Rap""
  },
  {
    ""CLIENT_DOMAIN"": ""Luminate"",
    ""GENRES"": [
      ""Rap"",
      ""R&B/Hip-Hop""
    ],
    ""MAIN_GENRE"": ""Rap""
  }
]",2018-05-18,2018-05-24,1,38375.35757412,3903
MRELGC252B10D9B964D409B110904939C4C39,RECKLESS,NAV,"[
  {
    ""CLIENT_DOMAIN"": ""Billboard"",
    ""GENRES"": [
      ""R&B/Hip-Hop"",
      ""Rap""
    ],
    ""IS_APPROVED"": false,
    ""MAIN_GENRE"": ""Rap""
  },
  {
    ""CLIENT_DOMAIN"": ""Luminate"",
    ""GENRES"": [
      ""Rap"",
      ""R&B/Hip-Hop""
    ],
    ""MAIN_GENRE"": ""Rap""
  }
]",2018-05-18,2018-05-31,2,17934.16675003,380
MRELG8B8B5C0495B74A018E00459D00DBDDB7,NCT #127 Neo Zone - The 2nd Album,NCT 127,"[
  {
    ""CLIENT_DOMAIN"": ""Billboard"",
    ""GENRES"": [
      ""World Music"",
      ""K-Pop""
    ],
    ""IS_APPROVED"": true,
    ""MAIN_GENRE"": ""K-Pop""
  },
  {
    ""CLIENT_DOMAIN"": ""Luminate"",
    ""GENRES"": [
      ""K-Pop"",
      ""Pop""
    ],
    ""MAIN_GENRE"": ""K-Pop""
  }
]",2020-03-06,2020-03-12,1,27570.67891933,23131
MRELG8B8B5C0495B74A018E00459D00DBDDB7,NCT #127 Neo Zone - The 2nd Album,NCT 127,"[
  {
    ""CLIENT_DOMAIN"": ""Billboard"",
    ""GENRES"": [
      ""World Music"",
      ""K-Pop""
    ],
    ""IS_APPROVED"": true,
    ""MAIN_GENRE"": ""K-Pop""
  },
  {
    ""CLIENT_DOMAIN"": ""Luminate"",
    ""GENRES"": [
      ""K-Pop"",
      ""Pop""
    ],
    ""MAIN_GENRE"": ""K-Pop""
  }
]",2020-03-06,2020-03-19,2,2880.95825741,977
MRELG05BC818DCA184D678BCB92416AF8EA69,NCT #127 WE ARE SUPERHUMAN - The 4th Min,NCT 127,"[
  {
    ""CLIENT_DOMAIN"": ""Billboard"",
    ""GENRES"": [
      ""World Music"",
      ""K-Pop""
    ],
    ""IS_APPROVED"": true,
    ""MAIN_GENRE"": ""K-Pop""
  },
  {
    ""CLIENT_DOMAIN"": ""Luminate"",
    ""GENRES"": [
      ""K-Pop""
    ],
    ""MAIN_GENRE"": ""K-Pop""
  }
]",2019-05-24,2019-05-30,1,20110.67593033,18252
MRELG05BC818DCA184D678BCB92416AF8EA69,NCT #127 WE ARE SUPERHUMAN - The 4th Min,NCT 127,"[
  {
    ""CLIENT_DOMAIN"": ""Billboard"",
    ""GENRES"": [
      ""World Music"",
      ""K-Pop""
    ],
    ""IS_APPROVED"": true,
    ""MAIN_GENRE"": ""K-Pop""
  },
  {
    ""CLIENT_DOMAIN"": ""Luminate"",
    ""GENRES"": [
      ""K-Pop""
    ],
    ""MAIN_GENRE"": ""K-Pop""
  }
]",2019-05-24,2019-06-06,2,1100.55113241,217
MRELG0BD02D52040F44839432B2D5FBA61B65,Out Of Body,NEEDTOBREATHE,"[
  {
    ""CLIENT_DOMAIN"": ""Billboard"",
    ""GENRES"": [
      ""Alt. Rock"",
      ""Christian"",
      ""Rock"",
      ""Christian/Gospel""
    ],
    ""IS_APPROVED"": true,
    ""MAIN_GENRE"": ""Alt. Rock""
  },
  {
    ""CLIENT_DOMAIN"": ""Luminate"",
    ""GENRES"": [
      ""Christian"",
      ""Rock"",
      ""Religious""
    ],
    ""MAIN_GENRE"": ""Rock""
  }
]",2020-08-28,2020-09-03,1,21216.08145922,16313
MRELG0BD02D52040F44839432B2D5FBA61B65,Out Of Body,NEEDTOBREATHE,"[
  {
    ""CLIENT_DOMAIN"": ""Billboard"",
    ""GENRES"": [
      ""Alt. Rock"",
      ""Christian"",
      ""Rock"",
      ""Christian/Gospel""
    ],
    ""IS_APPROVED"": true,
    ""MAIN_GENRE"": ""Alt. Rock""
  },
  {
    ""CLIENT_DOMAIN"": ""Luminate"",
    ""GENRES"": [
      ""Christian"",
      ""Rock"",
      ""Religious""
    ],
    ""MAIN_GENRE"": ""Rock""
  }
]",2020-08-28,2020-09-10,2,5912.42871004,2665
MRELG6415965DDC154E2CA53DF74FDD4F126C,2nd EP 'Get Up',NEWJEANS,"[
  {
    ""CLIENT_DOMAIN"": ""Billboard"",
    ""GENRES"": [
      ""K-Pop"",
      ""Pop"",
      ""World Music""
    ],
    ""IS_APPROVED"": true,
    ""MAIN_GENRE"": ""K-Pop""
  },
  {
    ""CLIENT_DOMAIN"": ""Luminate"",
    ""GENRES"": [
      ""K-Pop"",
      ""Pop""
    ],
    ""MAIN_GENRE"": ""K-Pop""
  }
]",2023-07-21,2023-07-27,1,127126.01501166,101525
MRELG6415965DDC154E2CA53DF74FDD4F126C,2nd EP 'Get Up',NEWJEANS,"[
  {
    ""CLIENT_DOMAIN"": ""Billboard"",
    ""GENRES"": [
      ""K-Pop"",
      ""Pop"",
      ""World Music""
    ],
    ""IS_APPROVED"": true,
    ""MAIN_GENRE"": ""K-Pop""
  },
  {
    ""CLIENT_DOMAIN"": ""Luminate"",
    ""GENRES"": [
      ""K-Pop"",
      ""Pop""
    ],
    ""MAIN_GENRE"": ""K-Pop""
  }
]",2023-07-21,2023-08-03,2,54990.61847937,38613
MRELG0240E375854D42F8BF1D210CCAD47FBE,CLOUDS (THE MIXTAPE),NF,"[
  {
    ""CLIENT_DOMAIN"": ""Billboard"",
    ""GENRES"": [
      ""Rap"",
      ""R&B/Hip-Hop""
    ],
    ""IS_APPROVED"": true,
    ""MAIN_GENRE"": ""Rap""
  },
  {
    ""CLIENT_DOMAIN"": ""Luminate"",
    ""GENRES"": [
      ""Rap"",
      ""R&B/Hip-Hop""
    ],
    ""MAIN_GENRE"": ""Rap""
  }
]",2021-03-26,2021-04-01,1,85478.43248682,58245
MRELG0240E375854D42F8BF1D210CCAD47FBE,CLOUDS (THE MIXTAPE),NF,"[
  {
    ""CLIENT_DOMAIN"": ""Billboard"",
    ""GENRES"": [
      ""Rap"",
      ""R&B/Hip-Hop""
    ],
    ""IS_APPROVED"": true,
    ""MAIN_GENRE"": ""Rap""
  },
  {
    ""CLIENT_DOMAIN"": ""Luminate"",
    ""GENRES"": [
      ""Rap"",
      ""R&B/Hip-Hop""
    ],
    ""MAIN_GENRE"": ""Rap""
  }
]",2021-03-26,2021-04-08,2,17985.90476220,3167
MRELG21110F556419467A996E07283FDD79C7,FEAR,NF,"[
  {
    ""CLIENT_DOMAIN"": ""Luminate"",
    ""GENRES"": [
      ""R&B/Hip-Hop""
    ],
    ""MAIN_GENRE"": ""R&B/Hip-Hop""
  },
  {
    ""CLIENT_DOMAIN"": ""Billboard"",
    ""GENRES"": [
      ""R&B/Hip-Hop"",
      ""Rap""
    ],
    ""IS_APPROVED"": true,
    ""MAIN_GENRE"": ""Rap""
  }
]",2025-11-14,2025-11-20,1,75549.61189097,48089
MRELG21110F556419467A996E07283FDD79C7,FEAR,NF,"[
  {
    ""CLIENT_DOMAIN"": ""Luminate"",
    ""GENRES"": [
      ""R&B/Hip-Hop""
    ],
    ""MAIN_GENRE"": ""R&B/Hip-Hop""
  },
  {
    ""CLIENT_DOMAIN"": ""Billboard"",
    ""GENRES"": [
      ""R&B/Hip-Hop"",
      ""Rap""
    ],
    ""IS_APPROVED"": true,
    ""MAIN_GENRE"": ""Rap""
  }
]",2025-11-14,2025-11-27,2,17272.67928408,1798
MRELG3745AF0BBBAB499086FA2C9A2C32A1BA,The Search,NF,"[
  {
    ""CLIENT_DOMAIN"": ""Billboard"",
    ""GENRES"": [
      ""Rap"",
      ""R&B/Hip-Hop"",
      ""R&B""
    ],
    ""IS_APPROVED"": true,
    ""MAIN_GENRE"": ""Rap""
  },
  {
    ""CLIENT_DOMAIN"": ""Luminate"",
    ""GENRES"": [
      ""R&B/Hip-Hop"",
      ""Rap""
    ],
    ""MAIN_GENRE"": ""R&B/Hip-Hop""
  }
]",2019-07-26,2019-08-01,1,132774.83136960,84451
MRELG3745AF0BBBAB499086FA2C9A2C32A1BA,The Search,NF,"[
  {
    ""CLIENT_DOMAIN"": ""Billboard"",
    ""GENRES"": [
      ""Rap"",
      ""R&B/Hip-Hop"",
      ""R&B""
    ],
    ""IS_APPROVED"": true,
    ""MAIN_GENRE"": ""Rap""
  },
  {
    ""CLIENT_DOMAIN"": ""Luminate"",
    ""GENRES"": [
      ""R&B/Hip-Hop"",
      ""Rap""
    ],
    ""MAIN_GENRE"": ""R&B/Hip-Hop""
  }
]",2019-07-26,2019-08-08,2,39399.91061757,8588
MRELGB03718B61FF541EF9FC1DCC5D2D8CA47,VICTORY LAP,NIPSEY HUSSLE,"[
  {
    ""CLIENT_DOMAIN"": ""Billboard"",
    ""GENRES"": [
      ""Rap"",
      ""R&B/Hip-Hop""
    ],
    ""IS_APPROVED"": true,
    ""MAIN_GENRE"": ""Rap""
  },
  {
    ""CLIENT_DOMAIN"": ""Luminate"",
    ""GENRES"": [
      ""Rap"",
      ""R&B/Hip-Hop""
    ],
    ""MAIN_GENRE"": ""Rap""
  }
]",2018-02-16,2018-02-22,1,56555.11920718,30105
MRELGB03718B61FF541EF9FC1DCC5D2D8CA47,VICTORY LAP,NIPSEY HUSSLE,"[
  {
    ""CLIENT_DOMAIN"": ""Billboard"",
    ""GENRES"": [
      ""Rap"",
      ""R&B/Hip-Hop""
    ],
    ""IS_APPROVED"": true,
    ""MAIN_GENRE"": ""Rap""
  },
  {
    ""CLIENT_DOMAIN"": ""Luminate"",
    ""GENRES"": [
      ""Rap"",
      ""R&B/Hip-Hop""
    ],
    ""MAIN_GENRE"": ""Rap""
  }
]",2018-02-16,2018-03-01,2,29116.59684201,8599
MRELGEA74547E1101461EB6DD25AC09257CBC,TOP SHOTTA,NLE CHOPPA,"[
  {
    ""CLIENT_DOMAIN"": ""Luminate"",
    ""GENRES"": [
      ""Rap"",
      ""R&B/Hip-Hop""
    ],
    ""MAIN_GENRE"": ""Rap""
  },
  {
    ""CLIENT_DOMAIN"": ""Billboard"",
    ""GENRES"": [
      ""Rap"",
      ""R&B/Hip-Hop""
    ],
    ""IS_APPROVED"": true,
    ""MAIN_GENRE"": ""Rap""
  }
]",2020-08-06,2020-08-13,1,38277.86826228,8567
MRELGEA74547E1101461EB6DD25AC09257CBC,TOP SHOTTA,NLE CHOPPA,"[
  {
    ""CLIENT_DOMAIN"": ""Luminate"",
    ""GENRES"": [
      ""Rap"",
      ""R&B/Hip-Hop""
    ],
    ""MAIN_GENRE"": ""Rap""
  },
  {
    ""CLIENT_DOMAIN"": ""Billboard"",
    ""GENRES"": [
      ""Rap"",
      ""R&B/Hip-Hop""
    ],
    ""IS_APPROVED"": true,
    ""MAIN_GENRE"": ""Rap""
  }
]",2020-08-06,2020-08-20,2,20428.74940854,377
MRELG8046F17B33574AE5A86FB8FF80256871,COTTONWOOD 2,NLE Choppa,"[
  {
    ""CLIENT_DOMAIN"": ""Luminate"",
    ""GENRES"": [
      ""Rap"",
      ""R&B/Hip-Hop""
    ],
    ""MAIN_GENRE"": ""Rap""
  },
  {
    ""CLIENT_DOMAIN"": ""Billboard"",
    ""GENRES"": [
      ""Rap"",
      ""R&B/Hip-Hop""
    ],
    ""IS_APPROVED"": true,
    ""MAIN_GENRE"": ""Rap""
  }
]",2023-04-13,2023-04-20,1,23591.08425516,1479
MRELG8046F17B33574AE5A86FB8FF80256871,COTTONWOOD 2,NLE Choppa,"[
  {
    ""CLIENT_DOMAIN"": ""Luminate"",
    ""GENRES"": [
      ""Rap"",
      ""R&B/Hip-Hop""
    ],
    ""MAIN_GENRE"": ""Rap""
  },
  {
    ""CLIENT_DOMAIN"": ""Billboard"",
    ""GENRES"": [
      ""Rap"",
      ""R&B/Hip-Hop""
    ],
    ""IS_APPROVED"": true,
    ""MAIN_GENRE"": ""Rap""
  }
]",2023-04-13,2023-04-27,2,16260.37307402,245
MRELGA43DF9ECCEAB4050AC240812D2845FE8,Cottonwood,NLE Choppa,"[
  {
    ""CLIENT_DOMAIN"": ""Luminate"",
    ""GENRES"": [
      ""Rap"",
      ""R&B/Hip-Hop""
    ],
    ""MAIN_GENRE"": ""Rap""
  },
  {
    ""CLIENT_DOMAIN"": ""Billboard"",
    ""GENRES"": [
      ""Rap"",
      ""R&B/Hip-Hop""
    ],
    ""IS_APPROVED"": true,
    ""MAIN_GENRE"": ""Rap""
  }
]",2019-12-23,2019-12-26,1,20243.54517466,1071
MRELGA43DF9ECCEAB4050AC240812D2845FE8,Cottonwood,NLE Choppa,"[
  {
    ""CLIENT_DOMAIN"": ""Luminate"",
    ""GENRES"": [
      ""Rap"",
      ""R&B/Hip-Hop""
    ],
    ""MAIN_GENRE"": ""Rap""
  },
  {
    ""CLIENT_DOMAIN"": ""Billboard"",
    ""GENRES"": [
      ""Rap"",
      ""R&B/Hip-Hop""
    ],
    ""IS_APPROVED"": true,
    ""MAIN_GENRE"": ""Rap""
  }
]",2019-12-23,2020-01-02,2,13319.56379842,220
MRELG0957818633A9408C9175A2A64FBC0EB6,Me vs. Me,NLE Choppa,"[
  {
    ""CLIENT_DOMAIN"": ""Billboard"",
    ""GENRES"": [
      ""Rap"",
      ""R&B/Hip-Hop""
    ],
    ""IS_APPROVED"": true,
    ""MAIN_GENRE"": ""Rap""
  },
  {
    ""CLIENT_DOMAIN"": ""Luminate"",
    ""GENRES"": [
      ""Rap"",
      ""R&B/Hip-Hop""
    ],
    ""MAIN_GENRE"": ""Rap""
  }
]",2022-01-28,2022-02-03,1,21923.37626312,1020
MRELG0957818633A9408C9175A2A64FBC0EB6,Me vs. Me,NLE Choppa,"[
  {
    ""CLIENT_DOMAIN"": ""Billboard"",
    ""GENRES"": [
      ""Rap"",
      ""R&B/Hip-Hop""
    ],
    ""IS_APPROVED"": true,
    ""MAIN_GENRE"": ""Rap""
  },
  {
    ""CLIENT_DOMAIN"": ""Luminate"",
    ""GENRES"": [
      ""Rap"",
      ""R&B/Hip-Hop""
    ],
    ""MAIN_GENRE"": ""Rap""
  }
]",2022-01-28,2022-02-10,2,12473.85273295,97
MRELG6947286CF6764470BAB0C030CC56745B,MR. CRAWFORD,NOCAP,"[
  {
    ""CLIENT_DOMAIN"": ""Billboard"",
    ""GENRES"": [
      ""R&B/Hip-Hop"",
      ""Rap""
    ],
    ""IS_APPROVED"": true,
    ""MAIN_GENRE"": ""Rap""
  },
  {
    ""CLIENT_DOMAIN"": ""Luminate"",
    ""GENRES"": [
      ""Rap"",
      ""R&B/Hip-Hop""
    ],
    ""MAIN_GENRE"": ""Rap""
  }
]",2022-04-28,2022-05-05,1,29014.86178000,236
MRELG6947286CF6764470BAB0C030CC56745B,MR. CRAWFORD,NOCAP,"[
  {
    ""CLIENT_DOMAIN"": ""Billboard"",
    ""GENRES"": [
      ""R&B/Hip-Hop"",
      ""Rap""
    ],
    ""IS_APPROVED"": true,
    ""MAIN_GENRE"": ""Rap""
  },
  {
    ""CLIENT_DOMAIN"": ""Luminate"",
    ""GENRES"": [
      ""Rap"",
      ""R&B/Hip-Hop""
    ],
    ""MAIN_GENRE"": ""Rap""
  }
]",2022-04-28,2022-05-12,2,16043.53192997,32
MRELG7AB6CDC343CA494BB9EFC8CEA27132D6,Steel Human,NOCAP,"[
  {
    ""CLIENT_DOMAIN"": ""Billboard"",
    ""GENRES"": [
      ""R&B/Hip-Hop"",
      ""Rap""
    ],
    ""IS_APPROVED"": true,
    ""MAIN_GENRE"": ""Rap""
  },
  {
    ""CLIENT_DOMAIN"": ""Luminate"",
    ""GENRES"": [
      ""Rap"",
      ""R&B/Hip-Hop""
    ],
    ""MAIN_GENRE"": ""Rap""
  }
]",2020-07-16,2020-07-23,1,19211.25310851,122
MRELG7AB6CDC343CA494BB9EFC8CEA27132D6,Steel Human,NOCAP,"[
  {
    ""CLIENT_DOMAIN"": ""Billboard"",
    ""GENRES"": [
      ""R&B/Hip-Hop"",
      ""Rap""
    ],
    ""IS_APPROVED"": true,
    ""MAIN_GENRE"": ""Rap""
  },
  {
    ""CLIENT_DOMAIN"": ""Luminate"",
    ""GENRES"": [
      ""Rap"",
      ""R&B/Hip-Hop""
    ],
    ""MAIN_GENRE"": ""Rap""
  }
]",2020-07-16,2020-07-30,2,11307.80309302,35
MRELG1C0F07AB6CAF44DBAF896BCF3D2B68E8,WHO IS NARDO WICK?? (DELUXE),Nardo Wick,"[
  {
    ""CLIENT_DOMAIN"": ""Luminate"",
    ""GENRES"": [
      ""Rap"",
      ""R&B/Hip-Hop""
    ],
    ""MAIN_GENRE"": ""Rap""
  },
  {
    ""CLIENT_DOMAIN"": ""Billboard"",
    ""GENRES"": [
      ""R&B/Hip-Hop"",
      ""Rap""
    ],
    ""IS_APPROVED"": true,
    ""MAIN_GENRE"": ""Rap""
  }
]",2022-07-22,2022-07-28,1,21704.56088005,68
MRELG1C0F07AB6CAF44DBAF896BCF3D2B68E8,WHO IS NARDO WICK?? (DELUXE),Nardo Wick,"[
  {
    ""CLIENT_DOMAIN"": ""Luminate"",
    ""GENRES"": [
      ""Rap"",
      ""R&B/Hip-Hop""
    ],
    ""MAIN_GENRE"": ""Rap""
  },
  {
    ""CLIENT_DOMAIN"": ""Billboard"",
    ""GENRES"": [
      ""R&B/Hip-Hop"",
      ""Rap""
    ],
    ""IS_APPROVED"": true,
    ""MAIN_GENRE"": ""Rap""
  }
]",2022-07-22,2022-08-04,2,20488.00284479,23
MRELG8A8715FF7EEC452186313AED2CEE9D9C,Who Is Nardo Wick?,Nardo Wick,"[
  {
    ""CLIENT_DOMAIN"": ""Billboard"",
    ""GENRES"": [
      ""Rap"",
      ""R&B/Hip-Hop""
    ],
    ""IS_APPROVED"": true,
    ""MAIN_GENRE"": ""Rap""
  },
  {
    ""CLIENT_DOMAIN"": ""Luminate"",
    ""GENRES"": [
      ""Rap"",
      ""R&B/Hip-Hop""
    ],
    ""MAIN_GENRE"": ""Rap""
  }
]",2021-12-03,2021-12-09,1,29315.59520869,6288
MRELG8A8715FF7EEC452186313AED2CEE9D9C,Who Is Nardo Wick?,Nardo Wick,"[
  {
    ""CLIENT_DOMAIN"": ""Billboard"",
    ""GENRES"": [
      ""Rap"",
      ""R&B/Hip-Hop""
    ],
    ""IS_APPROVED"": true,
    ""MAIN_GENRE"": ""Rap""
  },
  {
    ""CLIENT_DOMAIN"": ""Luminate"",
    ""GENRES"": [
      ""Rap"",
      ""R&B/Hip-Hop""
    ],
    ""MAIN_GENRE"": ""Rap""
  }
]",2021-12-03,2021-12-16,2,17515.52412410,280
MRELG18FD0FAD42DC432A89B67305310315BB,King's Disease,Nas,"[
  {
    ""CLIENT_DOMAIN"": ""Billboard"",
    ""GENRES"": [
      ""Rap"",
      ""R&B/Hip-Hop""
    ],
    ""IS_APPROVED"": true,
    ""MAIN_GENRE"": ""Rap""
  },
  {
    ""CLIENT_DOMAIN"": ""Luminate"",
    ""GENRES"": [
      ""Rap"",
      ""R&B/Hip-Hop""
    ],
    ""MAIN_GENRE"": ""Rap""
  }
]",2020-08-21,2020-08-27,1,46949.90940195,18203
MRELG18FD0FAD42DC432A89B67305310315BB,King's Disease,Nas,"[
  {
    ""CLIENT_DOMAIN"": ""Billboard"",
    ""GENRES"": [
      ""Rap"",
      ""R&B/Hip-Hop""
    ],
    ""IS_APPROVED"": true,
    ""MAIN_GENRE"": ""Rap""
  },
  {
    ""CLIENT_DOMAIN"": ""Luminate"",
    ""GENRES"": [
      ""Rap"",
      ""R&B/Hip-Hop""
    ],
    ""MAIN_GENRE"": ""Rap""
  }
]",2020-08-21,2020-09-03,2,13806.56082887,2447
MRELGF1FFB1B1A8054191B255B426D3466C9D,NASIR,Nas,"[
  {
    ""CLIENT_DOMAIN"": ""Billboard"",
    ""GENRES"": [
      ""R&B/Hip-Hop"",
      ""Rap""
    ],
    ""IS_APPROVED"": true,
    ""MAIN_GENRE"": ""Rap""
  },
  {
    ""CLIENT_DOMAIN"": ""Luminate"",
    ""GENRES"": [
      ""Rap"",
      ""R&B/Hip-Hop""
    ],
    ""MAIN_GENRE"": ""Rap""
  }
]",2018-06-15,2018-06-21,1,81673.60672135,48940
MRELGF1FFB1B1A8054191B255B426D3466C9D,NASIR,Nas,"[
  {
    ""CLIENT_DOMAIN"": ""Billboard"",
    ""GENRES"": [
      ""R&B/Hip-Hop"",
      ""Rap""
    ],
    ""IS_APPROVED"": true,
    ""MAIN_GENRE"": ""Rap""
  },
  {
    ""CLIENT_DOMAIN"": ""Luminate"",
    ""GENRES"": [
      ""Rap"",
      ""R&B/Hip-Hop""
    ],
    ""MAIN_GENRE"": ""Rap""
  }
]",2018-06-15,2018-06-28,2,15966.94210634,5225
MRELG2F03165756874EA39AD9E20EE204D219,The Lost Tapes 2,Nas,"[
  {
    ""CLIENT_DOMAIN"": ""Billboard"",
    ""GENRES"": [
      ""Rap"",
      ""R&B/Hip-Hop""
    ],
    ""IS_APPROVED"": true,
    ""MAIN_GENRE"": ""Rap""
  },
  {
    ""CLIENT_DOMAIN"": ""Luminate"",
    ""GENRES"": [
      ""Rap"",
      ""R&B/Hip-Hop""
    ],
    ""MAIN_GENRE"": ""Rap""
  }
]",2019-07-19,2019-07-25,1,23942.28508166,11619
MRELG2F03165756874EA39AD9E20EE204D219,The Lost Tapes 2,Nas,"[
  {
    ""CLIENT_DOMAIN"": ""Billboard"",
    ""GENRES"": [
      ""Rap"",
      ""R&B/Hip-Hop""
    ],
    ""IS_APPROVED"": true,
    ""MAIN_GENRE"": ""Rap""
  },
  {
    ""CLIENT_DOMAIN"": ""Luminate"",
    ""GENRES"": [
      ""Rap"",
      ""R&B/Hip-Hop""
    ],
    ""MAIN_GENRE"": ""Rap""
  }
]",2019-07-19,2019-08-01,2,4771.69964380,1211
MRELG29760D6E0EC34C8AAA00778240846E0D,LIGHT-YEARS,Nas & DJ Premier,"[
  {
    ""CLIENT_DOMAIN"": ""Billboard"",
    ""GENRES"": [
      ""Rap"",
      ""R&B/Hip-Hop""
    ],
    ""IS_APPROVED"": true,
    ""MAIN_GENRE"": ""Rap""
  },
  {
    ""CLIENT_DOMAIN"": ""Luminate"",
    ""GENRES"": [
      ""Rap"",
      ""R&B/Hip-Hop""
    ],
    ""MAIN_GENRE"": ""Rap""
  }
]",2025-12-12,2025-12-18,1,21253.36994802,11574
MRELG29760D6E0EC34C8AAA00778240846E0D,LIGHT-YEARS,Nas & DJ Premier,"[
  {
    ""CLIENT_DOMAIN"": ""Billboard"",
    ""GENRES"": [
      ""Rap"",
      ""R&B/Hip-Hop""
    ],
    ""IS_APPROVED"": true,
    ""MAIN_GENRE"": ""Rap""
  },
  {
    ""CLIENT_DOMAIN"": ""Luminate"",
    ""GENRES"": [
      ""Rap"",
      ""R&B/Hip-Hop""
    ],
    ""MAIN_GENRE"": ""Rap""
  }
]",2025-12-12,2025-12-25,2,4677.63461002,1515
MRELG4C3C9EF7091E4A05B90D1F001FADA622,Tearing At The Seams,Nathaniel Rateliff & The Night Sweats,"[
  {
    ""CLIENT_DOMAIN"": ""Billboard"",
    ""GENRES"": [
      ""Alt. Rock"",
      ""Rock"",
      ""Folk""
    ],
    ""IS_APPROVED"": true,
    ""MAIN_GENRE"": ""Alt. Rock""
  },
  {
    ""CLIENT_DOMAIN"": ""Luminate"",
    ""GENRES"": [
      ""Indie Rock"",
      ""Rock"",
      ""R&B/Hip-Hop"",
      ""Folk""
    ],
    ""MAIN_GENRE"": ""Rock""
  }
]",2018-03-09,2018-03-15,1,29985.15600312,26664
MRELG4C3C9EF7091E4A05B90D1F001FADA622,Tearing At The Seams,Nathaniel Rateliff & The Night Sweats,"[
  {
    ""CLIENT_DOMAIN"": ""Billboard"",
    ""GENRES"": [
      ""Alt. Rock"",
      ""Rock"",
      ""Folk""
    ],
    ""IS_APPROVED"": true,
    ""MAIN_GENRE"": ""Alt. Rock""
  },
  {
    ""CLIENT_DOMAIN"": ""Luminate"",
    ""GENRES"": [
      ""Indie Rock"",
      ""Rock"",
      ""R&B/Hip-Hop"",
      ""Folk""
    ],
    ""MAIN_GENRE"": ""Rock""
  }
]",2018-03-09,2018-03-22,2,9152.17052581,7226
MRELGB5CC293A42BC4249AFB86BA17504DDBE,NA,Nayeon,"[
  {
    ""CLIENT_DOMAIN"": ""Billboard"",
    ""GENRES"": [
      ""World Music"",
      ""Pop"",
      ""K-Pop""
    ],
    ""IS_APPROVED"": true,
    ""MAIN_GENRE"": ""K-Pop""
  },
  {
    ""CLIENT_DOMAIN"": ""Luminate"",
    ""GENRES"": [
      ""K-Pop"",
      ""Pop""
    ],
    ""MAIN_GENRE"": ""K-Pop""
  }
]",2024-06-14,2024-06-20,1,46421.04134472,42553
MRELGB5CC293A42BC4249AFB86BA17504DDBE,NA,Nayeon,"[
  {
    ""CLIENT_DOMAIN"": ""Billboard"",
    ""GENRES"": [
      ""World Music"",
      ""Pop"",
      ""K-Pop""
    ],
    ""IS_APPROVED"": true,
    ""MAIN_GENRE"": ""K-Pop""
  },
  {
    ""CLIENT_DOMAIN"": ""Luminate"",
    ""GENRES"": [
      ""K-Pop"",
      ""Pop""
    ],
    ""MAIN_GENRE"": ""K-Pop""
  }
]",2024-06-14,2024-06-27,2,11277.75373628,9178
MRELGD521708F5B8049398C24D43795DF991B,Heartbreak Weather,Niall Horan,"[
  {
    ""CLIENT_DOMAIN"": ""Luminate"",
    ""GENRES"": [
      ""Pop""
    ],
    ""MAIN_GENRE"": ""Pop""
  },
  {
    ""CLIENT_DOMAIN"": ""Billboard"",
    ""GENRES"": [
      ""Pop""
    ],
    ""IS_APPROVED"": true,
    ""MAIN_GENRE"": ""Pop""
  }
]",2020-03-13,2020-03-19,1,58787.63895092,42431
MRELGD521708F5B8049398C24D43795DF991B,Heartbreak Weather,Niall Horan,"[
  {
    ""CLIENT_DOMAIN"": ""Luminate"",
    ""GENRES"": [
      ""Pop""
    ],
    ""MAIN_GENRE"": ""Pop""
  },
  {
    ""CLIENT_DOMAIN"": ""Billboard"",
    ""GENRES"": [
      ""Pop""
    ],
    ""IS_APPROVED"": true,
    ""MAIN_GENRE"": ""Pop""
  }
]",2020-03-13,2020-03-26,2,12745.09122538,3634
MRELG3CD6C259DFE54D00ABFBBFA6E2ABBE19,Spaceman,Nick Jonas,"[
  {
    ""CLIENT_DOMAIN"": ""Billboard"",
    ""GENRES"": [
      ""Pop""
    ],
    ""IS_APPROVED"": true,
    ""MAIN_GENRE"": ""Pop""
  },
  {
    ""CLIENT_DOMAIN"": ""Luminate"",
    ""GENRES"": [
      ""Pop""
    ],
    ""MAIN_GENRE"": ""Pop""
  }
]",2021-03-12,2021-03-18,1,25112.32312307,16067
MRELG3CD6C259DFE54D00ABFBBFA6E2ABBE19,Spaceman,Nick Jonas,"[
  {
    ""CLIENT_DOMAIN"": ""Billboard"",
    ""GENRES"": [
      ""Pop""
    ],
    ""IS_APPROVED"": true,
    ""MAIN_GENRE"": ""Pop""
  },
  {
    ""CLIENT_DOMAIN"": ""Luminate"",
    ""GENRES"": [
      ""Pop""
    ],
    ""MAIN_GENRE"": ""Pop""
  }
]",2021-03-12,2021-03-25,2,7394.32076543,1790
MRELG5905D4ECDE3A48FCA433A94977B67BBF,GET ROLLIN',Nickelback,"[
  {
    ""CLIENT_DOMAIN"": ""Billboard"",
    ""GENRES"": [
      ""Alt. Rock"",
      ""Rock"",
      ""Hard Rock""
    ],
    ""IS_APPROVED"": true,
    ""MAIN_GENRE"": ""Alt. Rock""
  },
  {
    ""CLIENT_DOMAIN"": ""Luminate"",
    ""GENRES"": [
      ""Rock""
    ],
    ""MAIN_GENRE"": ""Rock""
  }
]",2022-11-18,2022-11-24,1,18923.34606923,14992
MRELG5905D4ECDE3A48FCA433A94977B67BBF,GET ROLLIN',Nickelback,"[
  {
    ""CLIENT_DOMAIN"": ""Billboard"",
    ""GENRES"": [
      ""Alt. Rock"",
      ""Rock"",
      ""Hard Rock""
    ],
    ""IS_APPROVED"": true,
    ""MAIN_GENRE"": ""Alt. Rock""
  },
  {
    ""CLIENT_DOMAIN"": ""Luminate"",
    ""GENRES"": [
      ""Rock""
    ],
    ""MAIN_GENRE"": ""Rock""
  }
]",2022-11-18,2022-12-01,2,6676.67672251,4529
MRELG23603C135C4147F5B206D0F4B4C7EDC0,Chun-Li,Nicki Minaj,"[
  {
    ""CLIENT_DOMAIN"": ""Luminate"",
    ""GENRES"": [
      ""Rap"",
      ""R&B/Hip-Hop""
    ],
    ""MAIN_GENRE"": ""Rap""
  },
  {
    ""CLIENT_DOMAIN"": ""Billboard"",
    ""GENRES"": [
      ""R&B/Hip-Hop"",
      ""Rap""
    ],
    ""IS_APPROVED"": true,
    ""MAIN_GENRE"": ""Rap""
  }
]",2018-04-12,2018-04-19,1,16841.09303258,312
MRELG23603C135C4147F5B206D0F4B4C7EDC0,Chun-Li,Nicki Minaj,"[
  {
    ""CLIENT_DOMAIN"": ""Luminate"",
    ""GENRES"": [
      ""Rap"",
      ""R&B/Hip-Hop""
    ],
    ""MAIN_GENRE"": ""Rap""
  },
  {
    ""CLIENT_DOMAIN"": ""Billboard"",
    ""GENRES"": [
      ""R&B/Hip-Hop"",
      ""Rap""
    ],
    ""IS_APPROVED"": true,
    ""MAIN_GENRE"": ""Rap""
  }
]",2018-04-12,2018-04-26,2,10022.48632199,267
MRELG11DA3A2E2E954676B36B8B13B97FCCF6,Pink Friday 2,Nicki Minaj,"[
  {
    ""CLIENT_DOMAIN"": ""Luminate"",
    ""GENRES"": [
      ""Rap"",
      ""R&B/Hip-Hop""
    ],
    ""MAIN_GENRE"": ""Rap""
  },
  {
    ""CLIENT_DOMAIN"": ""Billboard"",
    ""GENRES"": [
      ""Rap"",
      ""R&B/Hip-Hop""
    ],
    ""IS_APPROVED"": true,
    ""MAIN_GENRE"": ""Rap""
  }
]",2023-12-08,2023-12-14,1,227252.42395791,91693
MRELG11DA3A2E2E954676B36B8B13B97FCCF6,Pink Friday 2,Nicki Minaj,"[
  {
    ""CLIENT_DOMAIN"": ""Luminate"",
    ""GENRES"": [
      ""Rap"",
      ""R&B/Hip-Hop""
    ],
    ""MAIN_GENRE"": ""Rap""
  },
  {
    ""CLIENT_DOMAIN"": ""Billboard"",
    ""GENRES"": [
      ""Rap"",
      ""R&B/Hip-Hop""
    ],
    ""IS_APPROVED"": true,
    ""MAIN_GENRE"": ""Rap""
  }
]",2023-12-08,2023-12-21,2,100078.13027329,14594
MRELG3F62C0C6751F4D51AA58695F8DB61122,Queen,Nicki Minaj,"[
  {
    ""CLIENT_DOMAIN"": ""Luminate"",
    ""GENRES"": [
      ""Rap"",
      ""R&B/Hip-Hop""
    ],
    ""MAIN_GENRE"": ""Rap""
  },
  {
    ""CLIENT_DOMAIN"": ""Billboard"",
    ""GENRES"": [
      ""R&B/Hip-Hop"",
      ""Rap""
    ],
    ""IS_APPROVED"": true,
    ""MAIN_GENRE"": ""Rap""
  }
]",2018-08-10,2018-08-16,1,203858.06960470,77836
MRELG3F62C0C6751F4D51AA58695F8DB61122,Queen,Nicki Minaj,"[
  {
    ""CLIENT_DOMAIN"": ""Luminate"",
    ""GENRES"": [
      ""Rap"",
      ""R&B/Hip-Hop""
    ],
    ""MAIN_GENRE"": ""Rap""
  },
  {
    ""CLIENT_DOMAIN"": ""Billboard"",
    ""GENRES"": [
      ""R&B/Hip-Hop"",
      ""Rap""
    ],
    ""IS_APPROVED"": true,
    ""MAIN_GENRE"": ""Rap""
  }
]",2018-08-10,2018-08-23,2,104744.99499373,29395
MRELGBCAA774D4F3148D1889BB00C0E1DB0E0,Super Freaky Girl,Nicki Minaj,"[
  {
    ""CLIENT_DOMAIN"": ""Billboard"",
    ""GENRES"": [
      ""R&B/Hip-Hop"",
      ""Rap""
    ],
    ""IS_APPROVED"": true,
    ""MAIN_GENRE"": ""Rap""
  },
  {
    ""CLIENT_DOMAIN"": ""Luminate"",
    ""GENRES"": [
      ""Rap"",
      ""R&B/Hip-Hop""
    ],
    ""MAIN_GENRE"": ""Rap""
  }
]",2022-08-12,2022-08-18,1,23314.55409377,2232
MRELGBCAA774D4F3148D1889BB00C0E1DB0E0,Super Freaky Girl,Nicki Minaj,"[
  {
    ""CLIENT_DOMAIN"": ""Billboard"",
    ""GENRES"": [
      ""R&B/Hip-Hop"",
      ""Rap""
    ],
    ""IS_APPROVED"": true,
    ""MAIN_GENRE"": ""Rap""
  },
  {
    ""CLIENT_DOMAIN"": ""Luminate"",
    ""GENRES"": [
      ""Rap"",
      ""R&B/Hip-Hop""
    ],
    ""MAIN_GENRE"": ""Rap""
  }
]",2022-08-12,2022-08-25,2,14049.99066489,569
MRELG8E8BCA3C9E524BAAA870E7FA4E8DF09F,Princess Diana,"Nicki Minaj, Ice Spice","[
  {
    ""CLIENT_DOMAIN"": ""Luminate"",
    ""GENRES"": [
      ""Rap"",
      ""R&B/Hip-Hop""
    ],
    ""MAIN_GENRE"": ""Rap""
  },
  {
    ""CLIENT_DOMAIN"": ""Billboard"",
    ""GENRES"": [
      ""Rap"",
      ""R&B/Hip-Hop""
    ],
    ""IS_APPROVED"": true,
    ""MAIN_GENRE"": ""Rap""
  }
]",2023-04-18,2023-04-20,1,22974.21825488,948
MRELG8E8BCA3C9E524BAAA870E7FA4E8DF09F,Princess Diana,"Nicki Minaj, Ice Spice","[
  {
    ""CLIENT_DOMAIN"": ""Luminate"",
    ""GENRES"": [
      ""Rap"",
      ""R&B/Hip-Hop""
    ],
    ""MAIN_GENRE"": ""Rap""
  },
  {
    ""CLIENT_DOMAIN"": ""Billboard"",
    ""GENRES"": [
      ""Rap"",
      ""R&B/Hip-Hop""
    ],
    ""IS_APPROVED"": true,
    ""MAIN_GENRE"": ""Rap""
  }
]",2023-04-18,2023-04-27,2,8698.72374172,50
MRELGCDFC78C5DA3841DAAA58806E01E72808,TRON: Ares,Nine Inch Nails,"[
  {
    ""CLIENT_DOMAIN"": ""Billboard"",
    ""GENRES"": [
      ""Soundtrack"",
      ""Dance/Electronic"",
      ""Alt. Rock""
    ],
    ""IS_APPROVED"": true,
    ""MAIN_GENRE"": ""Soundtrack""
  },
  {
    ""CLIENT_DOMAIN"": ""Luminate"",
    ""GENRES"": [
      ""Soundtrack"",
      ""EDM"",
      ""Rock""
    ],
    ""MAIN_GENRE"": ""EDM""
  }
]",2025-09-19,2025-09-25,1,45538.88587634,39015
MRELGCDFC78C5DA3841DAAA58806E01E72808,TRON: Ares,Nine Inch Nails,"[
  {
    ""CLIENT_DOMAIN"": ""Billboard"",
    ""GENRES"": [
      ""Soundtrack"",
      ""Dance/Electronic"",
      ""Alt. Rock""
    ],
    ""IS_APPROVED"": true,
    ""MAIN_GENRE"": ""Soundtrack""
  },
  {
    ""CLIENT_DOMAIN"": ""Luminate"",
    ""GENRES"": [
      ""Soundtrack"",
      ""EDM"",
      ""Rock""
    ],
    ""MAIN_GENRE"": ""EDM""
  }
]",2025-09-19,2025-10-02,2,8325.31120189,5646
MRELGC8140B97E409413C8C46AAF4B7866687,Live From Fenway Park,Noah Kahan,"[
  {
    ""CLIENT_DOMAIN"": ""Luminate"",
    ""GENRES"": [
      ""Rock"",
      ""Folk""
    ],
    ""MAIN_GENRE"": ""Rock""
  },
  {
    ""CLIENT_DOMAIN"": ""Billboard"",
    ""GENRES"": [
      ""Rock"",
      ""Folk"",
      ""Alt. Rock""
    ],
    ""IS_APPROVED"": true,
    ""MAIN_GENRE"": ""Alt. Rock""
  }
]",2024-08-30,2024-09-05,1,39954.83013095,860
MRELGC8140B97E409413C8C46AAF4B7866687,Live From Fenway Park,Noah Kahan,"[
  {
    ""CLIENT_DOMAIN"": ""Luminate"",
    ""GENRES"": [
      ""Rock"",
      ""Folk""
    ],
    ""MAIN_GENRE"": ""Rock""
  },
  {
    ""CLIENT_DOMAIN"": ""Billboard"",
    ""GENRES"": [
      ""Rock"",
      ""Folk"",
      ""Alt. Rock""
    ],
    ""IS_APPROVED"": true,
    ""MAIN_GENRE"": ""Alt. Rock""
  }
]",2024-08-30,2024-09-12,2,32798.35812649,99
MRELG49EC0292119C40DE908BEE57EB56459F,Stick Season,Noah Kahan,"[
  {
    ""CLIENT_DOMAIN"": ""Billboard"",
    ""GENRES"": [
      ""Rock"",
      ""Alt. Rock"",
      ""Folk""
    ],
    ""IS_APPROVED"": true,
    ""MAIN_GENRE"": ""Alt. Rock""
  },
  {
    ""CLIENT_DOMAIN"": ""Luminate"",
    ""GENRES"": [
      ""Rock"",
      ""Folk""
    ],
    ""MAIN_GENRE"": ""Rock""
  }
]",2022-10-13,2022-10-20,1,20829.06031980,2119
MRELG49EC0292119C40DE908BEE57EB56459F,Stick Season,Noah Kahan,"[
  {
    ""CLIENT_DOMAIN"": ""Billboard"",
    ""GENRES"": [
      ""Rock"",
      ""Alt. Rock"",
      ""Folk""
    ],
    ""IS_APPROVED"": true,
    ""MAIN_GENRE"": ""Alt. Rock""
  },
  {
    ""CLIENT_DOMAIN"": ""Luminate"",
    ""GENRES"": [
      ""Rock"",
      ""Folk""
    ],
    ""MAIN_GENRE"": ""Rock""
  }
]",2022-10-13,2022-10-27,2,14208.03080479,616
MRELG7E1B0AFB9D4C4F49A249F81625B0877D,MELT,Not For Radio,"[
  {
    ""CLIENT_DOMAIN"": ""Luminate"",
    ""GENRES"": [
      ""Indie Rock"",
      ""Rock"",
      ""Alternative""
    ],
    ""MAIN_GENRE"": ""Rock""
  },
  {
    ""CLIENT_DOMAIN"": ""Billboard"",
    ""GENRES"": [
      ""Rock"",
      ""Alt. Rock""
    ],
    ""IS_APPROVED"": true,
    ""MAIN_GENRE"": ""Alt. Rock""
  }
]",2025-10-10,2025-10-16,1,25945.30161757,18614
MRELG7E1B0AFB9D4C4F49A249F81625B0877D,MELT,Not For Radio,"[
  {
    ""CLIENT_DOMAIN"": ""Luminate"",
    ""GENRES"": [
      ""Indie Rock"",
      ""Rock"",
      ""Alternative""
    ],
    ""MAIN_GENRE"": ""Rock""
  },
  {
    ""CLIENT_DOMAIN"": ""Billboard"",
    ""GENRES"": [
      ""Rock"",
      ""Alt. Rock""
    ],
    ""IS_APPROVED"": true,
    ""MAIN_GENRE"": ""Alt. Rock""
  }
]",2025-10-10,2025-10-23,2,7984.52064115,3997
MRELG4420CB311FA345C4936BC6E5CDFA887C,AURA,OZUNA,"[
  {
    ""CLIENT_DOMAIN"": ""Luminate"",
    ""GENRES"": [
      ""Latin""
    ],
    ""MAIN_GENRE"": ""Latin""
  },
  {
    ""CLIENT_DOMAIN"": ""Billboard"",
    ""GENRES"": [
      ""Latin - Rhythm"",
      ""Latin""
    ],
    ""IS_APPROVED"": true,
    ""MAIN_GENRE"": ""Latin - Rhythm""
  }
]",2018-08-24,2018-08-30,1,52304.48446317,6987
MRELG4420CB311FA345C4936BC6E5CDFA887C,AURA,OZUNA,"[
  {
    ""CLIENT_DOMAIN"": ""Luminate"",
    ""GENRES"": [
      ""Latin""
    ],
    ""MAIN_GENRE"": ""Latin""
  },
  {
    ""CLIENT_DOMAIN"": ""Billboard"",
    ""GENRES"": [
      ""Latin - Rhythm"",
      ""Latin""
    ],
    ""IS_APPROVED"": true,
    ""MAIN_GENRE"": ""Latin - Rhythm""
  }
]",2018-08-24,2018-09-06,2,27847.49237726,1090
MRELG52A57F48A3CA4925B13A120EAA5C2B7C,Defy,Of Mice & Men,"[
  {
    ""CLIENT_DOMAIN"": ""Billboard"",
    ""GENRES"": [
      ""Rock"",
      ""Hard Rock""
    ],
    ""IS_APPROVED"": true,
    ""MAIN_GENRE"": ""Hard Rock""
  },
  {
    ""CLIENT_DOMAIN"": ""Luminate"",
    ""GENRES"": [
      ""Rock""
    ],
    ""MAIN_GENRE"": ""Rock""
  }
]",2018-01-19,2018-01-25,1,10664.05041682,9431
MRELG52A57F48A3CA4925B13A120EAA5C2B7C,Defy,Of Mice & Men,"[
  {
    ""CLIENT_DOMAIN"": ""Billboard"",
    ""GENRES"": [
      ""Rock"",
      ""Hard Rock""
    ],
    ""IS_APPROVED"": true,
    ""MAIN_GENRE"": ""Hard Rock""
  },
  {
    ""CLIENT_DOMAIN"": ""Luminate"",
    ""GENRES"": [
      ""Rock""
    ],
    ""MAIN_GENRE"": ""Rock""
  }
]",2018-01-19,2018-02-01,2,1959.43625769,1198
MRELG0DB91F9BDC904AC990A78E487A6A33F2,FATHER OF 4,Offset,"[
  {
    ""CLIENT_DOMAIN"": ""Luminate"",
    ""GENRES"": [
      ""Rap"",
      ""R&B/Hip-Hop""
    ],
    ""MAIN_GENRE"": ""Rap""
  },
  {
    ""CLIENT_DOMAIN"": ""Billboard"",
    ""GENRES"": [
      ""Rap"",
      ""R&B/Hip-Hop""
    ],
    ""IS_APPROVED"": true,
    ""MAIN_GENRE"": ""Rap""
  }
]",2019-02-22,2019-02-28,1,92319.28617986,6665
MRELG0DB91F9BDC904AC990A78E487A6A33F2,FATHER OF 4,Offset,"[
  {
    ""CLIENT_DOMAIN"": ""Luminate"",
    ""GENRES"": [
      ""Rap"",
      ""R&B/Hip-Hop""
    ],
    ""MAIN_GENRE"": ""Rap""
  },
  {
    ""CLIENT_DOMAIN"": ""Billboard"",
    ""GENRES"": [
      ""Rap"",
      ""R&B/Hip-Hop""
    ],
    ""IS_APPROVED"": true,
    ""MAIN_GENRE"": ""Rap""
  }
]",2019-02-22,2019-03-07,2,41953.81932734,1030
MRELG21A352255F6E4984848C1A118B41C643,KIARI,Offset,"[
  {
    ""CLIENT_DOMAIN"": ""Billboard"",
    ""GENRES"": [
      ""R&B/Hip-Hop"",
      ""Rap""
    ],
    ""IS_APPROVED"": true,
    ""MAIN_GENRE"": ""Rap""
  },
  {
    ""CLIENT_DOMAIN"": ""Luminate"",
    ""GENRES"": [
      ""Rap"",
      ""R&B/Hip-Hop""
    ],
    ""MAIN_GENRE"": ""Rap""
  }
]",2025-08-21,2025-08-28,1,29172.80978168,1312
MRELG21A352255F6E4984848C1A118B41C643,KIARI,Offset,"[
  {
    ""CLIENT_DOMAIN"": ""Billboard"",
    ""GENRES"": [
      ""R&B/Hip-Hop"",
      ""Rap""
    ],
    ""IS_APPROVED"": true,
    ""MAIN_GENRE"": ""Rap""
  },
  {
    ""CLIENT_DOMAIN"": ""Luminate"",
    ""GENRES"": [
      ""Rap"",
      ""R&B/Hip-Hop""
    ],
    ""MAIN_GENRE"": ""Rap""
  }
]",2025-08-21,2025-09-04,2,19259.98671244,404
MRELG80D62966411F469A8767007D5D8D72C8,SET IT OFF,Offset,"[
  {
    ""CLIENT_DOMAIN"": ""Billboard"",
    ""GENRES"": [
      ""R&B/Hip-Hop"",
      ""Rap""
    ],
    ""IS_APPROVED"": true,
    ""MAIN_GENRE"": ""Rap""
  },
  {
    ""CLIENT_DOMAIN"": ""Luminate"",
    ""GENRES"": [
      ""Rap"",
      ""R&B/Hip-Hop""
    ],
    ""MAIN_GENRE"": ""Rap""
  }
]",2023-10-12,2023-10-19,1,69815.49161561,24980
MRELG80D62966411F469A8767007D5D8D72C8,SET IT OFF,Offset,"[
  {
    ""CLIENT_DOMAIN"": ""Billboard"",
    ""GENRES"": [
      ""R&B/Hip-Hop"",
      ""Rap""
    ],
    ""IS_APPROVED"": true,
    ""MAIN_GENRE"": ""Rap""
  },
  {
    ""CLIENT_DOMAIN"": ""Luminate"",
    ""GENRES"": [
      ""Rap"",
      ""R&B/Hip-Hop""
    ],
    ""MAIN_GENRE"": ""Rap""
  }
]",2023-10-12,2023-10-26,2,22073.96119261,1254
MRELGA8D053D861344531BFFDC4FA1F70EC84,The Art Of Loving,Olivia Dean,"[
  {
    ""CLIENT_DOMAIN"": ""Luminate"",
    ""GENRES"": [
      ""R&B/Hip-Hop"",
      ""Pop""
    ],
    ""MAIN_GENRE"": ""Pop""
  },
  {
    ""CLIENT_DOMAIN"": ""Billboard"",
    ""GENRES"": [
      ""Pop""
    ],
    ""IS_APPROVED"": true,
    ""MAIN_GENRE"": ""Pop""
  }
]",2025-09-26,2025-10-02,1,42982.82446006,10961
MRELGA8D053D861344531BFFDC4FA1F70EC84,The Art Of Loving,Olivia Dean,"[
  {
    ""CLIENT_DOMAIN"": ""Luminate"",
    ""GENRES"": [
      ""R&B/Hip-Hop"",
      ""Pop""
    ],
    ""MAIN_GENRE"": ""Pop""
  },
  {
    ""CLIENT_DOMAIN"": ""Billboard"",
    ""GENRES"": [
      ""Pop""
    ],
    ""IS_APPROVED"": true,
    ""MAIN_GENRE"": ""Pop""
  }
]",2025-09-26,2025-10-09,2,35115.17527213,3725
MRELGFBB9A58AA3C545DD8E35876524ED416A,GUTS,Olivia Rodrigo,"[
  {
    ""CLIENT_DOMAIN"": ""Luminate"",
    ""GENRES"": [
      ""Pop""
    ],
    ""MAIN_GENRE"": ""Pop""
  },
  {
    ""CLIENT_DOMAIN"": ""Billboard"",
    ""GENRES"": [
      ""Pop"",
      ""Alt. Rock""
    ],
    ""IS_APPROVED"": true,
    ""MAIN_GENRE"": ""Pop""
  }
]",2023-09-08,2023-09-14,1,301992.59135223,150346
MRELGFBB9A58AA3C545DD8E35876524ED416A,GUTS,Olivia Rodrigo,"[
  {
    ""CLIENT_DOMAIN"": ""Luminate"",
    ""GENRES"": [
      ""Pop""
    ],
    ""MAIN_GENRE"": ""Pop""
  },
  {
    ""CLIENT_DOMAIN"": ""Billboard"",
    ""GENRES"": [
      ""Pop"",
      ""Alt. Rock""
    ],
    ""IS_APPROVED"": true,
    ""MAIN_GENRE"": ""Pop""
  }
]",2023-09-08,2023-09-21,2,133580.66899451,44098
MRELG30A1134F31EE4B6AB6B039C574166425,SOUR,Olivia Rodrigo,"[
  {
    ""CLIENT_DOMAIN"": ""Luminate"",
    ""GENRES"": [
      ""Pop""
    ],
    ""MAIN_GENRE"": ""Pop""
  },
  {
    ""CLIENT_DOMAIN"": ""Billboard"",
    ""GENRES"": [
      ""Pop""
    ],
    ""IS_APPROVED"": true,
    ""MAIN_GENRE"": ""Pop""
  }
]",2021-05-21,2021-05-27,1,291775.58067462,71393
MRELG30A1134F31EE4B6AB6B039C574166425,SOUR,Olivia Rodrigo,"[
  {
    ""CLIENT_DOMAIN"": ""Luminate"",
    ""GENRES"": [
      ""Pop""
    ],
    ""MAIN_GENRE"": ""Pop""
  },
  {
    ""CLIENT_DOMAIN"": ""Billboard"",
    ""GENRES"": [
      ""Pop""
    ],
    ""IS_APPROVED"": true,
    ""MAIN_GENRE"": ""Pop""
  }
]",2021-05-21,2021-06-03,2,185259.29491398,23912
MRELG92C7E927F25B431DA1545F892E9DA373,drivers license,Olivia Rodrigo,"[
  {
    ""CLIENT_DOMAIN"": ""Billboard"",
    ""GENRES"": [
      ""Pop""
    ],
    ""IS_APPROVED"": true,
    ""MAIN_GENRE"": ""Pop""
  },
  {
    ""CLIENT_DOMAIN"": ""Luminate"",
    ""GENRES"": [
      ""Original Film/TV Music"",
      ""Pop""
    ],
    ""MAIN_GENRE"": ""Pop""
  }
]",2021-01-08,2021-01-14,1,56744.14226425,43
MRELG92C7E927F25B431DA1545F892E9DA373,drivers license,Olivia Rodrigo,"[
  {
    ""CLIENT_DOMAIN"": ""Billboard"",
    ""GENRES"": [
      ""Pop""
    ],
    ""IS_APPROVED"": true,
    ""MAIN_GENRE"": ""Pop""
  },
  {
    ""CLIENT_DOMAIN"": ""Luminate"",
    ""GENRES"": [
      ""Original Film/TV Music"",
      ""Pop""
    ],
    ""MAIN_GENRE"": ""Pop""
  }
]",2021-01-08,2021-01-21,2,43600.68817724,59
MRELG80FF85067B0845F0AE270181A2F333AD,good 4 u,Olivia Rodrigo,"[
  {
    ""CLIENT_DOMAIN"": ""Billboard"",
    ""GENRES"": [
      ""Pop""
    ],
    ""IS_APPROVED"": false,
    ""MAIN_GENRE"": ""Pop""
  },
  {
    ""CLIENT_DOMAIN"": ""Luminate"",
    ""GENRES"": [
      ""Pop""
    ],
    ""MAIN_GENRE"": ""Pop""
  }
]",2021-05-14,2021-05-20,1,29929.59824288,0
MRELG80FF85067B0845F0AE270181A2F333AD,good 4 u,Olivia Rodrigo,"[
  {
    ""CLIENT_DOMAIN"": ""Billboard"",
    ""GENRES"": [
      ""Pop""
    ],
    ""IS_APPROVED"": false,
    ""MAIN_GENRE"": ""Pop""
  },
  {
    ""CLIENT_DOMAIN"": ""Luminate"",
    ""GENRES"": [
      ""Pop""
    ],
    ""MAIN_GENRE"": ""Pop""
  }
]",2021-05-14,2021-05-27,2,45936.00461463,0
MRELG371FE0C5895A4262ABAF7A2A0350F414,vampire,Olivia Rodrigo,"[
  {
    ""CLIENT_DOMAIN"": ""Billboard"",
    ""GENRES"": [
      ""Pop""
    ],
    ""IS_APPROVED"": true,
    ""MAIN_GENRE"": ""Pop""
  },
  {
    ""CLIENT_DOMAIN"": ""Luminate"",
    ""GENRES"": [
      ""Pop""
    ],
    ""MAIN_GENRE"": ""Pop""
  }
]",2023-06-30,2023-07-06,1,26089.98014389,16729
MRELG371FE0C5895A4262ABAF7A2A0350F414,vampire,Olivia Rodrigo,"[
  {
    ""CLIENT_DOMAIN"": ""Billboard"",
    ""GENRES"": [
      ""Pop""
    ],
    ""IS_APPROVED"": true,
    ""MAIN_GENRE"": ""Pop""
  },
  {
    ""CLIENT_DOMAIN"": ""Luminate"",
    ""GENRES"": [
      ""Pop""
    ],
    ""MAIN_GENRE"": ""Pop""
  }
]",2023-06-30,2023-07-13,2,17689.79717126,424
MRELG724190E660A0438F90DA266B1A05AA3C,Human,OneRepublic,"[
  {
    ""CLIENT_DOMAIN"": ""Luminate"",
    ""GENRES"": [
      ""EDM"",
      ""K-Pop"",
      ""Pop""
    ],
    ""MAIN_GENRE"": ""Pop""
  },
  {
    ""CLIENT_DOMAIN"": ""Billboard"",
    ""GENRES"": [
      ""Pop""
    ],
    ""IS_APPROVED"": true,
    ""MAIN_GENRE"": ""Pop""
  }
]",2021-08-27,2021-09-02,1,24483.94597321,17058
MRELG724190E660A0438F90DA266B1A05AA3C,Human,OneRepublic,"[
  {
    ""CLIENT_DOMAIN"": ""Luminate"",
    ""GENRES"": [
      ""EDM"",
      ""K-Pop"",
      ""Pop""
    ],
    ""MAIN_GENRE"": ""Pop""
  },
  {
    ""CLIENT_DOMAIN"": ""Billboard"",
    ""GENRES"": [
      ""Pop""
    ],
    ""IS_APPROVED"": true,
    ""MAIN_GENRE"": ""Pop""
  }
]",2021-08-27,2021-09-09,2,8139.63627236,1967
MRELGD1B02293C9B34965BF2041B73D647D26,ENOC,Ozuna,"[
  {
    ""CLIENT_DOMAIN"": ""Billboard"",
    ""GENRES"": [
      ""Latin - Rhythm"",
      ""Latin""
    ],
    ""IS_APPROVED"": true,
    ""MAIN_GENRE"": ""Latin - Rhythm""
  },
  {
    ""CLIENT_DOMAIN"": ""Luminate"",
    ""GENRES"": [
      ""Latin""
    ],
    ""MAIN_GENRE"": ""Latin""
  }
]",2020-09-04,2020-09-10,1,21127.96127990,1451
MRELGD1B02293C9B34965BF2041B73D647D26,ENOC,Ozuna,"[
  {
    ""CLIENT_DOMAIN"": ""Billboard"",
    ""GENRES"": [
      ""Latin - Rhythm"",
      ""Latin""
    ],
    ""IS_APPROVED"": true,
    ""MAIN_GENRE"": ""Latin - Rhythm""
  },
  {
    ""CLIENT_DOMAIN"": ""Luminate"",
    ""GENRES"": [
      ""Latin""
    ],
    ""MAIN_GENRE"": ""Latin""
  }
]",2020-09-04,2020-09-17,2,13458.52594747,302
MRELG7C56297DB3444647AC62B05DB4959602,EX,P1HARMONY,"[
  {
    ""CLIENT_DOMAIN"": ""Luminate"",
    ""GENRES"": [
      ""K-Pop"",
      ""Pop""
    ],
    ""MAIN_GENRE"": ""Pop""
  },
  {
    ""CLIENT_DOMAIN"": ""Billboard"",
    ""GENRES"": [
      ""Pop"",
      ""K-Pop""
    ],
    ""IS_APPROVED"": true,
    ""MAIN_GENRE"": ""Pop""
  }
]",2025-09-26,2025-10-02,1,39981.42678126,38501
MRELG7C56297DB3444647AC62B05DB4959602,EX,P1HARMONY,"[
  {
    ""CLIENT_DOMAIN"": ""Luminate"",
    ""GENRES"": [
      ""K-Pop"",
      ""Pop""
    ],
    ""MAIN_GENRE"": ""Pop""
  },
  {
    ""CLIENT_DOMAIN"": ""Billboard"",
    ""GENRES"": [
      ""Pop"",
      ""K-Pop""
    ],
    ""IS_APPROVED"": true,
    ""MAIN_GENRE"": ""Pop""
  }
]",2025-09-26,2025-10-09,2,8913.50282882,8083
MRELG954E9E54E2B74F379835082F407B1143,PRAY FOR THE WICKED,PANIC! AT THE DISCO,"[
  {
    ""CLIENT_DOMAIN"": ""Billboard"",
    ""GENRES"": [
      ""Alt. Rock"",
      ""Rock""
    ],
    ""IS_APPROVED"": true,
    ""MAIN_GENRE"": ""Alt. Rock""
  },
  {
    ""CLIENT_DOMAIN"": ""Luminate"",
    ""GENRES"": [
      ""Rock""
    ],
    ""MAIN_GENRE"": ""Rock""
  }
]",2018-06-22,2018-06-28,1,180540.99999720,150292
MRELG954E9E54E2B74F379835082F407B1143,PRAY FOR THE WICKED,PANIC! AT THE DISCO,"[
  {
    ""CLIENT_DOMAIN"": ""Billboard"",
    ""GENRES"": [
      ""Alt. Rock"",
      ""Rock""
    ],
    ""IS_APPROVED"": true,
    ""MAIN_GENRE"": ""Alt. Rock""
  },
  {
    ""CLIENT_DOMAIN"": ""Luminate"",
    ""GENRES"": [
      ""Rock""
    ],
    ""MAIN_GENRE"": ""Rock""
  }
]",2018-06-22,2018-07-05,2,34925.31048670,17270
MRELG06F3B34EA77A4246A233B1B5F40C9C23,THIS IS WHY,PARAMORE,"[
  {
    ""CLIENT_DOMAIN"": ""Billboard"",
    ""GENRES"": [
      ""Rock"",
      ""Alt. Rock""
    ],
    ""IS_APPROVED"": true,
    ""MAIN_GENRE"": ""Alt. Rock""
  },
  {
    ""CLIENT_DOMAIN"": ""Luminate"",
    ""GENRES"": [
      ""Punk"",
      ""Rock"",
      ""Alternative""
    ],
    ""MAIN_GENRE"": ""Rock""
  }
]",2023-02-10,2023-02-16,1,46183.68882008,29635
MRELG06F3B34EA77A4246A233B1B5F40C9C23,THIS IS WHY,PARAMORE,"[
  {
    ""CLIENT_DOMAIN"": ""Billboard"",
    ""GENRES"": [
      ""Rock"",
      ""Alt. Rock""
    ],
    ""IS_APPROVED"": true,
    ""MAIN_GENRE"": ""Alt. Rock""
  },
  {
    ""CLIENT_DOMAIN"": ""Luminate"",
    ""GENRES"": [
      ""Punk"",
      ""Rock"",
      ""Alternative""
    ],
    ""MAIN_GENRE"": ""Rock""
  }
]",2023-02-10,2023-02-23,2,15137.96822127,7909
MRELGDCFFE9AD66874528AA79C2CB32112E9E,$OME $EXY $ONGS 4 U,"PARTYNEXTDOOR, Drake","[
  {
    ""CLIENT_DOMAIN"": ""Billboard"",
    ""GENRES"": [
      ""R&B"",
      ""R&B/Hip-Hop""
    ],
    ""IS_APPROVED"": true,
    ""MAIN_GENRE"": ""R&B""
  },
  {
    ""CLIENT_DOMAIN"": ""Luminate"",
    ""GENRES"": [
      ""Rap""
    ],
    ""MAIN_GENRE"": ""Rap""
  }
]",2025-02-14,2025-02-20,1,246221.48894598,24783
MRELGDCFFE9AD66874528AA79C2CB32112E9E,$OME $EXY $ONGS 4 U,"PARTYNEXTDOOR, Drake","[
  {
    ""CLIENT_DOMAIN"": ""Billboard"",
    ""GENRES"": [
      ""R&B"",
      ""R&B/Hip-Hop""
    ],
    ""IS_APPROVED"": true,
    ""MAIN_GENRE"": ""R&B""
  },
  {
    ""CLIENT_DOMAIN"": ""Luminate"",
    ""GENRES"": [
      ""Rap""
    ],
    ""MAIN_GENRE"": ""Rap""
  }
]",2025-02-14,2025-02-27,2,118523.10136935,2508
MRELG0FC9574CACE546A180D1297B2CF8DD8B,"MTV UNPLUGGED, MARCH 16, 1992",PEARL JAM,"[
  {
    ""CLIENT_DOMAIN"": ""Billboard"",
    ""GENRES"": [
      ""Alt. Rock"",
      ""Rock""
    ],
    ""IS_APPROVED"": true,
    ""MAIN_GENRE"": ""Alt. Rock""
  },
  {
    ""CLIENT_DOMAIN"": ""Luminate"",
    ""GENRES"": [
      ""Rock"",
      ""Alternative""
    ],
    ""MAIN_GENRE"": ""Alternative""
  }
]",2019-11-29,2019-12-05,1,13230.49098399,11085
MRELG0FC9574CACE546A180D1297B2CF8DD8B,"MTV UNPLUGGED, MARCH 16, 1992",PEARL JAM,"[
  {
    ""CLIENT_DOMAIN"": ""Billboard"",
    ""GENRES"": [
      ""Alt. Rock"",
      ""Rock""
    ],
    ""IS_APPROVED"": true,
    ""MAIN_GENRE"": ""Alt. Rock""
  },
  {
    ""CLIENT_DOMAIN"": ""Luminate"",
    ""GENRES"": [
      ""Rock"",
      ""Alternative""
    ],
    ""MAIN_GENRE"": ""Alternative""
  }
]",2019-11-29,2019-12-12,2,2799.96519099,515
MRELG66F1F88F40E64FBEB6F9A08FB1374FD7,PINK FLOYD AT POMPEII - MCMLXXII,PINK FLOYD,"[
  {
    ""CLIENT_DOMAIN"": ""Luminate"",
    ""GENRES"": [
      ""Soundtrack"",
      ""Rock""
    ],
    ""MAIN_GENRE"": ""Rock""
  },
  {
    ""CLIENT_DOMAIN"": ""Billboard"",
    ""GENRES"": [
      ""Rock""
    ],
    ""IS_APPROVED"": true,
    ""MAIN_GENRE"": ""Rock""
  }
]",2025-05-02,2025-05-08,1,24536.30923719,22829
MRELG66F1F88F40E64FBEB6F9A08FB1374FD7,PINK FLOYD AT POMPEII - MCMLXXII,PINK FLOYD,"[
  {
    ""CLIENT_DOMAIN"": ""Luminate"",
    ""GENRES"": [
      ""Soundtrack"",
      ""Rock""
    ],
    ""MAIN_GENRE"": ""Rock""
  },
  {
    ""CLIENT_DOMAIN"": ""Billboard"",
    ""GENRES"": [
      ""Rock""
    ],
    ""IS_APPROVED"": true,
    ""MAIN_GENRE"": ""Rock""
  }
]",2025-05-02,2025-05-15,2,5863.07453099,4535
MRELGC84C7E5E23F04C44B74203311433D849,BOY'S A LIAR PT. 2,PINKPANTHERESS & ICE SPICE,"[
  {
    ""CLIENT_DOMAIN"": ""Luminate"",
    ""GENRES"": [
      ""Electronica"",
      ""Pop""
    ],
    ""MAIN_GENRE"": ""Pop""
  },
  {
    ""CLIENT_DOMAIN"": ""Billboard"",
    ""GENRES"": [
      ""Pop""
    ],
    ""IS_APPROVED"": true,
    ""MAIN_GENRE"": ""Pop""
  }
]",2023-02-03,2023-02-09,1,13382.28619994,13
MRELGC84C7E5E23F04C44B74203311433D849,BOY'S A LIAR PT. 2,PINKPANTHERESS & ICE SPICE,"[
  {
    ""CLIENT_DOMAIN"": ""Luminate"",
    ""GENRES"": [
      ""Electronica"",
      ""Pop""
    ],
    ""MAIN_GENRE"": ""Pop""
  },
  {
    ""CLIENT_DOMAIN"": ""Billboard"",
    ""GENRES"": [
      ""Pop""
    ],
    ""IS_APPROVED"": true,
    ""MAIN_GENRE"": ""Pop""
  }
]",2023-02-03,2023-02-16,2,21096.98037868,13
MRELGC0A8C07B0CCB422DAAD2A3FDB124780A,DIE A LEGEND,POLO G,"[
  {
    ""CLIENT_DOMAIN"": ""Luminate"",
    ""GENRES"": [
      ""Rap"",
      ""R&B/Hip-Hop""
    ],
    ""MAIN_GENRE"": ""Rap""
  },
  {
    ""CLIENT_DOMAIN"": ""Billboard"",
    ""GENRES"": [
      ""R&B/Hip-Hop"",
      ""Rap""
    ],
    ""IS_APPROVED"": true,
    ""MAIN_GENRE"": ""Rap""
  }
]",2019-06-07,2019-06-13,1,45908.44105144,761
MRELGC0A8C07B0CCB422DAAD2A3FDB124780A,DIE A LEGEND,POLO G,"[
  {
    ""CLIENT_DOMAIN"": ""Luminate"",
    ""GENRES"": [
      ""Rap"",
      ""R&B/Hip-Hop""
    ],
    ""MAIN_GENRE"": ""Rap""
  },
  {
    ""CLIENT_DOMAIN"": ""Billboard"",
    ""GENRES"": [
      ""R&B/Hip-Hop"",
      ""Rap""
    ],
    ""IS_APPROVED"": true,
    ""MAIN_GENRE"": ""Rap""
  }
]",2019-06-07,2019-06-20,2,34361.26595474,218
MRELG7F23B950F6214125B33F87BE89D24C78,RAPSTAR,POLO G,"[
  {
    ""CLIENT_DOMAIN"": ""Luminate"",
    ""GENRES"": [
      ""Rap"",
      ""R&B/Hip-Hop""
    ],
    ""MAIN_GENRE"": ""Rap""
  },
  {
    ""CLIENT_DOMAIN"": ""Billboard"",
    ""GENRES"": [
      ""Rap"",
      ""R&B/Hip-Hop""
    ],
    ""IS_APPROVED"": true,
    ""MAIN_GENRE"": ""Rap""
  }
]",2021-04-09,2021-04-15,1,34591.38028999,25
MRELG7F23B950F6214125B33F87BE89D24C78,RAPSTAR,POLO G,"[
  {
    ""CLIENT_DOMAIN"": ""Luminate"",
    ""GENRES"": [
      ""Rap"",
      ""R&B/Hip-Hop""
    ],
    ""MAIN_GENRE"": ""Rap""
  },
  {
    ""CLIENT_DOMAIN"": ""Billboard"",
    ""GENRES"": [
      ""Rap"",
      ""R&B/Hip-Hop""
    ],
    ""IS_APPROVED"": true,
    ""MAIN_GENRE"": ""Rap""
  }
]",2021-04-09,2021-04-22,2,25472.39095426,15
MRELG74A0D2C1128344169C99A62137DE8725,THE GOAT,POLO G,"[
  {
    ""CLIENT_DOMAIN"": ""Billboard"",
    ""GENRES"": [
      ""Rap"",
      ""R&B/Hip-Hop""
    ],
    ""IS_APPROVED"": true,
    ""MAIN_GENRE"": ""Rap""
  },
  {
    ""CLIENT_DOMAIN"": ""Luminate"",
    ""GENRES"": [
      ""Rap"",
      ""R&B/Hip-Hop""
    ],
    ""MAIN_GENRE"": ""Rap""
  }
]",2020-05-15,2020-05-21,1,99602.64473272,14043
MRELG74A0D2C1128344169C99A62137DE8725,THE GOAT,POLO G,"[
  {
    ""CLIENT_DOMAIN"": ""Billboard"",
    ""GENRES"": [
      ""Rap"",
      ""R&B/Hip-Hop""
    ],
    ""IS_APPROVED"": true,
    ""MAIN_GENRE"": ""Rap""
  },
  {
    ""CLIENT_DOMAIN"": ""Luminate"",
    ""GENRES"": [
      ""Rap"",
      ""R&B/Hip-Hop""
    ],
    ""MAIN_GENRE"": ""Rap""
  }
]",2020-05-15,2020-05-28,2,51931.50477374,1404
MRELG83ABEF534A8C4D12961622340A17FCC0,SHIESTY SEASON,POOH SHIESTY,"[
  {
    ""CLIENT_DOMAIN"": ""Billboard"",
    ""GENRES"": [
      ""R&B/Hip-Hop"",
      ""Rap""
    ],
    ""IS_APPROVED"": true,
    ""MAIN_GENRE"": ""Rap""
  },
  {
    ""CLIENT_DOMAIN"": ""Luminate"",
    ""GENRES"": [
      ""Rap"",
      ""R&B/Hip-Hop""
    ],
    ""MAIN_GENRE"": ""Rap""
  }
]",2021-02-04,2021-02-11,1,62916.69010919,1195
MRELG83ABEF534A8C4D12961622340A17FCC0,SHIESTY SEASON,POOH SHIESTY,"[
  {
    ""CLIENT_DOMAIN"": ""Billboard"",
    ""GENRES"": [
      ""R&B/Hip-Hop"",
      ""Rap""
    ],
    ""IS_APPROVED"": true,
    ""MAIN_GENRE"": ""Rap""
  },
  {
    ""CLIENT_DOMAIN"": ""Luminate"",
    ""GENRES"": [
      ""Rap"",
      ""R&B/Hip-Hop""
    ],
    ""MAIN_GENRE"": ""Rap""
  }
]",2021-02-04,2021-02-18,2,38355.45925373,240
MRELG172D86FE81494CFE954193A3A994A9D9,Circles,POST MALONE,"[
  {
    ""CLIENT_DOMAIN"": ""Luminate"",
    ""GENRES"": [
      ""Rap"",
      ""R&B/Hip-Hop"",
      ""Pop""
    ],
    ""MAIN_GENRE"": ""Rap""
  },
  {
    ""CLIENT_DOMAIN"": ""Billboard"",
    ""GENRES"": [
      ""R&B/Hip-Hop"",
      ""Pop"",
      ""Rap""
    ],
    ""IS_APPROVED"": false,
    ""MAIN_GENRE"": ""Rap""
  }
]",2019-08-30,2019-09-05,1,23236.23083097,15
MRELG172D86FE81494CFE954193A3A994A9D9,Circles,POST MALONE,"[
  {
    ""CLIENT_DOMAIN"": ""Luminate"",
    ""GENRES"": [
      ""Rap"",
      ""R&B/Hip-Hop"",
      ""Pop""
    ],
    ""MAIN_GENRE"": ""Rap""
  },
  {
    ""CLIENT_DOMAIN"": ""Billboard"",
    ""GENRES"": [
      ""R&B/Hip-Hop"",
      ""Pop"",
      ""Rap""
    ],
    ""IS_APPROVED"": false,
    ""MAIN_GENRE"": ""Rap""
  }
]",2019-08-30,2019-09-12,2,27953.83496381,13
MRELG391C8F11865E42A6A1FF01917B939488,Morbid Stuff,PUP,"[
  {
    ""CLIENT_DOMAIN"": ""Billboard"",
    ""GENRES"": [
      ""Alt. Rock"",
      ""Rock""
    ],
    ""IS_APPROVED"": true,
    ""MAIN_GENRE"": ""Alt. Rock""
  },
  {
    ""CLIENT_DOMAIN"": ""Luminate"",
    ""GENRES"": [
      ""Indie Rock"",
      ""Punk"",
      ""Rock""
    ],
    ""MAIN_GENRE"": ""Rock""
  }
]",2019-04-05,2019-04-11,1,8300.39948825,6418
MRELG391C8F11865E42A6A1FF01917B939488,Morbid Stuff,PUP,"[
  {
    ""CLIENT_DOMAIN"": ""Billboard"",
    ""GENRES"": [
      ""Alt. Rock"",
      ""Rock""
    ],
    ""IS_APPROVED"": true,
    ""MAIN_GENRE"": ""Alt. Rock""
  },
  {
    ""CLIENT_DOMAIN"": ""Luminate"",
    ""GENRES"": [
      ""Indie Rock"",
      ""Punk"",
      ""Rock""
    ],
    ""MAIN_GENRE"": ""Rock""
  }
]",2019-04-05,2019-04-18,2,2429.59581229,1391
MRELG193244ECBFD742DCB68B7E07D022E2EC,Viva Las Vengeance,Panic! At The Disco,"[
  {
    ""CLIENT_DOMAIN"": ""Billboard"",
    ""GENRES"": [
      ""Rock"",
      ""Alt. Rock""
    ],
    ""IS_APPROVED"": true,
    ""MAIN_GENRE"": ""Alt. Rock""
  },
  {
    ""CLIENT_DOMAIN"": ""Luminate"",
    ""GENRES"": [
      ""Rock""
    ],
    ""MAIN_GENRE"": ""Rock""
  }
]",2022-08-19,2022-08-25,1,26971.66800549,21311
MRELG193244ECBFD742DCB68B7E07D022E2EC,Viva Las Vengeance,Panic! At The Disco,"[
  {
    ""CLIENT_DOMAIN"": ""Billboard"",
    ""GENRES"": [
      ""Rock"",
      ""Alt. Rock""
    ],
    ""IS_APPROVED"": true,
    ""MAIN_GENRE"": ""Alt. Rock""
  },
  {
    ""CLIENT_DOMAIN"": ""Luminate"",
    ""GENRES"": [
      ""Rock""
    ],
    ""MAIN_GENRE"": ""Rock""
  }
]",2022-08-19,2022-09-01,2,6837.27906317,3814
MRELG3797191D663F480EA286E786D2B00344,McCartney III,Paul McCartney,"[
  {
    ""CLIENT_DOMAIN"": ""Billboard"",
    ""GENRES"": [
      ""Rock""
    ],
    ""IS_APPROVED"": false,
    ""MAIN_GENRE"": ""Rock""
  },
  {
    ""CLIENT_DOMAIN"": ""Luminate"",
    ""GENRES"": [
      ""Rock""
    ],
    ""MAIN_GENRE"": ""Rock""
  }
]",2020-12-18,2020-12-24,1,20113.80834138,16760
MRELG3797191D663F480EA286E786D2B00344,McCartney III,Paul McCartney,"[
  {
    ""CLIENT_DOMAIN"": ""Billboard"",
    ""GENRES"": [
      ""Rock""
    ],
    ""IS_APPROVED"": false,
    ""MAIN_GENRE"": ""Rock""
  },
  {
    ""CLIENT_DOMAIN"": ""Luminate"",
    ""GENRES"": [
      ""Rock""
    ],
    ""MAIN_GENRE"": ""Rock""
  }
]",2020-12-18,2020-12-30,2,2457.04317722,1325
MRELGE2A07A7F550543459FB11361C3ED3943,Dark Matter,Pearl Jam,"[
  {
    ""CLIENT_DOMAIN"": ""Luminate"",
    ""GENRES"": [
      ""Rock""
    ],
    ""MAIN_GENRE"": ""Rock""
  },
  {
    ""CLIENT_DOMAIN"": ""Billboard"",
    ""GENRES"": [
      ""Hard Rock"",
      ""Alt. Rock"",
      ""Rock""
    ],
    ""IS_APPROVED"": true,
    ""MAIN_GENRE"": ""Alt. Rock""
  }
]",2024-04-19,2024-04-25,1,76745.37069621,69355
MRELGE2A07A7F550543459FB11361C3ED3943,Dark Matter,Pearl Jam,"[
  {
    ""CLIENT_DOMAIN"": ""Luminate"",
    ""GENRES"": [
      ""Rock""
    ],
    ""MAIN_GENRE"": ""Rock""
  },
  {
    ""CLIENT_DOMAIN"": ""Billboard"",
    ""GENRES"": [
      ""Hard Rock"",
      ""Alt. Rock"",
      ""Rock""
    ],
    ""IS_APPROVED"": true,
    ""MAIN_GENRE"": ""Alt. Rock""
  }
]",2024-04-19,2024-05-02,2,10929.31244232,7673
MRELG452ADF0EE1D74EA49B75BE789E880831,Gigaton,Pearl Jam,"[
  {
    ""CLIENT_DOMAIN"": ""Billboard"",
    ""GENRES"": [
      ""Rock"",
      ""Alt. Rock"",
      ""Hard Rock""
    ],
    ""IS_APPROVED"": true,
    ""MAIN_GENRE"": ""Alt. Rock""
  },
  {
    ""CLIENT_DOMAIN"": ""Luminate"",
    ""GENRES"": [
      ""Rock""
    ],
    ""MAIN_GENRE"": ""Rock""
  }
]",2020-03-27,2020-04-02,1,62817.79048727,56816
MRELG452ADF0EE1D74EA49B75BE789E880831,Gigaton,Pearl Jam,"[
  {
    ""CLIENT_DOMAIN"": ""Billboard"",
    ""GENRES"": [
      ""Rock"",
      ""Alt. Rock"",
      ""Hard Rock""
    ],
    ""IS_APPROVED"": true,
    ""MAIN_GENRE"": ""Alt. Rock""
  },
  {
    ""CLIENT_DOMAIN"": ""Luminate"",
    ""GENRES"": [
      ""Rock""
    ],
    ""MAIN_GENRE"": ""Rock""
  }
]",2020-03-27,2020-04-09,2,10677.80134750,8545
MRELGCEDE9974651A44A1B69853C563A4A1F0,Periphery IV: HAIL STAN,Periphery,"[
  {
    ""CLIENT_DOMAIN"": ""Billboard"",
    ""GENRES"": [
      ""Rock"",
      ""Hard Rock""
    ],
    ""IS_APPROVED"": true,
    ""MAIN_GENRE"": ""Hard Rock""
  },
  {
    ""CLIENT_DOMAIN"": ""Luminate"",
    ""GENRES"": [
      ""Rock"",
      ""Metal""
    ],
    ""MAIN_GENRE"": ""Rock""
  }
]",2019-04-05,2019-04-11,1,11013.32380869,9646
MRELGCEDE9974651A44A1B69853C563A4A1F0,Periphery IV: HAIL STAN,Periphery,"[
  {
    ""CLIENT_DOMAIN"": ""Billboard"",
    ""GENRES"": [
      ""Rock"",
      ""Hard Rock""
    ],
    ""IS_APPROVED"": true,
    ""MAIN_GENRE"": ""Hard Rock""
  },
  {
    ""CLIENT_DOMAIN"": ""Luminate"",
    ""GENRES"": [
      ""Rock"",
      ""Metal""
    ],
    ""MAIN_GENRE"": ""Rock""
  }
]",2019-04-05,2019-04-18,2,2090.35142648,1330
MRELGBCEAC6C3A6C34F329341FBC0A4C932D5,IT'S BEGINNING TO LOOK A LOT LIKE CHRIST,Perry Como,"[
  {
    ""CLIENT_DOMAIN"": ""Luminate"",
    ""GENRES"": [
      ""Easy Listening"",
      ""Holiday/Seasonal"",
      ""Pop""
    ],
    ""MAIN_GENRE"": ""Easy Listening""
  },
  {
    ""CLIENT_DOMAIN"": ""Billboard"",
    ""GENRES"": [
      ""Pop"",
      ""Holiday/Seasonal""
    ],
    ""IS_APPROVED"": false,
    ""MAIN_GENRE"": ""Holiday/Seasonal""
  }
]",2020-12-04,2020-12-10,1,25904.31320443,0
MRELGBCEAC6C3A6C34F329341FBC0A4C932D5,IT'S BEGINNING TO LOOK A LOT LIKE CHRIST,Perry Como,"[
  {
    ""CLIENT_DOMAIN"": ""Luminate"",
    ""GENRES"": [
      ""Easy Listening"",
      ""Holiday/Seasonal"",
      ""Pop""
    ],
    ""MAIN_GENRE"": ""Easy Listening""
  },
  {
    ""CLIENT_DOMAIN"": ""Billboard"",
    ""GENRES"": [
      ""Pop"",
      ""Holiday/Seasonal""
    ],
    ""IS_APPROVED"": false,
    ""MAIN_GENRE"": ""Holiday/Seasonal""
  }
]",2020-12-04,2020-12-17,2,32428.91991318,0
MRELG2BF5AD81866D4DF188CEC87A99EDA80B,Génesis,Peso Pluma,"[
  {
    ""CLIENT_DOMAIN"": ""Luminate"",
    ""GENRES"": [
      ""Latin""
    ],
    ""MAIN_GENRE"": ""Latin""
  },
  {
    ""CLIENT_DOMAIN"": ""Billboard"",
    ""GENRES"": [
      ""Latin Reg. Mexican"",
      ""Latin""
    ],
    ""IS_APPROVED"": true,
    ""MAIN_GENRE"": ""Latin Reg. Mexican""
  }
]",2023-06-22,2023-06-29,1,79418.49654626,823
MRELG2BF5AD81866D4DF188CEC87A99EDA80B,Génesis,Peso Pluma,"[
  {
    ""CLIENT_DOMAIN"": ""Luminate"",
    ""GENRES"": [
      ""Latin""
    ],
    ""MAIN_GENRE"": ""Latin""
  },
  {
    ""CLIENT_DOMAIN"": ""Billboard"",
    ""GENRES"": [
      ""Latin Reg. Mexican"",
      ""Latin""
    ],
    ""IS_APPROVED"": true,
    ""MAIN_GENRE"": ""Latin Reg. Mexican""
  }
]",2023-06-22,2023-07-06,2,68098.75151752,498
MRELG4B9C92D963714CE0A7066ADA3B4CF42F,Éxodo,Peso Pluma,"[
  {
    ""CLIENT_DOMAIN"": ""Luminate"",
    ""GENRES"": [
      ""Latin""
    ],
    ""MAIN_GENRE"": ""Latin""
  },
  {
    ""CLIENT_DOMAIN"": ""Billboard"",
    ""GENRES"": [
      ""Latin"",
      ""Latin Reg. Mexican""
    ],
    ""IS_APPROVED"": true,
    ""MAIN_GENRE"": ""Latin Reg. Mexican""
  }
]",2024-06-20,2024-06-27,1,64279.76778320,402
MRELG4B9C92D963714CE0A7066ADA3B4CF42F,Éxodo,Peso Pluma,"[
  {
    ""CLIENT_DOMAIN"": ""Luminate"",
    ""GENRES"": [
      ""Latin""
    ],
    ""MAIN_GENRE"": ""Latin""
  },
  {
    ""CLIENT_DOMAIN"": ""Billboard"",
    ""GENRES"": [
      ""Latin"",
      ""Latin Reg. Mexican""
    ],
    ""IS_APPROVED"": true,
    ""MAIN_GENRE"": ""Latin Reg. Mexican""
  }
]",2024-06-20,2024-07-04,2,40336.80853380,150
MRELG7D69C4A66B6C4CB3BA7EB1B9F77BA42C,DINASTÍA,"Peso Pluma, Tito Double P","[
  {
    ""CLIENT_DOMAIN"": ""Billboard"",
    ""GENRES"": [
      ""Latin"",
      ""Latin Reg. Mexican""
    ],
    ""IS_APPROVED"": true,
    ""MAIN_GENRE"": ""Latin Reg. Mexican""
  },
  {
    ""CLIENT_DOMAIN"": ""Luminate"",
    ""GENRES"": [
      ""Latin""
    ],
    ""MAIN_GENRE"": ""Latin""
  }
]",2025-12-25,2026-01-01,1,33556.89980254,254
MRELG7D69C4A66B6C4CB3BA7EB1B9F77BA42C,DINASTÍA,"Peso Pluma, Tito Double P","[
  {
    ""CLIENT_DOMAIN"": ""Billboard"",
    ""GENRES"": [
      ""Latin"",
      ""Latin Reg. Mexican""
    ],
    ""IS_APPROVED"": true,
    ""MAIN_GENRE"": ""Latin Reg. Mexican""
  },
  {
    ""CLIENT_DOMAIN"": ""Luminate"",
    ""GENRES"": [
      ""Latin""
    ],
    ""MAIN_GENRE"": ""Latin""
  }
]",2025-12-25,2026-01-08,2,31413.05940000,59
MRELG502771C9E2C0431EBF74F85B05D1C75E,Evolve,Phish,"[
  {
    ""CLIENT_DOMAIN"": ""Luminate"",
    ""GENRES"": [
      ""Rock""
    ],
    ""MAIN_GENRE"": ""Rock""
  },
  {
    ""CLIENT_DOMAIN"": ""Billboard"",
    ""GENRES"": [
      ""Rock"",
      ""Alt. Rock""
    ],
    ""IS_APPROVED"": true,
    ""MAIN_GENRE"": ""Alt. Rock""
  }
]",2024-07-12,2024-07-18,1,14205.05457088,13069
MRELG502771C9E2C0431EBF74F85B05D1C75E,Evolve,Phish,"[
  {
    ""CLIENT_DOMAIN"": ""Luminate"",
    ""GENRES"": [
      ""Rock""
    ],
    ""MAIN_GENRE"": ""Rock""
  },
  {
    ""CLIENT_DOMAIN"": ""Billboard"",
    ""GENRES"": [
      ""Rock"",
      ""Alt. Rock""
    ],
    ""IS_APPROVED"": true,
    ""MAIN_GENRE"": ""Alt. Rock""
  }
]",2024-07-12,2024-07-25,2,1461.95045350,1039
MRELGE48A6E06135C488EA5139C0619C67CA0,The Jaws Of Life,Pierce The Veil,"[
  {
    ""CLIENT_DOMAIN"": ""Luminate"",
    ""GENRES"": [
      ""Punk"",
      ""Rock""
    ],
    ""MAIN_GENRE"": ""Rock""
  },
  {
    ""CLIENT_DOMAIN"": ""Billboard"",
    ""GENRES"": [
      ""Alt. Rock"",
      ""Hard Rock"",
      ""Rock""
    ],
    ""IS_APPROVED"": true,
    ""MAIN_GENRE"": ""Alt. Rock""
  }
]",2023-02-09,2023-02-16,1,26607.82658840,17544
MRELGE48A6E06135C488EA5139C0619C67CA0,The Jaws Of Life,Pierce The Veil,"[
  {
    ""CLIENT_DOMAIN"": ""Luminate"",
    ""GENRES"": [
      ""Punk"",
      ""Rock""
    ],
    ""MAIN_GENRE"": ""Rock""
  },
  {
    ""CLIENT_DOMAIN"": ""Billboard"",
    ""GENRES"": [
      ""Alt. Rock"",
      ""Hard Rock"",
      ""Rock""
    ],
    ""IS_APPROVED"": true,
    ""MAIN_GENRE"": ""Alt. Rock""
  }
]",2023-02-09,2023-02-23,2,6746.53686817,2683
MRELG04B44115A0DF430BBC7499B8761AC2E2,MUSIC,Playboi Carti,"[
  {
    ""CLIENT_DOMAIN"": ""Luminate"",
    ""GENRES"": [
      ""Rap"",
      ""R&B/Hip-Hop""
    ],
    ""MAIN_GENRE"": ""Rap""
  },
  {
    ""CLIENT_DOMAIN"": ""Billboard"",
    ""GENRES"": [
      ""R&B/Hip-Hop"",
      ""Rap""
    ],
    ""IS_APPROVED"": true,
    ""MAIN_GENRE"": ""Rap""
  }
]",2025-03-14,2025-03-20,1,298111.17083422,14240
MRELG04B44115A0DF430BBC7499B8761AC2E2,MUSIC,Playboi Carti,"[
  {
    ""CLIENT_DOMAIN"": ""Luminate"",
    ""GENRES"": [
      ""Rap"",
      ""R&B/Hip-Hop""
    ],
    ""MAIN_GENRE"": ""Rap""
  },
  {
    ""CLIENT_DOMAIN"": ""Billboard"",
    ""GENRES"": [
      ""R&B/Hip-Hop"",
      ""Rap""
    ],
    ""IS_APPROVED"": true,
    ""MAIN_GENRE"": ""Rap""
  }
]",2025-03-14,2025-03-27,2,132508.58299000,7033
MRELG8E292D13AE4442A493341EC9C893D718,Hall Of Fame,Polo G,"[
  {
    ""CLIENT_DOMAIN"": ""Billboard"",
    ""GENRES"": [
      ""Rap"",
      ""R&B/Hip-Hop""
    ],
    ""IS_APPROVED"": true,
    ""MAIN_GENRE"": ""Rap""
  },
  {
    ""CLIENT_DOMAIN"": ""Luminate"",
    ""GENRES"": [
      ""Rap"",
      ""R&B/Hip-Hop""
    ],
    ""MAIN_GENRE"": ""Rap""
  }
]",2021-05-26,2021-05-27,1,26515.09893336,0
MRELG8E292D13AE4442A493341EC9C893D718,Hall Of Fame,Polo G,"[
  {
    ""CLIENT_DOMAIN"": ""Billboard"",
    ""GENRES"": [
      ""Rap"",
      ""R&B/Hip-Hop""
    ],
    ""IS_APPROVED"": true,
    ""MAIN_GENRE"": ""Rap""
  },
  {
    ""CLIENT_DOMAIN"": ""Luminate"",
    ""GENRES"": [
      ""Rap"",
      ""R&B/Hip-Hop""
    ],
    ""MAIN_GENRE"": ""Rap""
  }
]",2021-05-26,2021-06-03,2,21217.11540360,0
MRELGD1F6F5D8F72D4380ADAED1664BE9A45C,Remember That You Will Die,Polyphia,"[
  {
    ""CLIENT_DOMAIN"": ""Billboard"",
    ""GENRES"": [
      ""Alt. Rock"",
      ""Rock"",
      ""Hard Rock""
    ],
    ""IS_APPROVED"": true,
    ""MAIN_GENRE"": ""Alt. Rock""
  },
  {
    ""CLIENT_DOMAIN"": ""Luminate"",
    ""GENRES"": [
      ""Rock"",
      ""Metal""
    ],
    ""MAIN_GENRE"": ""Rock""
  }
]",2022-10-28,2022-11-03,1,15336.25353660,9779
MRELGD1F6F5D8F72D4380ADAED1664BE9A45C,Remember That You Will Die,Polyphia,"[
  {
    ""CLIENT_DOMAIN"": ""Billboard"",
    ""GENRES"": [
      ""Alt. Rock"",
      ""Rock"",
      ""Hard Rock""
    ],
    ""IS_APPROVED"": true,
    ""MAIN_GENRE"": ""Alt. Rock""
  },
  {
    ""CLIENT_DOMAIN"": ""Luminate"",
    ""GENRES"": [
      ""Rock"",
      ""Metal""
    ],
    ""MAIN_GENRE"": ""Rock""
  }
]",2022-10-28,2022-11-10,2,3998.95835509,779
MRELGA71D92323D9541D29967E888A4EF90AB,Faith,Pop Smoke,"[
  {
    ""CLIENT_DOMAIN"": ""Billboard"",
    ""GENRES"": [
      ""Rap"",
      ""R&B/Hip-Hop""
    ],
    ""IS_APPROVED"": true,
    ""MAIN_GENRE"": ""Rap""
  },
  {
    ""CLIENT_DOMAIN"": ""Luminate"",
    ""GENRES"": [
      ""Rap"",
      ""R&B/Hip-Hop""
    ],
    ""MAIN_GENRE"": ""Rap""
  }
]",2021-07-16,2021-07-22,1,91261.29180747,3900
MRELGA71D92323D9541D29967E888A4EF90AB,Faith,Pop Smoke,"[
  {
    ""CLIENT_DOMAIN"": ""Billboard"",
    ""GENRES"": [
      ""Rap"",
      ""R&B/Hip-Hop""
    ],
    ""IS_APPROVED"": true,
    ""MAIN_GENRE"": ""Rap""
  },
  {
    ""CLIENT_DOMAIN"": ""Luminate"",
    ""GENRES"": [
      ""Rap"",
      ""R&B/Hip-Hop""
    ],
    ""MAIN_GENRE"": ""Rap""
  }
]",2021-07-16,2021-07-29,2,38382.44249980,906
MRELG8935EB469F1B4DE593D710DFE1BFE953,Meet The Woo 2,Pop Smoke,"[
  {
    ""CLIENT_DOMAIN"": ""Luminate"",
    ""GENRES"": [
      ""Rap"",
      ""R&B/Hip-Hop""
    ],
    ""MAIN_GENRE"": ""Rap""
  },
  {
    ""CLIENT_DOMAIN"": ""Billboard"",
    ""GENRES"": [
      ""Rap"",
      ""R&B/Hip-Hop""
    ],
    ""IS_APPROVED"": true,
    ""MAIN_GENRE"": ""Rap""
  }
]",2020-02-07,2020-02-13,1,37304.26081151,4047
MRELG8935EB469F1B4DE593D710DFE1BFE953,Meet The Woo 2,Pop Smoke,"[
  {
    ""CLIENT_DOMAIN"": ""Luminate"",
    ""GENRES"": [
      ""Rap"",
      ""R&B/Hip-Hop""
    ],
    ""MAIN_GENRE"": ""Rap""
  },
  {
    ""CLIENT_DOMAIN"": ""Billboard"",
    ""GENRES"": [
      ""Rap"",
      ""R&B/Hip-Hop""
    ],
    ""IS_APPROVED"": true,
    ""MAIN_GENRE"": ""Rap""
  }
]",2020-02-07,2020-02-20,2,40510.15956330,4720
MRELGEEA229DA59594E8D9E88FD31E2AB1D5D,Mood Swings,Pop Smoke,"[
  {
    ""CLIENT_DOMAIN"": ""Billboard"",
    ""GENRES"": [
      ""R&B/Hip-Hop"",
      ""Rap""
    ],
    ""IS_APPROVED"": false,
    ""MAIN_GENRE"": ""Rap""
  },
  {
    ""CLIENT_DOMAIN"": ""Luminate"",
    ""GENRES"": [
      ""Rap"",
      ""R&B/Hip-Hop""
    ],
    ""MAIN_GENRE"": ""R&B/Hip-Hop""
  }
]",2020-09-22,2020-09-24,1,24821.62605777,0
MRELGEEA229DA59594E8D9E88FD31E2AB1D5D,Mood Swings,Pop Smoke,"[
  {
    ""CLIENT_DOMAIN"": ""Billboard"",
    ""GENRES"": [
      ""R&B/Hip-Hop"",
      ""Rap""
    ],
    ""IS_APPROVED"": false,
    ""MAIN_GENRE"": ""Rap""
  },
  {
    ""CLIENT_DOMAIN"": ""Luminate"",
    ""GENRES"": [
      ""Rap"",
      ""R&B/Hip-Hop""
    ],
    ""MAIN_GENRE"": ""R&B/Hip-Hop""
  }
]",2020-09-22,2020-10-01,2,23483.81407537,0
MRELGB084A0271321428CAB7C3C7031B76973,Shoot For The Stars Aim For The Moon,Pop Smoke,"[
  {
    ""CLIENT_DOMAIN"": ""Billboard"",
    ""GENRES"": [
      ""Rap"",
      ""R&B/Hip-Hop""
    ],
    ""IS_APPROVED"": true,
    ""MAIN_GENRE"": ""Rap""
  },
  {
    ""CLIENT_DOMAIN"": ""Luminate"",
    ""GENRES"": [
      ""Rap"",
      ""R&B/Hip-Hop""
    ],
    ""MAIN_GENRE"": ""Rap""
  }
]",2020-07-03,2020-07-09,1,250964.63495781,58730
MRELGB084A0271321428CAB7C3C7031B76973,Shoot For The Stars Aim For The Moon,Pop Smoke,"[
  {
    ""CLIENT_DOMAIN"": ""Billboard"",
    ""GENRES"": [
      ""Rap"",
      ""R&B/Hip-Hop""
    ],
    ""IS_APPROVED"": true,
    ""MAIN_GENRE"": ""Rap""
  },
  {
    ""CLIENT_DOMAIN"": ""Luminate"",
    ""GENRES"": [
      ""Rap"",
      ""R&B/Hip-Hop""
    ],
    ""MAIN_GENRE"": ""Rap""
  }
]",2020-07-03,2020-07-16,2,109744.16534887,3288
MRELG26ADF440DD554536A58438040F08DDA5,I Disagree,Poppy,"[
  {
    ""CLIENT_DOMAIN"": ""Luminate"",
    ""GENRES"": [
      ""Rock"",
      ""Metal"",
      ""Electronica""
    ],
    ""MAIN_GENRE"": ""Rock""
  },
  {
    ""CLIENT_DOMAIN"": ""Billboard"",
    ""GENRES"": [
      ""Rock"",
      ""Hard Rock""
    ],
    ""IS_APPROVED"": true,
    ""MAIN_GENRE"": ""Hard Rock""
  }
]",2020-01-10,2020-01-16,1,6804.80771240,5397
MRELG26ADF440DD554536A58438040F08DDA5,I Disagree,Poppy,"[
  {
    ""CLIENT_DOMAIN"": ""Luminate"",
    ""GENRES"": [
      ""Rock"",
      ""Metal"",
      ""Electronica""
    ],
    ""MAIN_GENRE"": ""Rock""
  },
  {
    ""CLIENT_DOMAIN"": ""Billboard"",
    ""GENRES"": [
      ""Rock"",
      ""Hard Rock""
    ],
    ""IS_APPROVED"": true,
    ""MAIN_GENRE"": ""Hard Rock""
  }
]",2020-01-10,2020-01-23,2,1162.70061450,443
MRELG8C4D0825CBD040F484A3906C317CF847,AUSTIN,Post Malone,"[
  {
    ""CLIENT_DOMAIN"": ""Billboard"",
    ""GENRES"": [
      ""Pop"",
      ""Alt. Rock""
    ],
    ""IS_APPROVED"": true,
    ""MAIN_GENRE"": ""Pop""
  },
  {
    ""CLIENT_DOMAIN"": ""Luminate"",
    ""GENRES"": [
      ""Rock"",
      ""Pop""
    ],
    ""MAIN_GENRE"": ""Pop""
  }
]",2023-07-28,2023-08-03,1,112135.99510643,33502
MRELG8C4D0825CBD040F484A3906C317CF847,AUSTIN,Post Malone,"[
  {
    ""CLIENT_DOMAIN"": ""Billboard"",
    ""GENRES"": [
      ""Pop"",
      ""Alt. Rock""
    ],
    ""IS_APPROVED"": true,
    ""MAIN_GENRE"": ""Pop""
  },
  {
    ""CLIENT_DOMAIN"": ""Luminate"",
    ""GENRES"": [
      ""Rock"",
      ""Pop""
    ],
    ""MAIN_GENRE"": ""Pop""
  }
]",2023-07-28,2023-08-10,2,50320.74882838,6632
MRELGAB7AD34C372D4AD09972AC3A5F9BE705,F-1 Trillion,Post Malone,"[
  {
    ""CLIENT_DOMAIN"": ""Billboard"",
    ""GENRES"": [
      ""Country""
    ],
    ""IS_APPROVED"": true,
    ""MAIN_GENRE"": ""Country""
  },
  {
    ""CLIENT_DOMAIN"": ""Luminate"",
    ""GENRES"": [
      ""Pop"",
      ""Country""
    ],
    ""MAIN_GENRE"": ""Country""
  }
]",2024-08-16,2024-08-22,1,247387.59922536,80094
MRELGAB7AD34C372D4AD09972AC3A5F9BE705,F-1 Trillion,Post Malone,"[
  {
    ""CLIENT_DOMAIN"": ""Billboard"",
    ""GENRES"": [
      ""Country""
    ],
    ""IS_APPROVED"": true,
    ""MAIN_GENRE"": ""Country""
  },
  {
    ""CLIENT_DOMAIN"": ""Luminate"",
    ""GENRES"": [
      ""Pop"",
      ""Country""
    ],
    ""MAIN_GENRE"": ""Country""
  }
]",2024-08-16,2024-08-29,2,111240.56188816,13244
MRELG76ED42478FCD48FBAEEF1FECECD206B0,Goodbyes,Post Malone,"[
  {
    ""CLIENT_DOMAIN"": ""Luminate"",
    ""GENRES"": [
      ""Rap"",
      ""R&B/Hip-Hop""
    ],
    ""MAIN_GENRE"": ""Rap""
  },
  {
    ""CLIENT_DOMAIN"": ""Billboard"",
    ""GENRES"": [
      ""Rap"",
      ""R&B/Hip-Hop""
    ],
    ""IS_APPROVED"": true,
    ""MAIN_GENRE"": ""Rap""
  }
]",2019-07-05,2019-07-11,1,29780.21818677,165
MRELG76ED42478FCD48FBAEEF1FECECD206B0,Goodbyes,Post Malone,"[
  {
    ""CLIENT_DOMAIN"": ""Luminate"",
    ""GENRES"": [
      ""Rap"",
      ""R&B/Hip-Hop""
    ],
    ""MAIN_GENRE"": ""Rap""
  },
  {
    ""CLIENT_DOMAIN"": ""Billboard"",
    ""GENRES"": [
      ""Rap"",
      ""R&B/Hip-Hop""
    ],
    ""IS_APPROVED"": true,
    ""MAIN_GENRE"": ""Rap""
  }
]",2019-07-05,2019-07-18,2,19086.73623607,120
MRELG48262BD67F1340BEB164C30380F64CDF,Hollywood's Bleeding,Post Malone,"[
  {
    ""CLIENT_DOMAIN"": ""Luminate"",
    ""GENRES"": [
      ""Rap"",
      ""R&B/Hip-Hop""
    ],
    ""MAIN_GENRE"": ""Rap""
  },
  {
    ""CLIENT_DOMAIN"": ""Billboard"",
    ""GENRES"": [
      ""Rap"",
      ""R&B/Hip-Hop""
    ],
    ""IS_APPROVED"": true,
    ""MAIN_GENRE"": ""Rap""
  }
]",2019-09-06,2019-09-12,1,498406.25472007,200323
MRELG48262BD67F1340BEB164C30380F64CDF,Hollywood's Bleeding,Post Malone,"[
  {
    ""CLIENT_DOMAIN"": ""Luminate"",
    ""GENRES"": [
      ""Rap"",
      ""R&B/Hip-Hop""
    ],
    ""MAIN_GENRE"": ""Rap""
  },
  {
    ""CLIENT_DOMAIN"": ""Billboard"",
    ""GENRES"": [
      ""Rap"",
      ""R&B/Hip-Hop""
    ],
    ""IS_APPROVED"": true,
    ""MAIN_GENRE"": ""Rap""
  }
]",2019-09-06,2019-09-19,2,209240.81509590,25671
MRELG5A3822ACB70543A09BC3B43B8E04D5A6,I Had Some Help,Post Malone,"[
  {
    ""CLIENT_DOMAIN"": ""Billboard"",
    ""GENRES"": [
      ""Country""
    ],
    ""IS_APPROVED"": true,
    ""MAIN_GENRE"": ""Country""
  },
  {
    ""CLIENT_DOMAIN"": ""Luminate"",
    ""GENRES"": [
      ""Country""
    ],
    ""MAIN_GENRE"": ""Country""
  }
]",2024-05-10,2024-05-16,1,63012.04735502,210
MRELG5A3822ACB70543A09BC3B43B8E04D5A6,I Had Some Help,Post Malone,"[
  {
    ""CLIENT_DOMAIN"": ""Billboard"",
    ""GENRES"": [
      ""Country""
    ],
    ""IS_APPROVED"": true,
    ""MAIN_GENRE"": ""Country""
  },
  {
    ""CLIENT_DOMAIN"": ""Luminate"",
    ""GENRES"": [
      ""Country""
    ],
    ""MAIN_GENRE"": ""Country""
  }
]",2024-05-10,2024-05-23,2,40807.92106198,84
MRELG8E291C5EEB5343738652040A6D691E50,Twelve Carat Toothache,Post Malone,"[
  {
    ""CLIENT_DOMAIN"": ""Billboard"",
    ""GENRES"": [
      ""Pop"",
      ""R&B/Hip-Hop""
    ],
    ""IS_APPROVED"": true,
    ""MAIN_GENRE"": ""R&B/Hip-Hop""
  },
  {
    ""CLIENT_DOMAIN"": ""Luminate"",
    ""GENRES"": [
      ""R&B/Hip-Hop"",
      ""Pop""
    ],
    ""MAIN_GENRE"": ""R&B/Hip-Hop""
  }
]",2022-06-03,2022-06-09,1,120106.53937231,21078
MRELG8E291C5EEB5343738652040A6D691E50,Twelve Carat Toothache,Post Malone,"[
  {
    ""CLIENT_DOMAIN"": ""Billboard"",
    ""GENRES"": [
      ""Pop"",
      ""R&B/Hip-Hop""
    ],
    ""IS_APPROVED"": true,
    ""MAIN_GENRE"": ""R&B/Hip-Hop""
  },
  {
    ""CLIENT_DOMAIN"": ""Luminate"",
    ""GENRES"": [
      ""R&B/Hip-Hop"",
      ""Pop""
    ],
    ""MAIN_GENRE"": ""R&B/Hip-Hop""
  }
]",2022-06-03,2022-06-16,2,59116.97846040,6544
MRELGB946D8864B5C489F92DBCEBEABC59A0E,beerbongs & bentleys,Post Malone,"[
  {
    ""CLIENT_DOMAIN"": ""Luminate"",
    ""GENRES"": [
      ""Rap"",
      ""R&B/Hip-Hop""
    ],
    ""MAIN_GENRE"": ""Rap""
  },
  {
    ""CLIENT_DOMAIN"": ""Billboard"",
    ""GENRES"": [
      ""Rap"",
      ""R&B/Hip-Hop""
    ],
    ""IS_APPROVED"": true,
    ""MAIN_GENRE"": ""Rap""
  }
]",2018-04-27,2018-05-03,1,492772.22373273,152742
MRELGB946D8864B5C489F92DBCEBEABC59A0E,beerbongs & bentleys,Post Malone,"[
  {
    ""CLIENT_DOMAIN"": ""Luminate"",
    ""GENRES"": [
      ""Rap"",
      ""R&B/Hip-Hop""
    ],
    ""MAIN_GENRE"": ""Rap""
  },
  {
    ""CLIENT_DOMAIN"": ""Billboard"",
    ""GENRES"": [
      ""Rap"",
      ""R&B/Hip-Hop""
    ],
    ""IS_APPROVED"": true,
    ""MAIN_GENRE"": ""Rap""
  }
]",2018-04-27,2018-05-10,2,213752.96454496,23605
MRELG7A63CA898B8E447D9491E4358E4F60C2,EXISTENTIAL RECKONING,Puscifer,"[
  {
    ""CLIENT_DOMAIN"": ""Billboard"",
    ""GENRES"": [
      ""Rock"",
      ""Alt. Rock""
    ],
    ""IS_APPROVED"": true,
    ""MAIN_GENRE"": ""Alt. Rock""
  },
  {
    ""CLIENT_DOMAIN"": ""Luminate"",
    ""GENRES"": [
      ""EDM"",
      ""Rock""
    ],
    ""MAIN_GENRE"": ""Rock""
  }
]",2020-10-30,2020-11-05,1,10890.93510086,9171
MRELG7A63CA898B8E447D9491E4358E4F60C2,EXISTENTIAL RECKONING,Puscifer,"[
  {
    ""CLIENT_DOMAIN"": ""Billboard"",
    ""GENRES"": [
      ""Rock"",
      ""Alt. Rock""
    ],
    ""IS_APPROVED"": true,
    ""MAIN_GENRE"": ""Alt. Rock""
  },
  {
    ""CLIENT_DOMAIN"": ""Luminate"",
    ""GENRES"": [
      ""EDM"",
      ""Rock""
    ],
    ""MAIN_GENRE"": ""Rock""
  }
]",2020-10-30,2020-11-12,2,6357.09712565,5428
MRELG950C3E02ED0347739224048F118B973B,DAYTONA,Pusha T,"[
  {
    ""CLIENT_DOMAIN"": ""Billboard"",
    ""GENRES"": [
      ""Rap"",
      ""R&B/Hip-Hop""
    ],
    ""IS_APPROVED"": true,
    ""MAIN_GENRE"": ""Rap""
  },
  {
    ""CLIENT_DOMAIN"": ""Luminate"",
    ""GENRES"": [
      ""Rap"",
      ""R&B/Hip-Hop""
    ],
    ""MAIN_GENRE"": ""Rap""
  }
]",2018-05-25,2018-05-31,1,84352.07296239,39208
MRELG950C3E02ED0347739224048F118B973B,DAYTONA,Pusha T,"[
  {
    ""CLIENT_DOMAIN"": ""Billboard"",
    ""GENRES"": [
      ""Rap"",
      ""R&B/Hip-Hop""
    ],
    ""IS_APPROVED"": true,
    ""MAIN_GENRE"": ""Rap""
  },
  {
    ""CLIENT_DOMAIN"": ""Luminate"",
    ""GENRES"": [
      ""Rap"",
      ""R&B/Hip-Hop""
    ],
    ""MAIN_GENRE"": ""Rap""
  }
]",2018-05-25,2018-06-07,2,33193.96525372,10665
MRELG231882B763544C0BBDEB551AF3879500,It's Almost Dry,Pusha T,"[
  {
    ""CLIENT_DOMAIN"": ""Luminate"",
    ""GENRES"": [
      ""Rap"",
      ""R&B/Hip-Hop""
    ],
    ""MAIN_GENRE"": ""Rap""
  },
  {
    ""CLIENT_DOMAIN"": ""Billboard"",
    ""GENRES"": [
      ""R&B/Hip-Hop"",
      ""Rap""
    ],
    ""IS_APPROVED"": true,
    ""MAIN_GENRE"": ""Rap""
  }
]",2022-04-22,2022-04-28,1,54835.48009058,8766
MRELG231882B763544C0BBDEB551AF3879500,It's Almost Dry,Pusha T,"[
  {
    ""CLIENT_DOMAIN"": ""Luminate"",
    ""GENRES"": [
      ""Rap"",
      ""R&B/Hip-Hop""
    ],
    ""MAIN_GENRE"": ""Rap""
  },
  {
    ""CLIENT_DOMAIN"": ""Billboard"",
    ""GENRES"": [
      ""R&B/Hip-Hop"",
      ""Rap""
    ],
    ""IS_APPROVED"": true,
    ""MAIN_GENRE"": ""Rap""
  }
]",2022-04-22,2022-05-05,2,18562.71095874,167
MRELG6ED2F88DE8A041159B61B301002E8DEE,QUAVO HUNCHO,Quavo,"[
  {
    ""CLIENT_DOMAIN"": ""Luminate"",
    ""GENRES"": [
      ""Rap"",
      ""R&B/Hip-Hop""
    ],
    ""MAIN_GENRE"": ""Rap""
  },
  {
    ""CLIENT_DOMAIN"": ""Billboard"",
    ""GENRES"": [
      ""R&B/Hip-Hop"",
      ""Rap""
    ],
    ""IS_APPROVED"": true,
    ""MAIN_GENRE"": ""Rap""
  }
]",2018-10-12,2018-10-18,1,101714.57537130,5984
MRELG6ED2F88DE8A041159B61B301002E8DEE,QUAVO HUNCHO,Quavo,"[
  {
    ""CLIENT_DOMAIN"": ""Luminate"",
    ""GENRES"": [
      ""Rap"",
      ""R&B/Hip-Hop""
    ],
    ""MAIN_GENRE"": ""Rap""
  },
  {
    ""CLIENT_DOMAIN"": ""Billboard"",
    ""GENRES"": [
      ""R&B/Hip-Hop"",
      ""Rap""
    ],
    ""IS_APPROVED"": true,
    ""MAIN_GENRE"": ""Rap""
  }
]",2018-10-12,2018-10-25,2,42766.72120287,766
MRELG6E516FF321394358B5C29E59C0A53A1E,Queen Naija,Queen Naija,"[
  {
    ""CLIENT_DOMAIN"": ""Luminate"",
    ""GENRES"": [
      ""R&B/Hip-Hop""
    ],
    ""MAIN_GENRE"": ""R&B/Hip-Hop""
  },
  {
    ""CLIENT_DOMAIN"": ""Billboard"",
    ""GENRES"": [
      ""R&B"",
      ""R&B/Hip-Hop""
    ],
    ""IS_APPROVED"": true,
    ""MAIN_GENRE"": ""R&B""
  }
]",2018-07-27,2018-08-02,1,21143.54945770,5564
MRELG6E516FF321394358B5C29E59C0A53A1E,Queen Naija,Queen Naija,"[
  {
    ""CLIENT_DOMAIN"": ""Luminate"",
    ""GENRES"": [
      ""R&B/Hip-Hop""
    ],
    ""MAIN_GENRE"": ""R&B/Hip-Hop""
  },
  {
    ""CLIENT_DOMAIN"": ""Billboard"",
    ""GENRES"": [
      ""R&B"",
      ""R&B/Hip-Hop""
    ],
    ""IS_APPROVED"": true,
    ""MAIN_GENRE"": ""R&B""
  }
]",2018-07-27,2018-08-09,2,11128.20910874,646
MRELG627EA17413924D59A94DE43562D5C533,missunderstood,Queen Naija,"[
  {
    ""CLIENT_DOMAIN"": ""Luminate"",
    ""GENRES"": [
      ""R&B/Hip-Hop""
    ],
    ""MAIN_GENRE"": ""R&B/Hip-Hop""
  },
  {
    ""CLIENT_DOMAIN"": ""Billboard"",
    ""GENRES"": [
      ""R&B"",
      ""R&B/Hip-Hop""
    ],
    ""IS_APPROVED"": true,
    ""MAIN_GENRE"": ""R&B""
  }
]",2020-10-30,2020-11-05,1,33646.44422145,8918
MRELG627EA17413924D59A94DE43562D5C533,missunderstood,Queen Naija,"[
  {
    ""CLIENT_DOMAIN"": ""Luminate"",
    ""GENRES"": [
      ""R&B/Hip-Hop""
    ],
    ""MAIN_GENRE"": ""R&B/Hip-Hop""
  },
  {
    ""CLIENT_DOMAIN"": ""Billboard"",
    ""GENRES"": [
      ""R&B"",
      ""R&B/Hip-Hop""
    ],
    ""IS_APPROVED"": true,
    ""MAIN_GENRE"": ""R&B""
  }
]",2020-10-30,2020-11-12,2,15067.41653595,757
MRELG384D6B8CF30C41649E5C1F5864A09E2D,missunderstood…still,Queen Naija,"[
  {
    ""CLIENT_DOMAIN"": ""Billboard"",
    ""GENRES"": [
      ""R&B/Hip-Hop"",
      ""R&B""
    ],
    ""IS_APPROVED"": true,
    ""MAIN_GENRE"": ""R&B""
  },
  {
    ""CLIENT_DOMAIN"": ""Luminate"",
    ""GENRES"": [
      ""R&B/Hip-Hop""
    ],
    ""MAIN_GENRE"": ""R&B/Hip-Hop""
  }
]",2020-10-30,2020-11-05,1,24728.44422145,0
MRELG384D6B8CF30C41649E5C1F5864A09E2D,missunderstood…still,Queen Naija,"[
  {
    ""CLIENT_DOMAIN"": ""Billboard"",
    ""GENRES"": [
      ""R&B/Hip-Hop"",
      ""R&B""
    ],
    ""IS_APPROVED"": true,
    ""MAIN_GENRE"": ""R&B""
  },
  {
    ""CLIENT_DOMAIN"": ""Luminate"",
    ""GENRES"": [
      ""R&B/Hip-Hop""
    ],
    ""MAIN_GENRE"": ""R&B/Hip-Hop""
  }
]",2020-10-30,2020-11-12,2,14310.41653595,0
MRELG8CBC8343285D4212889651BF52F5A5A5,In Times New Roman...,Queens of the Stone Age,"[
  {
    ""CLIENT_DOMAIN"": ""Luminate"",
    ""GENRES"": [
      ""Rock""
    ],
    ""MAIN_GENRE"": ""Rock""
  },
  {
    ""CLIENT_DOMAIN"": ""Billboard"",
    ""GENRES"": [
      ""Rock"",
      ""Hard Rock"",
      ""Alt. Rock""
    ],
    ""IS_APPROVED"": true,
    ""MAIN_GENRE"": ""Alt. Rock""
  }
]",2023-06-16,2023-06-22,1,40067.50136506,35633
MRELG8CBC8343285D4212889651BF52F5A5A5,In Times New Roman...,Queens of the Stone Age,"[
  {
    ""CLIENT_DOMAIN"": ""Luminate"",
    ""GENRES"": [
      ""Rock""
    ],
    ""MAIN_GENRE"": ""Rock""
  },
  {
    ""CLIENT_DOMAIN"": ""Billboard"",
    ""GENRES"": [
      ""Rock"",
      ""Hard Rock"",
      ""Alt. Rock""
    ],
    ""IS_APPROVED"": true,
    ""MAIN_GENRE"": ""Alt. Rock""
  }
]",2023-06-16,2023-06-29,2,7482.16650646,4943
MRELG1E6898CD6B79475FB1CAC7A48EAF7D3F,Rammstein,RAMMSTEIN,"[
  {
    ""CLIENT_DOMAIN"": ""Billboard"",
    ""GENRES"": [
      ""World Music"",
      ""Hard Rock"",
      ""Rock""
    ],
    ""IS_APPROVED"": true,
    ""MAIN_GENRE"": ""Hard Rock""
  },
  {
    ""CLIENT_DOMAIN"": ""Luminate"",
    ""GENRES"": [
      ""Rock"",
      ""Metal""
    ],
    ""MAIN_GENRE"": ""Rock""
  }
]",2019-05-17,2019-05-23,1,27914.79628363,24716
MRELG1E6898CD6B79475FB1CAC7A48EAF7D3F,Rammstein,RAMMSTEIN,"[
  {
    ""CLIENT_DOMAIN"": ""Billboard"",
    ""GENRES"": [
      ""World Music"",
      ""Hard Rock"",
      ""Rock""
    ],
    ""IS_APPROVED"": true,
    ""MAIN_GENRE"": ""Hard Rock""
  },
  {
    ""CLIENT_DOMAIN"": ""Luminate"",
    ""GENRES"": [
      ""Rock"",
      ""Metal""
    ],
    ""MAIN_GENRE"": ""Rock""
  }
]",2019-05-17,2019-05-30,2,7799.12440851,5890
MRELG37D5D2B16A6D429D90F8529F9D1B6193,Zeit,RAMMSTEIN,"[
  {
    ""CLIENT_DOMAIN"": ""Luminate"",
    ""GENRES"": [
      ""Rock""
    ],
    ""MAIN_GENRE"": ""Rock""
  },
  {
    ""CLIENT_DOMAIN"": ""Billboard"",
    ""GENRES"": [
      ""Hard Rock"",
      ""World Music"",
      ""Rock""
    ],
    ""IS_APPROVED"": true,
    ""MAIN_GENRE"": ""Hard Rock""
  }
]",2022-04-29,2022-05-05,1,20541.70878037,17074
MRELG37D5D2B16A6D429D90F8529F9D1B6193,Zeit,RAMMSTEIN,"[
  {
    ""CLIENT_DOMAIN"": ""Luminate"",
    ""GENRES"": [
      ""Rock""
    ],
    ""MAIN_GENRE"": ""Rock""
  },
  {
    ""CLIENT_DOMAIN"": ""Billboard"",
    ""GENRES"": [
      ""Hard Rock"",
      ""World Music"",
      ""Rock""
    ],
    ""IS_APPROVED"": true,
    ""MAIN_GENRE"": ""Hard Rock""
  }
]",2022-04-29,2022-05-12,2,4950.07136875,3335
MRELGB5F7020EE5BE489E9E5E13A71B3BED2F,PLAYA SATURNO,RAUW ALEJANDRO,"[
  {
    ""CLIENT_DOMAIN"": ""Billboard"",
    ""GENRES"": [
      ""Latin"",
      ""Latin - Rhythm""
    ],
    ""IS_APPROVED"": true,
    ""MAIN_GENRE"": ""Latin - Rhythm""
  },
  {
    ""CLIENT_DOMAIN"": ""Luminate"",
    ""GENRES"": [
      ""Latin""
    ],
    ""MAIN_GENRE"": ""Latin""
  }
]",2023-07-06,2023-07-13,1,21237.14340307,329
MRELGB5F7020EE5BE489E9E5E13A71B3BED2F,PLAYA SATURNO,RAUW ALEJANDRO,"[
  {
    ""CLIENT_DOMAIN"": ""Billboard"",
    ""GENRES"": [
      ""Latin"",
      ""Latin - Rhythm""
    ],
    ""IS_APPROVED"": true,
    ""MAIN_GENRE"": ""Latin - Rhythm""
  },
  {
    ""CLIENT_DOMAIN"": ""Luminate"",
    ""GENRES"": [
      ""Latin""
    ],
    ""MAIN_GENRE"": ""Latin""
  }
]",2023-07-06,2023-07-20,2,11435.45438632,52
MRELGD8CD916A67594DA8B9FAC7EAF3A2CFB4,STRONGER THAN THE TRUTH,REBA MCENTIRE,"[
  {
    ""CLIENT_DOMAIN"": ""Luminate"",
    ""GENRES"": [
      ""Latin"",
      ""Rock"",
      ""Country""
    ],
    ""MAIN_GENRE"": ""Country""
  },
  {
    ""CLIENT_DOMAIN"": ""Billboard"",
    ""GENRES"": [
      ""Country""
    ],
    ""IS_APPROVED"": true,
    ""MAIN_GENRE"": ""Country""
  }
]",2019-04-05,2019-04-11,1,21125.62842950,19618
MRELGD8CD916A67594DA8B9FAC7EAF3A2CFB4,STRONGER THAN THE TRUTH,REBA MCENTIRE,"[
  {
    ""CLIENT_DOMAIN"": ""Luminate"",
    ""GENRES"": [
      ""Latin"",
      ""Rock"",
      ""Country""
    ],
    ""MAIN_GENRE"": ""Country""
  },
  {
    ""CLIENT_DOMAIN"": ""Billboard"",
    ""GENRES"": [
      ""Country""
    ],
    ""IS_APPROVED"": true,
    ""MAIN_GENRE"": ""Country""
  }
]",2019-04-05,2019-04-18,2,6946.07713918,6165
MRELG025BD3429DA24B69989F9DBDD063B49A,UNLIMITED LOVE,RED HOT CHILI PEPPERS,"[
  {
    ""CLIENT_DOMAIN"": ""Billboard"",
    ""GENRES"": [
      ""Rock"",
      ""Alt. Rock""
    ],
    ""IS_APPROVED"": true,
    ""MAIN_GENRE"": ""Alt. Rock""
  },
  {
    ""CLIENT_DOMAIN"": ""Luminate"",
    ""GENRES"": [
      ""Rock""
    ],
    ""MAIN_GENRE"": ""Rock""
  }
]",2022-04-01,2022-04-07,1,90042.23116448,75303
MRELG025BD3429DA24B69989F9DBDD063B49A,UNLIMITED LOVE,RED HOT CHILI PEPPERS,"[
  {
    ""CLIENT_DOMAIN"": ""Billboard"",
    ""GENRES"": [
      ""Rock"",
      ""Alt. Rock""
    ],
    ""IS_APPROVED"": true,
    ""MAIN_GENRE"": ""Alt. Rock""
  },
  {
    ""CLIENT_DOMAIN"": ""Luminate"",
    ""GENRES"": [
      ""Rock""
    ],
    ""MAIN_GENRE"": ""Rock""
  }
]",2022-04-01,2022-04-14,2,22323.97557342,15328
MRELG762AF9E36A1243E9B9B4E324F9DC296C,"Right Place, Wrong Person",RM,"[
  {
    ""CLIENT_DOMAIN"": ""Luminate"",
    ""GENRES"": [
      ""Rap"",
      ""Pop""
    ],
    ""MAIN_GENRE"": ""Pop""
  },
  {
    ""CLIENT_DOMAIN"": ""Billboard"",
    ""GENRES"": [
      ""Rap"",
      ""Pop""
    ],
    ""IS_APPROVED"": true,
    ""MAIN_GENRE"": ""Pop""
  }
]",2024-05-24,2024-05-30,1,52864.54860674,42128
MRELG762AF9E36A1243E9B9B4E324F9DC296C,"Right Place, Wrong Person",RM,"[
  {
    ""CLIENT_DOMAIN"": ""Luminate"",
    ""GENRES"": [
      ""Rap"",
      ""Pop""
    ],
    ""MAIN_GENRE"": ""Pop""
  },
  {
    ""CLIENT_DOMAIN"": ""Billboard"",
    ""GENRES"": [
      ""Rap"",
      ""Pop""
    ],
    ""IS_APPROVED"": true,
    ""MAIN_GENRE"": ""Pop""
  }
]",2024-05-24,2024-06-06,2,11472.52904539,7589
MRELGF9AE897A593F4D45BB219C3BE072981E,mono.,RM,"[
  {
    ""CLIENT_DOMAIN"": ""Billboard"",
    ""GENRES"": [
      ""K-Pop"",
      ""World Music""
    ],
    ""IS_APPROVED"": true,
    ""MAIN_GENRE"": ""K-Pop""
  },
  {
    ""CLIENT_DOMAIN"": ""Luminate"",
    ""GENRES"": [
      ""Rap"",
      ""K-Pop""
    ],
    ""MAIN_GENRE"": ""K-Pop""
  }
]",2018-10-23,2018-10-25,1,21477.73503330,16281
MRELGF9AE897A593F4D45BB219C3BE072981E,mono.,RM,"[
  {
    ""CLIENT_DOMAIN"": ""Billboard"",
    ""GENRES"": [
      ""K-Pop"",
      ""World Music""
    ],
    ""IS_APPROVED"": true,
    ""MAIN_GENRE"": ""K-Pop""
  },
  {
    ""CLIENT_DOMAIN"": ""Luminate"",
    ""GENRES"": [
      ""Rap"",
      ""K-Pop""
    ],
    ""MAIN_GENRE"": ""K-Pop""
  }
]",2018-10-23,2018-11-01,2,5256.66542473,1650
MRELGBF8CA4B7260F495F899EE2EA94E6B72C,CHIP TOOTH SMILE,ROB THOMAS,"[
  {
    ""CLIENT_DOMAIN"": ""Billboard"",
    ""GENRES"": [
      ""Pop""
    ],
    ""IS_APPROVED"": true,
    ""MAIN_GENRE"": ""Pop""
  },
  {
    ""CLIENT_DOMAIN"": ""Luminate"",
    ""GENRES"": [
      ""Pop""
    ],
    ""MAIN_GENRE"": ""Pop""
  }
]",2019-04-26,2019-05-02,1,27853.13532815,25604
MRELGBF8CA4B7260F495F899EE2EA94E6B72C,CHIP TOOTH SMILE,ROB THOMAS,"[
  {
    ""CLIENT_DOMAIN"": ""Billboard"",
    ""GENRES"": [
      ""Pop""
    ],
    ""IS_APPROVED"": true,
    ""MAIN_GENRE"": ""Pop""
  },
  {
    ""CLIENT_DOMAIN"": ""Luminate"",
    ""GENRES"": [
      ""Pop""
    ],
    ""MAIN_GENRE"": ""Pop""
  }
]",2019-04-26,2019-05-09,2,6760.34849663,5583
MRELGF0E3CF6678504645BEB9B2666042E210,JUPITER'S DIARY: 7 DAY THEORY,ROD WAVE,"[
  {
    ""CLIENT_DOMAIN"": ""Luminate"",
    ""GENRES"": [
      ""Rap"",
      ""R&B/Hip-Hop""
    ],
    ""MAIN_GENRE"": ""Rap""
  },
  {
    ""CLIENT_DOMAIN"": ""Billboard"",
    ""GENRES"": [
      ""R&B/Hip-Hop"",
      ""Rap""
    ],
    ""IS_APPROVED"": true,
    ""MAIN_GENRE"": ""Rap""
  }
]",2022-11-18,2022-11-24,1,30689.12602694,402
MRELGF0E3CF6678504645BEB9B2666042E210,JUPITER'S DIARY: 7 DAY THEORY,ROD WAVE,"[
  {
    ""CLIENT_DOMAIN"": ""Luminate"",
    ""GENRES"": [
      ""Rap"",
      ""R&B/Hip-Hop""
    ],
    ""MAIN_GENRE"": ""Rap""
  },
  {
    ""CLIENT_DOMAIN"": ""Billboard"",
    ""GENRES"": [
      ""R&B/Hip-Hop"",
      ""Rap""
    ],
    ""IS_APPROVED"": true,
    ""MAIN_GENRE"": ""Rap""
  }
]",2022-11-18,2022-12-01,2,16142.68305000,60
MRELG80F929552DC84B15BE753C98FC244C83,FEED THA STREETS III,RODDY RICCH,"[
  {
    ""CLIENT_DOMAIN"": ""Billboard"",
    ""GENRES"": [
      ""R&B/Hip-Hop"",
      ""Rap""
    ],
    ""IS_APPROVED"": true,
    ""MAIN_GENRE"": ""Rap""
  },
  {
    ""CLIENT_DOMAIN"": ""Luminate"",
    ""GENRES"": [
      ""Rap"",
      ""R&B/Hip-Hop""
    ],
    ""MAIN_GENRE"": ""Rap""
  }
]",2022-11-18,2022-11-24,1,25650.89486474,2384
MRELG80F929552DC84B15BE753C98FC244C83,FEED THA STREETS III,RODDY RICCH,"[
  {
    ""CLIENT_DOMAIN"": ""Billboard"",
    ""GENRES"": [
      ""R&B/Hip-Hop"",
      ""Rap""
    ],
    ""IS_APPROVED"": true,
    ""MAIN_GENRE"": ""Rap""
  },
  {
    ""CLIENT_DOMAIN"": ""Luminate"",
    ""GENRES"": [
      ""Rap"",
      ""R&B/Hip-Hop""
    ],
    ""MAIN_GENRE"": ""Rap""
  }
]",2022-11-18,2022-12-01,2,10467.12128551,166
MRELG9784A678629F4AE6957DA023C7AC44D2,PLEASE EXCUSE ME FOR BEING ANTISOCIAL,RODDY RICCH,"[
  {
    ""CLIENT_DOMAIN"": ""Billboard"",
    ""GENRES"": [
      ""R&B/Hip-Hop"",
      ""Rap""
    ],
    ""IS_APPROVED"": true,
    ""MAIN_GENRE"": ""Rap""
  },
  {
    ""CLIENT_DOMAIN"": ""Luminate"",
    ""GENRES"": [
      ""Rap"",
      ""R&B/Hip-Hop""
    ],
    ""MAIN_GENRE"": ""Rap""
  }
]",2019-12-06,2019-12-12,1,105016.01410489,3091
MRELG9784A678629F4AE6957DA023C7AC44D2,PLEASE EXCUSE ME FOR BEING ANTISOCIAL,RODDY RICCH,"[
  {
    ""CLIENT_DOMAIN"": ""Billboard"",
    ""GENRES"": [
      ""R&B/Hip-Hop"",
      ""Rap""
    ],
    ""IS_APPROVED"": true,
    ""MAIN_GENRE"": ""Rap""
  },
  {
    ""CLIENT_DOMAIN"": ""Luminate"",
    ""GENRES"": [
      ""Rap"",
      ""R&B/Hip-Hop""
    ],
    ""MAIN_GENRE"": ""Rap""
  }
]",2019-12-06,2019-12-19,2,85295.31398889,1785
MRELGF69E4BBD15BE491A808C7E7707C5F55B,LUX,ROSALÍA,"[
  {
    ""CLIENT_DOMAIN"": ""Billboard"",
    ""GENRES"": [
      ""Latin - Pop"",
      ""Latin"",
      ""World Music"",
      ""Contemporary Classics"",
      ""Classical""
    ],
    ""IS_APPROVED"": true,
    ""MAIN_GENRE"": ""Latin - Pop""
  },
  {
    ""CLIENT_DOMAIN"": ""Luminate"",
    ""GENRES"": [
      ""Latin Pop"",
      ""Latin"",
      ""Classical"",
      ""Traditional"",
      ""Classical Crossover"",
      ""Rap"",
      ""Pop""
    ],
    ""MAIN_GENRE"": ""Pop""
  }
]",2025-11-07,2025-11-13,1,45819.71267957,19003
MRELGF69E4BBD15BE491A808C7E7707C5F55B,LUX,ROSALÍA,"[
  {
    ""CLIENT_DOMAIN"": ""Billboard"",
    ""GENRES"": [
      ""Latin - Pop"",
      ""Latin"",
      ""World Music"",
      ""Contemporary Classics"",
      ""Classical""
    ],
    ""IS_APPROVED"": true,
    ""MAIN_GENRE"": ""Latin - Pop""
  },
  {
    ""CLIENT_DOMAIN"": ""Luminate"",
    ""GENRES"": [
      ""Latin Pop"",
      ""Latin"",
      ""Classical"",
      ""Traditional"",
      ""Classical Crossover"",
      ""Rap"",
      ""Pop""
    ],
    ""MAIN_GENRE"": ""Pop""
  }
]",2025-11-07,2025-11-20,2,23021.22143367,5488
MRELGC5B6E7AC1E9344C1B4FAC69F52F367FD,RTJ4,RUN THE JEWELS,"[
  {
    ""CLIENT_DOMAIN"": ""Luminate"",
    ""GENRES"": [
      ""Rap"",
      ""R&B/Hip-Hop"",
      ""Others""
    ],
    ""MAIN_GENRE"": ""Rap""
  },
  {
    ""CLIENT_DOMAIN"": ""Billboard"",
    ""GENRES"": [
      ""R&B/Hip-Hop"",
      ""Rap""
    ],
    ""IS_APPROVED"": true,
    ""MAIN_GENRE"": ""Rap""
  }
]",2020-06-02,2020-06-04,1,7886.93803099,122
MRELGC5B6E7AC1E9344C1B4FAC69F52F367FD,RTJ4,RUN THE JEWELS,"[
  {
    ""CLIENT_DOMAIN"": ""Luminate"",
    ""GENRES"": [
      ""Rap"",
      ""R&B/Hip-Hop"",
      ""Others""
    ],
    ""MAIN_GENRE"": ""Rap""
  },
  {
    ""CLIENT_DOMAIN"": ""Billboard"",
    ""GENRES"": [
      ""R&B/Hip-Hop"",
      ""Rap""
    ],
    ""IS_APPROVED"": true,
    ""MAIN_GENRE"": ""Rap""
  }
]",2020-06-02,2020-06-11,2,18159.68823409,183
MRELG91A91EC278AA4C2D968A1786721EBF4B,RTJ4,"RUN THE JEWELS, EL-P, & KILLER MIKE","[
  {
    ""CLIENT_DOMAIN"": ""Luminate"",
    ""GENRES"": [
      ""Rap"",
      ""R&B/Hip-Hop""
    ],
    ""MAIN_GENRE"": ""Rap""
  },
  {
    ""CLIENT_DOMAIN"": ""Billboard"",
    ""GENRES"": [
      ""Rap"",
      ""R&B/Hip-Hop""
    ],
    ""IS_APPROVED"": true,
    ""MAIN_GENRE"": ""Rap""
  }
]",2020-06-03,2020-06-04,1,37645.27963099,29658
MRELG91A91EC278AA4C2D968A1786721EBF4B,RTJ4,"RUN THE JEWELS, EL-P, & KILLER MIKE","[
  {
    ""CLIENT_DOMAIN"": ""Luminate"",
    ""GENRES"": [
      ""Rap"",
      ""R&B/Hip-Hop""
    ],
    ""MAIN_GENRE"": ""Rap""
  },
  {
    ""CLIENT_DOMAIN"": ""Billboard"",
    ""GENRES"": [
      ""Rap"",
      ""R&B/Hip-Hop""
    ],
    ""IS_APPROVED"": true,
    ""MAIN_GENRE"": ""Rap""
  }
]",2020-06-03,2020-06-11,2,27310.27819217,8865
MRELG0D59D21730454F678E371CE4FDC063AA,SR3MM,"Rae Sremmurd, Slim Jxmmi, Swae Lee","[
  {
    ""CLIENT_DOMAIN"": ""Luminate"",
    ""GENRES"": [
      ""Rap"",
      ""R&B/Hip-Hop""
    ],
    ""MAIN_GENRE"": ""Rap""
  },
  {
    ""CLIENT_DOMAIN"": ""Billboard"",
    ""GENRES"": [
      ""R&B/Hip-Hop"",
      ""Rap""
    ],
    ""IS_APPROVED"": true,
    ""MAIN_GENRE"": ""Rap""
  }
]",2018-05-04,2018-05-10,1,65377.68306157,5157
MRELG0D59D21730454F678E371CE4FDC063AA,SR3MM,"Rae Sremmurd, Slim Jxmmi, Swae Lee","[
  {
    ""CLIENT_DOMAIN"": ""Luminate"",
    ""GENRES"": [
      ""Rap"",
      ""R&B/Hip-Hop""
    ],
    ""MAIN_GENRE"": ""Rap""
  },
  {
    ""CLIENT_DOMAIN"": ""Billboard"",
    ""GENRES"": [
      ""R&B/Hip-Hop"",
      ""Rap""
    ],
    ""IS_APPROVED"": true,
    ""MAIN_GENRE"": ""Rap""
  }
]",2018-05-04,2018-05-17,2,32611.70284895,852
MRELGEA92DBC3F85743B381E9C94EC11F1C3F,Cosa Nuestra,Rauw Alejandro,"[
  {
    ""CLIENT_DOMAIN"": ""Billboard"",
    ""GENRES"": [
      ""Latin - Rhythm"",
      ""Latin""
    ],
    ""IS_APPROVED"": true,
    ""MAIN_GENRE"": ""Latin - Rhythm""
  },
  {
    ""CLIENT_DOMAIN"": ""Luminate"",
    ""GENRES"": [
      ""Latin"",
      ""Reggaeton""
    ],
    ""MAIN_GENRE"": ""Latin""
  }
]",2024-11-15,2024-11-21,1,67247.24557398,920
MRELGEA92DBC3F85743B381E9C94EC11F1C3F,Cosa Nuestra,Rauw Alejandro,"[
  {
    ""CLIENT_DOMAIN"": ""Billboard"",
    ""GENRES"": [
      ""Latin - Rhythm"",
      ""Latin""
    ],
    ""IS_APPROVED"": true,
    ""MAIN_GENRE"": ""Latin - Rhythm""
  },
  {
    ""CLIENT_DOMAIN"": ""Luminate"",
    ""GENRES"": [
      ""Latin"",
      ""Reggaeton""
    ],
    ""MAIN_GENRE"": ""Latin""
  }
]",2024-11-15,2024-11-28,2,43751.58935810,3070
MRELG717FE5957E1C4243A79C6F08F227D8C2,FREE REIN,Rebelution,"[
  {
    ""CLIENT_DOMAIN"": ""Luminate"",
    ""GENRES"": [
      ""Reggae"",
      ""R&B/Hip-Hop"",
      ""Others""
    ],
    ""MAIN_GENRE"": ""Reggae""
  },
  {
    ""CLIENT_DOMAIN"": ""Billboard"",
    ""GENRES"": [
      ""R&B/Hip-Hop"",
      ""Others"",
      ""Reggae""
    ],
    ""IS_APPROVED"": false,
    ""MAIN_GENRE"": ""Reggae""
  }
]",2018-06-15,2018-06-21,1,14240.42860584,9649
MRELG717FE5957E1C4243A79C6F08F227D8C2,FREE REIN,Rebelution,"[
  {
    ""CLIENT_DOMAIN"": ""Luminate"",
    ""GENRES"": [
      ""Reggae"",
      ""R&B/Hip-Hop"",
      ""Others""
    ],
    ""MAIN_GENRE"": ""Reggae""
  },
  {
    ""CLIENT_DOMAIN"": ""Billboard"",
    ""GENRES"": [
      ""R&B/Hip-Hop"",
      ""Others"",
      ""Reggae""
    ],
    ""IS_APPROVED"": false,
    ""MAIN_GENRE"": ""Reggae""
  }
]",2018-06-15,2018-06-28,2,3488.80183926,1365
MRELGFBBC502DFC1A44C4AF01E1157DF981A2,Bite Me,Reneé Rapp,"[
  {
    ""CLIENT_DOMAIN"": ""Luminate"",
    ""GENRES"": [
      ""Pop""
    ],
    ""MAIN_GENRE"": ""Pop""
  },
  {
    ""CLIENT_DOMAIN"": ""Billboard"",
    ""GENRES"": [
      ""Pop""
    ],
    ""IS_APPROVED"": true,
    ""MAIN_GENRE"": ""Pop""
  }
]",2025-08-01,2025-08-07,1,64656.01561644,47419
MRELGFBBC502DFC1A44C4AF01E1157DF981A2,Bite Me,Reneé Rapp,"[
  {
    ""CLIENT_DOMAIN"": ""Luminate"",
    ""GENRES"": [
      ""Pop""
    ],
    ""MAIN_GENRE"": ""Pop""
  },
  {
    ""CLIENT_DOMAIN"": ""Billboard"",
    ""GENRES"": [
      ""Pop""
    ],
    ""IS_APPROVED"": true,
    ""MAIN_GENRE"": ""Pop""
  }
]",2025-08-01,2025-08-14,2,12079.54322076,3558
MRELGE3DD982C02CA44398BDC5C8638B7234C,The Sailor,Rich Brian,"[
  {
    ""CLIENT_DOMAIN"": ""Billboard"",
    ""GENRES"": [
      ""Rap"",
      ""R&B/Hip-Hop""
    ],
    ""IS_APPROVED"": true,
    ""MAIN_GENRE"": ""Rap""
  },
  {
    ""CLIENT_DOMAIN"": ""Luminate"",
    ""GENRES"": [
      ""Rap"",
      ""R&B/Hip-Hop""
    ],
    ""MAIN_GENRE"": ""Rap""
  }
]",2019-07-26,2019-08-01,1,10819.69331932,2590
MRELGE3DD982C02CA44398BDC5C8638B7234C,The Sailor,Rich Brian,"[
  {
    ""CLIENT_DOMAIN"": ""Billboard"",
    ""GENRES"": [
      ""Rap"",
      ""R&B/Hip-Hop""
    ],
    ""IS_APPROVED"": true,
    ""MAIN_GENRE"": ""Rap""
  },
  {
    ""CLIENT_DOMAIN"": ""Luminate"",
    ""GENRES"": [
      ""Rap"",
      ""R&B/Hip-Hop""
    ],
    ""MAIN_GENRE"": ""Rap""
  }
]",2019-07-26,2019-08-08,2,4425.95047223,150
MRELG840E2D28D6EB4E4AB9DE1F8C907B4851,The World Is Yours,Rich The Kid,"[
  {
    ""CLIENT_DOMAIN"": ""Billboard"",
    ""GENRES"": [
      ""R&B/Hip-Hop"",
      ""Rap""
    ],
    ""IS_APPROVED"": true,
    ""MAIN_GENRE"": ""Rap""
  },
  {
    ""CLIENT_DOMAIN"": ""Luminate"",
    ""GENRES"": [
      ""Rap"",
      ""R&B/Hip-Hop""
    ],
    ""MAIN_GENRE"": ""Rap""
  }
]",2018-03-30,2018-04-05,1,70348.88272277,6413
MRELG840E2D28D6EB4E4AB9DE1F8C907B4851,The World Is Yours,Rich The Kid,"[
  {
    ""CLIENT_DOMAIN"": ""Billboard"",
    ""GENRES"": [
      ""R&B/Hip-Hop"",
      ""Rap""
    ],
    ""IS_APPROVED"": true,
    ""MAIN_GENRE"": ""Rap""
  },
  {
    ""CLIENT_DOMAIN"": ""Luminate"",
    ""GENRES"": [
      ""Rap"",
      ""R&B/Hip-Hop""
    ],
    ""MAIN_GENRE"": ""Rap""
  }
]",2018-03-30,2018-04-12,2,45046.91329354,1090
MRELG72C35C99E19F46C7BFB4908AA5D43125,The World Is Yours 2,Rich The Kid,"[
  {
    ""CLIENT_DOMAIN"": ""Luminate"",
    ""GENRES"": [
      ""Rap"",
      ""R&B/Hip-Hop""
    ],
    ""MAIN_GENRE"": ""Rap""
  },
  {
    ""CLIENT_DOMAIN"": ""Billboard"",
    ""GENRES"": [
      ""R&B/Hip-Hop"",
      ""Rap""
    ],
    ""IS_APPROVED"": true,
    ""MAIN_GENRE"": ""Rap""
  }
]",2019-03-22,2019-03-28,1,43529.87441273,1712
MRELG72C35C99E19F46C7BFB4908AA5D43125,The World Is Yours 2,Rich The Kid,"[
  {
    ""CLIENT_DOMAIN"": ""Luminate"",
    ""GENRES"": [
      ""Rap"",
      ""R&B/Hip-Hop""
    ],
    ""MAIN_GENRE"": ""Rap""
  },
  {
    ""CLIENT_DOMAIN"": ""Billboard"",
    ""GENRES"": [
      ""R&B/Hip-Hop"",
      ""Rap""
    ],
    ""IS_APPROVED"": true,
    ""MAIN_GENRE"": ""Rap""
  }
]",2019-03-22,2019-04-04,2,23622.90168134,309
MRELG89E64B1E29AF45A490CBC280DCA107AE,Don't Mind If I Do,Riley Green,"[
  {
    ""CLIENT_DOMAIN"": ""Billboard"",
    ""GENRES"": [
      ""Country""
    ],
    ""IS_APPROVED"": true,
    ""MAIN_GENRE"": ""Country""
  },
  {
    ""CLIENT_DOMAIN"": ""Luminate"",
    ""GENRES"": [
      ""Country""
    ],
    ""MAIN_GENRE"": ""Country""
  }
]",2024-10-18,2024-10-24,1,22929.66432334,2009
MRELG89E64B1E29AF45A490CBC280DCA107AE,Don't Mind If I Do,Riley Green,"[
  {
    ""CLIENT_DOMAIN"": ""Billboard"",
    ""GENRES"": [
      ""Country""
    ],
    ""IS_APPROVED"": true,
    ""MAIN_GENRE"": ""Country""
  },
  {
    ""CLIENT_DOMAIN"": ""Luminate"",
    ""GENRES"": [
      ""Country""
    ],
    ""MAIN_GENRE"": ""Country""
  }
]",2024-10-18,2024-10-31,2,13727.10733613,982
MRELGD696262FCA164D7D99A94D173CD07927,Raise The Roof,"Robert Plant, Alison Krauss","[
  {
    ""CLIENT_DOMAIN"": ""Billboard"",
    ""GENRES"": [
      ""Folk"",
      ""Bluegrass"",
      ""Country"",
      ""Rock""
    ],
    ""IS_APPROVED"": true,
    ""MAIN_GENRE"": ""Bluegrass""
  },
  {
    ""CLIENT_DOMAIN"": ""Luminate"",
    ""GENRES"": [
      ""Rock"",
      ""Country"",
      ""Folk"",
      ""Bluegrass""
    ],
    ""MAIN_GENRE"": ""Bluegrass""
  }
]",2021-11-19,2021-11-25,1,40219.30578347,37985
MRELGD696262FCA164D7D99A94D173CD07927,Raise The Roof,"Robert Plant, Alison Krauss","[
  {
    ""CLIENT_DOMAIN"": ""Billboard"",
    ""GENRES"": [
      ""Folk"",
      ""Bluegrass"",
      ""Country"",
      ""Rock""
    ],
    ""IS_APPROVED"": true,
    ""MAIN_GENRE"": ""Bluegrass""
  },
  {
    ""CLIENT_DOMAIN"": ""Luminate"",
    ""GENRES"": [
      ""Rock"",
      ""Country"",
      ""Folk"",
      ""Bluegrass""
    ],
    ""MAIN_GENRE"": ""Bluegrass""
  }
]",2021-11-19,2021-12-02,2,13330.51411199,12440
MRELG61A2F25643624F0F8B0CABAC10430B20,Ghetto Gospel,Rod Wave,"[
  {
    ""CLIENT_DOMAIN"": ""Luminate"",
    ""GENRES"": [
      ""Rap"",
      ""R&B/Hip-Hop""
    ],
    ""MAIN_GENRE"": ""Rap""
  },
  {
    ""CLIENT_DOMAIN"": ""Billboard"",
    ""GENRES"": [
      ""R&B/Hip-Hop"",
      ""Rap""
    ],
    ""IS_APPROVED"": true,
    ""MAIN_GENRE"": ""Rap""
  }
]",2019-11-01,2019-11-07,1,24449.01215277,647
MRELG61A2F25643624F0F8B0CABAC10430B20,Ghetto Gospel,Rod Wave,"[
  {
    ""CLIENT_DOMAIN"": ""Luminate"",
    ""GENRES"": [
      ""Rap"",
      ""R&B/Hip-Hop""
    ],
    ""MAIN_GENRE"": ""Rap""
  },
  {
    ""CLIENT_DOMAIN"": ""Billboard"",
    ""GENRES"": [
      ""R&B/Hip-Hop"",
      ""Rap""
    ],
    ""IS_APPROVED"": true,
    ""MAIN_GENRE"": ""Rap""
  }
]",2019-11-01,2019-11-14,2,31542.03646671,274
MRELG151921A556E047E5A20400A95DCF96F8,Last Lap,Rod Wave,"[
  {
    ""CLIENT_DOMAIN"": ""Billboard"",
    ""GENRES"": [
      ""R&B/Hip-Hop"",
      ""Rap""
    ],
    ""IS_APPROVED"": true,
    ""MAIN_GENRE"": ""Rap""
  },
  {
    ""CLIENT_DOMAIN"": ""Luminate"",
    ""GENRES"": [
      ""Rap"",
      ""R&B/Hip-Hop""
    ],
    ""MAIN_GENRE"": ""Rap""
  }
]",2024-10-11,2024-10-17,1,127606.28717656,1820
MRELG151921A556E047E5A20400A95DCF96F8,Last Lap,Rod Wave,"[
  {
    ""CLIENT_DOMAIN"": ""Billboard"",
    ""GENRES"": [
      ""R&B/Hip-Hop"",
      ""Rap""
    ],
    ""IS_APPROVED"": true,
    ""MAIN_GENRE"": ""Rap""
  },
  {
    ""CLIENT_DOMAIN"": ""Luminate"",
    ""GENRES"": [
      ""Rap"",
      ""R&B/Hip-Hop""
    ],
    ""MAIN_GENRE"": ""Rap""
  }
]",2024-10-11,2024-10-24,2,67517.59522444,366
MRELGF6B9DE4C13C5430EBBF9C65CACC22B22,Nostalgia,Rod Wave,"[
  {
    ""CLIENT_DOMAIN"": ""Billboard"",
    ""GENRES"": [
      ""Rap"",
      ""R&B/Hip-Hop""
    ],
    ""IS_APPROVED"": true,
    ""MAIN_GENRE"": ""Rap""
  },
  {
    ""CLIENT_DOMAIN"": ""Luminate"",
    ""GENRES"": [
      ""Rap"",
      ""R&B/Hip-Hop""
    ],
    ""MAIN_GENRE"": ""Rap""
  }
]",2023-09-15,2023-09-21,1,136808.24204425,1535
MRELGF6B9DE4C13C5430EBBF9C65CACC22B22,Nostalgia,Rod Wave,"[
  {
    ""CLIENT_DOMAIN"": ""Billboard"",
    ""GENRES"": [
      ""Rap"",
      ""R&B/Hip-Hop""
    ],
    ""IS_APPROVED"": true,
    ""MAIN_GENRE"": ""Rap""
  },
  {
    ""CLIENT_DOMAIN"": ""Luminate"",
    ""GENRES"": [
      ""Rap"",
      ""R&B/Hip-Hop""
    ],
    ""MAIN_GENRE"": ""Rap""
  }
]",2023-09-15,2023-09-28,2,87983.35354005,456
MRELG803B50E321D64B26B5E0F92B0FBB08E8,PRAY 4 LOVE,Rod Wave,"[
  {
    ""CLIENT_DOMAIN"": ""Billboard"",
    ""GENRES"": [
      ""Rap"",
      ""R&B/Hip-Hop""
    ],
    ""IS_APPROVED"": true,
    ""MAIN_GENRE"": ""Rap""
  },
  {
    ""CLIENT_DOMAIN"": ""Luminate"",
    ""GENRES"": [
      ""Rap"",
      ""R&B/Hip-Hop""
    ],
    ""MAIN_GENRE"": ""Rap""
  }
]",2020-04-03,2020-04-09,1,71858.76933908,2069
MRELG803B50E321D64B26B5E0F92B0FBB08E8,PRAY 4 LOVE,Rod Wave,"[
  {
    ""CLIENT_DOMAIN"": ""Billboard"",
    ""GENRES"": [
      ""Rap"",
      ""R&B/Hip-Hop""
    ],
    ""IS_APPROVED"": true,
    ""MAIN_GENRE"": ""Rap""
  },
  {
    ""CLIENT_DOMAIN"": ""Luminate"",
    ""GENRES"": [
      ""Rap"",
      ""R&B/Hip-Hop""
    ],
    ""MAIN_GENRE"": ""Rap""
  }
]",2020-04-03,2020-04-16,2,34294.99080868,504
MRELG8B6BF5F7BB784AD29A2F3231C6707364,SoulFly,Rod Wave,"[
  {
    ""CLIENT_DOMAIN"": ""Billboard"",
    ""GENRES"": [
      ""Rap"",
      ""R&B/Hip-Hop""
    ],
    ""IS_APPROVED"": true,
    ""MAIN_GENRE"": ""Rap""
  },
  {
    ""CLIENT_DOMAIN"": ""Luminate"",
    ""GENRES"": [
      ""Rap"",
      ""R&B/Hip-Hop""
    ],
    ""MAIN_GENRE"": ""Rap""
  }
]",2021-03-26,2021-04-01,1,130195.05262716,3775
MRELG8B6BF5F7BB784AD29A2F3231C6707364,SoulFly,Rod Wave,"[
  {
    ""CLIENT_DOMAIN"": ""Billboard"",
    ""GENRES"": [
      ""Rap"",
      ""R&B/Hip-Hop""
    ],
    ""IS_APPROVED"": true,
    ""MAIN_GENRE"": ""Rap""
  },
  {
    ""CLIENT_DOMAIN"": ""Luminate"",
    ""GENRES"": [
      ""Rap"",
      ""R&B/Hip-Hop""
    ],
    ""MAIN_GENRE"": ""Rap""
  }
]",2021-03-26,2021-04-08,2,67325.33032002,499
MRELGFAA8FB9A8CE6484DBE4FE1F047953CA4,LIVE LIFE FAST,Roddy Ricch,"[
  {
    ""CLIENT_DOMAIN"": ""Billboard"",
    ""GENRES"": [
      ""Rap"",
      ""R&B/Hip-Hop""
    ],
    ""IS_APPROVED"": true,
    ""MAIN_GENRE"": ""Rap""
  },
  {
    ""CLIENT_DOMAIN"": ""Luminate"",
    ""GENRES"": [
      ""Rap"",
      ""R&B/Hip-Hop""
    ],
    ""MAIN_GENRE"": ""Rap""
  }
]",2021-12-16,2021-12-23,1,62082.47657515,3578
MRELGFAA8FB9A8CE6484DBE4FE1F047953CA4,LIVE LIFE FAST,Roddy Ricch,"[
  {
    ""CLIENT_DOMAIN"": ""Billboard"",
    ""GENRES"": [
      ""Rap"",
      ""R&B/Hip-Hop""
    ],
    ""IS_APPROVED"": true,
    ""MAIN_GENRE"": ""Rap""
  },
  {
    ""CLIENT_DOMAIN"": ""Luminate"",
    ""GENRES"": [
      ""Rap"",
      ""R&B/Hip-Hop""
    ],
    ""MAIN_GENRE"": ""Rap""
  }
]",2021-12-16,2021-12-30,2,23215.88297883,1470
MRELGE47BE2AD38F3409D800C96EC1836F59B,Utopía,Romeo Santos,"[
  {
    ""CLIENT_DOMAIN"": ""Billboard"",
    ""GENRES"": [
      ""Latin Tropical"",
      ""Latin""
    ],
    ""IS_APPROVED"": true,
    ""MAIN_GENRE"": ""Latin Tropical""
  },
  {
    ""CLIENT_DOMAIN"": ""Luminate"",
    ""GENRES"": [
      ""Latin"",
      ""Traditional""
    ],
    ""MAIN_GENRE"": ""Latin""
  }
]",2019-04-05,2019-04-11,1,27546.07066126,8590
MRELGE47BE2AD38F3409D800C96EC1836F59B,Utopía,Romeo Santos,"[
  {
    ""CLIENT_DOMAIN"": ""Billboard"",
    ""GENRES"": [
      ""Latin Tropical"",
      ""Latin""
    ],
    ""IS_APPROVED"": true,
    ""MAIN_GENRE"": ""Latin Tropical""
  },
  {
    ""CLIENT_DOMAIN"": ""Luminate"",
    ""GENRES"": [
      ""Latin"",
      ""Traditional""
    ],
    ""MAIN_GENRE"": ""Latin""
  }
]",2019-04-05,2019-04-18,2,11268.30170997,1532
MRELG3B93E0184A65479B8583FA75AD09022B,Better Late Than Never,Romeo Santos & Prince Royce,"[
  {
    ""CLIENT_DOMAIN"": ""Billboard"",
    ""GENRES"": [
      ""Latin Tropical"",
      ""Latin""
    ],
    ""IS_APPROVED"": true,
    ""MAIN_GENRE"": ""Latin Tropical""
  },
  {
    ""CLIENT_DOMAIN"": ""Luminate"",
    ""GENRES"": [
      ""Latin"",
      ""Traditional"",
      ""Pop""
    ],
    ""MAIN_GENRE"": ""Traditional""
  }
]",2025-11-28,2025-12-04,1,22652.60183690,5691
MRELG3B93E0184A65479B8583FA75AD09022B,Better Late Than Never,Romeo Santos & Prince Royce,"[
  {
    ""CLIENT_DOMAIN"": ""Billboard"",
    ""GENRES"": [
      ""Latin Tropical"",
      ""Latin""
    ],
    ""IS_APPROVED"": true,
    ""MAIN_GENRE"": ""Latin Tropical""
  },
  {
    ""CLIENT_DOMAIN"": ""Luminate"",
    ""GENRES"": [
      ""Latin"",
      ""Traditional"",
      ""Pop""
    ],
    ""MAIN_GENRE"": ""Traditional""
  }
]",2025-11-28,2025-12-11,2,10363.08214412,1461
MRELG37EA08636B684BCEADA89B2E02CF7D09,Anti-Hero,"Roosevelt, Taylor Swift","[
  {
    ""CLIENT_DOMAIN"": ""Billboard"",
    ""GENRES"": [
      ""Pop"",
      ""Country""
    ],
    ""IS_APPROVED"": false,
    ""MAIN_GENRE"": ""Pop""
  },
  {
    ""CLIENT_DOMAIN"": ""Luminate"",
    ""GENRES"": [
      ""Country"",
      ""Pop""
    ],
    ""MAIN_GENRE"": ""Pop""
  }
]",2022-11-11,2022-11-17,1,22103.95618408,12
MRELG37EA08636B684BCEADA89B2E02CF7D09,Anti-Hero,"Roosevelt, Taylor Swift","[
  {
    ""CLIENT_DOMAIN"": ""Billboard"",
    ""GENRES"": [
      ""Pop"",
      ""Country""
    ],
    ""IS_APPROVED"": false,
    ""MAIN_GENRE"": ""Pop""
  },
  {
    ""CLIENT_DOMAIN"": ""Luminate"",
    ""GENRES"": [
      ""Country"",
      ""Pop""
    ],
    ""MAIN_GENRE"": ""Pop""
  }
]",2022-11-11,2022-11-24,2,19102.12643176,7
MRELG5AD13CE78A564393A896B30B11D14EF0,Been One,Rylo Rodriguez,"[
  {
    ""CLIENT_DOMAIN"": ""Luminate"",
    ""GENRES"": [
      ""Rap"",
      ""R&B/Hip-Hop""
    ],
    ""MAIN_GENRE"": ""Rap""
  },
  {
    ""CLIENT_DOMAIN"": ""Billboard"",
    ""GENRES"": [
      ""Rap"",
      ""R&B/Hip-Hop""
    ],
    ""IS_APPROVED"": true,
    ""MAIN_GENRE"": ""Rap""
  }
]",2023-06-30,2023-07-06,1,35126.84685126,129
MRELG5AD13CE78A564393A896B30B11D14EF0,Been One,Rylo Rodriguez,"[
  {
    ""CLIENT_DOMAIN"": ""Luminate"",
    ""GENRES"": [
      ""Rap"",
      ""R&B/Hip-Hop""
    ],
    ""MAIN_GENRE"": ""Rap""
  },
  {
    ""CLIENT_DOMAIN"": ""Billboard"",
    ""GENRES"": [
      ""Rap"",
      ""R&B/Hip-Hop""
    ],
    ""IS_APPROVED"": true,
    ""MAIN_GENRE"": ""Rap""
  }
]",2023-06-30,2023-07-13,2,29638.70041447,38
MRELG2A4D1B82F1CD4AFB85D8B79044D389A9,The War To End All Wars,SABATON,"[
  {
    ""CLIENT_DOMAIN"": ""Billboard"",
    ""GENRES"": [
      ""Hard Rock"",
      ""Rock""
    ],
    ""IS_APPROVED"": true,
    ""MAIN_GENRE"": ""Hard Rock""
  },
  {
    ""CLIENT_DOMAIN"": ""Luminate"",
    ""GENRES"": [
      ""Rock"",
      ""Metal"",
      ""Pop""
    ],
    ""MAIN_GENRE"": ""Rock""
  }
]",2022-03-04,2022-03-10,1,10764.86549694,8247
MRELG2A4D1B82F1CD4AFB85D8B79044D389A9,The War To End All Wars,SABATON,"[
  {
    ""CLIENT_DOMAIN"": ""Billboard"",
    ""GENRES"": [
      ""Hard Rock"",
      ""Rock""
    ],
    ""IS_APPROVED"": true,
    ""MAIN_GENRE"": ""Hard Rock""
  },
  {
    ""CLIENT_DOMAIN"": ""Luminate"",
    ""GENRES"": [
      ""Rock"",
      ""Metal"",
      ""Pop""
    ],
    ""MAIN_GENRE"": ""Rock""
  }
]",2022-03-04,2022-03-17,2,3062.82920829,1720
MRELG25358653697C4EFDA241CDF258D2F002,Africa Speaks,SANTANA,"[
  {
    ""CLIENT_DOMAIN"": ""Billboard"",
    ""GENRES"": [
      ""Rock"",
      ""Latin"",
      ""Latin - Pop"",
      ""World Music""
    ],
    ""IS_APPROVED"": true,
    ""MAIN_GENRE"": ""Rock""
  },
  {
    ""CLIENT_DOMAIN"": ""Luminate"",
    ""GENRES"": [
      ""Latin Pop"",
      ""Latin"",
      ""Euro Hip-Hop"",
      ""Rock""
    ],
    ""MAIN_GENRE"": ""Rock""
  }
]",2019-06-07,2019-06-13,1,57364.96749481,56806
MRELG25358653697C4EFDA241CDF258D2F002,Africa Speaks,SANTANA,"[
  {
    ""CLIENT_DOMAIN"": ""Billboard"",
    ""GENRES"": [
      ""Rock"",
      ""Latin"",
      ""Latin - Pop"",
      ""World Music""
    ],
    ""IS_APPROVED"": true,
    ""MAIN_GENRE"": ""Rock""
  },
  {
    ""CLIENT_DOMAIN"": ""Luminate"",
    ""GENRES"": [
      ""Latin Pop"",
      ""Latin"",
      ""Euro Hip-Hop"",
      ""Rock""
    ],
    ""MAIN_GENRE"": ""Rock""
  }
]",2019-06-07,2019-06-20,2,5921.04440337,5709
MRELGF74EFC91907F4800B683441AC7A80EA3,All I See Is War,SEVENDUST,"[
  {
    ""CLIENT_DOMAIN"": ""Billboard"",
    ""GENRES"": [
      ""Hard Rock"",
      ""Rock""
    ],
    ""IS_APPROVED"": true,
    ""MAIN_GENRE"": ""Hard Rock""
  },
  {
    ""CLIENT_DOMAIN"": ""Luminate"",
    ""GENRES"": [
      ""Rock""
    ],
    ""MAIN_GENRE"": ""Rock""
  }
]",2018-05-11,2018-05-17,1,16836.75514273,15602
MRELGF74EFC91907F4800B683441AC7A80EA3,All I See Is War,SEVENDUST,"[
  {
    ""CLIENT_DOMAIN"": ""Billboard"",
    ""GENRES"": [
      ""Hard Rock"",
      ""Rock""
    ],
    ""IS_APPROVED"": true,
    ""MAIN_GENRE"": ""Hard Rock""
  },
  {
    ""CLIENT_DOMAIN"": ""Luminate"",
    ""GENRES"": [
      ""Rock""
    ],
    ""MAIN_GENRE"": ""Rock""
  }
]",2018-05-11,2018-05-24,2,3553.07466770,2896
MRELGE6E037CA39854002A3FF9CC094768166,BLOOD & STONE,SEVENDUST,"[
  {
    ""CLIENT_DOMAIN"": ""Luminate"",
    ""GENRES"": [
      ""Rock""
    ],
    ""MAIN_GENRE"": ""Rock""
  },
  {
    ""CLIENT_DOMAIN"": ""Billboard"",
    ""GENRES"": [
      ""Rock"",
      ""Hard Rock""
    ],
    ""IS_APPROVED"": true,
    ""MAIN_GENRE"": ""Hard Rock""
  }
]",2020-10-23,2020-10-29,1,11479.94483968,10487
MRELGE6E037CA39854002A3FF9CC094768166,BLOOD & STONE,SEVENDUST,"[
  {
    ""CLIENT_DOMAIN"": ""Luminate"",
    ""GENRES"": [
      ""Rock""
    ],
    ""MAIN_GENRE"": ""Rock""
  },
  {
    ""CLIENT_DOMAIN"": ""Billboard"",
    ""GENRES"": [
      ""Rock"",
      ""Hard Rock""
    ],
    ""IS_APPROVED"": true,
    ""MAIN_GENRE"": ""Hard Rock""
  }
]",2020-10-23,2020-11-05,2,1635.63950266,1106
MRELG28A71F9AEAE24C0EBBF5A03890672E0E,SEVENTEEN 10TH TGT,SEVENTEEN,"[
  {
    ""CLIENT_DOMAIN"": ""Luminate"",
    ""GENRES"": [
      ""K-Pop""
    ],
    ""MAIN_GENRE"": ""K-Pop""
  },
  {
    ""CLIENT_DOMAIN"": ""Billboard"",
    ""GENRES"": [
      ""World Music"",
      ""K-Pop""
    ],
    ""IS_APPROVED"": true,
    ""MAIN_GENRE"": ""K-Pop""
  }
]",2023-04-28,2023-05-04,1,46199.00000000,46199
MRELG28A71F9AEAE24C0EBBF5A03890672E0E,SEVENTEEN 10TH TGT,SEVENTEEN,"[
  {
    ""CLIENT_DOMAIN"": ""Luminate"",
    ""GENRES"": [
      ""K-Pop""
    ],
    ""MAIN_GENRE"": ""K-Pop""
  },
  {
    ""CLIENT_DOMAIN"": ""Billboard"",
    ""GENRES"": [
      ""World Music"",
      ""K-Pop""
    ],
    ""IS_APPROVED"": true,
    ""MAIN_GENRE"": ""K-Pop""
  }
]",2023-04-28,2023-05-11,2,8767.00000000,8767
MRELG64C05CDB95584F4E9329FA6BFFCCFFCB,IF I CAN'T HAVE YOU,SHAWN MENDES,"[
  {
    ""CLIENT_DOMAIN"": ""Billboard"",
    ""GENRES"": [
      ""Pop""
    ],
    ""IS_APPROVED"": true,
    ""MAIN_GENRE"": ""Pop""
  },
  {
    ""CLIENT_DOMAIN"": ""Luminate"",
    ""GENRES"": [
      ""Pop""
    ],
    ""MAIN_GENRE"": ""Pop""
  }
]",2019-05-03,2019-05-09,1,20430.25392217,136
MRELG64C05CDB95584F4E9329FA6BFFCCFFCB,IF I CAN'T HAVE YOU,SHAWN MENDES,"[
  {
    ""CLIENT_DOMAIN"": ""Billboard"",
    ""GENRES"": [
      ""Pop""
    ],
    ""IS_APPROVED"": true,
    ""MAIN_GENRE"": ""Pop""
  },
  {
    ""CLIENT_DOMAIN"": ""Luminate"",
    ""GENRES"": [
      ""Pop""
    ],
    ""MAIN_GENRE"": ""Pop""
  }
]",2019-05-03,2019-05-16,2,12967.03061483,49
MRELG7E9B611B6F184148AB13F1693E8F9C43,ATTENTION ATTENTION,SHINEDOWN,"[
  {
    ""CLIENT_DOMAIN"": ""Luminate"",
    ""GENRES"": [
      ""Rock""
    ],
    ""MAIN_GENRE"": ""Rock""
  },
  {
    ""CLIENT_DOMAIN"": ""Billboard"",
    ""GENRES"": [
      ""Alt. Rock"",
      ""Rock"",
      ""Hard Rock""
    ],
    ""IS_APPROVED"": true,
    ""MAIN_GENRE"": ""Alt. Rock""
  }
]",2018-05-04,2018-05-10,1,61088.42758479,54877
MRELG7E9B611B6F184148AB13F1693E8F9C43,ATTENTION ATTENTION,SHINEDOWN,"[
  {
    ""CLIENT_DOMAIN"": ""Luminate"",
    ""GENRES"": [
      ""Rock""
    ],
    ""MAIN_GENRE"": ""Rock""
  },
  {
    ""CLIENT_DOMAIN"": ""Billboard"",
    ""GENRES"": [
      ""Alt. Rock"",
      ""Rock"",
      ""Hard Rock""
    ],
    ""IS_APPROVED"": true,
    ""MAIN_GENRE"": ""Alt. Rock""
  }
]",2018-05-04,2018-05-17,2,14884.58959399,11194
MRELG8502C55F6E0D4ECF927A7C7B689CB22F,VICTORIOUS,SKILLET,"[
  {
    ""CLIENT_DOMAIN"": ""Luminate"",
    ""GENRES"": [
      ""Christian"",
      ""Rock"",
      ""Religious""
    ],
    ""MAIN_GENRE"": ""Rock""
  },
  {
    ""CLIENT_DOMAIN"": ""Billboard"",
    ""GENRES"": [
      ""Christian/Gospel"",
      ""Hard Rock"",
      ""Rock"",
      ""Christian"",
      ""Alt. Rock""
    ],
    ""IS_APPROVED"": true,
    ""MAIN_GENRE"": ""Alt. Rock""
  }
]",2019-08-02,2019-08-08,1,25165.37415313,21928
MRELG8502C55F6E0D4ECF927A7C7B689CB22F,VICTORIOUS,SKILLET,"[
  {
    ""CLIENT_DOMAIN"": ""Luminate"",
    ""GENRES"": [
      ""Christian"",
      ""Rock"",
      ""Religious""
    ],
    ""MAIN_GENRE"": ""Rock""
  },
  {
    ""CLIENT_DOMAIN"": ""Billboard"",
    ""GENRES"": [
      ""Christian/Gospel"",
      ""Hard Rock"",
      ""Rock"",
      ""Christian"",
      ""Alt. Rock""
    ],
    ""IS_APPROVED"": true,
    ""MAIN_GENRE"": ""Alt. Rock""
  }
]",2019-08-02,2019-08-15,2,8253.77328808,6024
MRELGFAE6F0124F344943B92D0CC30AE2EF09,WE ARE NOT YOUR KIND,SLIPKNOT,"[
  {
    ""CLIENT_DOMAIN"": ""Billboard"",
    ""GENRES"": [
      ""Hard Rock"",
      ""Rock""
    ],
    ""IS_APPROVED"": true,
    ""MAIN_GENRE"": ""Hard Rock""
  },
  {
    ""CLIENT_DOMAIN"": ""Luminate"",
    ""GENRES"": [
      ""Rock""
    ],
    ""MAIN_GENRE"": ""Rock""
  }
]",2019-08-09,2019-08-15,1,117573.66182637,101893
MRELGFAE6F0124F344943B92D0CC30AE2EF09,WE ARE NOT YOUR KIND,SLIPKNOT,"[
  {
    ""CLIENT_DOMAIN"": ""Billboard"",
    ""GENRES"": [
      ""Hard Rock"",
      ""Rock""
    ],
    ""IS_APPROVED"": true,
    ""MAIN_GENRE"": ""Hard Rock""
  },
  {
    ""CLIENT_DOMAIN"": ""Luminate"",
    ""GENRES"": [
      ""Rock""
    ],
    ""MAIN_GENRE"": ""Rock""
  }
]",2019-08-09,2019-08-22,2,27051.67649913,18802
MRELG5887118659E84E12BF42DF5543765072,WHEN I GET HOME,SOLANGE,"[
  {
    ""CLIENT_DOMAIN"": ""Billboard"",
    ""GENRES"": [
      ""R&B"",
      ""R&B/Hip-Hop""
    ],
    ""IS_APPROVED"": true,
    ""MAIN_GENRE"": ""R&B""
  },
  {
    ""CLIENT_DOMAIN"": ""Luminate"",
    ""GENRES"": [
      ""R&B/Hip-Hop""
    ],
    ""MAIN_GENRE"": ""R&B/Hip-Hop""
  }
]",2019-03-01,2019-03-07,1,44427.06984455,11006
MRELG5887118659E84E12BF42DF5543765072,WHEN I GET HOME,SOLANGE,"[
  {
    ""CLIENT_DOMAIN"": ""Billboard"",
    ""GENRES"": [
      ""R&B"",
      ""R&B/Hip-Hop""
    ],
    ""IS_APPROVED"": true,
    ""MAIN_GENRE"": ""R&B""
  },
  {
    ""CLIENT_DOMAIN"": ""Luminate"",
    ""GENRES"": [
      ""R&B/Hip-Hop""
    ],
    ""MAIN_GENRE"": ""R&B/Hip-Hop""
  }
]",2019-03-01,2019-03-14,2,12930.96379017,1318
MRELG910424E0DC294AEBA8A7B2ED27CAA709,ETERNAL BLUE,SPIRITBOX,"[
  {
    ""CLIENT_DOMAIN"": ""Luminate"",
    ""GENRES"": [
      ""Indie Rock"",
      ""Punk"",
      ""Rock"",
      ""R&B/Hip-Hop"",
      ""Metal""
    ],
    ""MAIN_GENRE"": ""Rock""
  },
  {
    ""CLIENT_DOMAIN"": ""Billboard"",
    ""GENRES"": [
      ""Rock"",
      ""Hard Rock""
    ],
    ""IS_APPROVED"": true,
    ""MAIN_GENRE"": ""Hard Rock""
  }
]",2021-09-17,2021-09-23,1,22546.48174622,19111
MRELG910424E0DC294AEBA8A7B2ED27CAA709,ETERNAL BLUE,SPIRITBOX,"[
  {
    ""CLIENT_DOMAIN"": ""Luminate"",
    ""GENRES"": [
      ""Indie Rock"",
      ""Punk"",
      ""Rock"",
      ""R&B/Hip-Hop"",
      ""Metal""
    ],
    ""MAIN_GENRE"": ""Rock""
  },
  {
    ""CLIENT_DOMAIN"": ""Billboard"",
    ""GENRES"": [
      ""Rock"",
      ""Hard Rock""
    ],
    ""IS_APPROVED"": true,
    ""MAIN_GENRE"": ""Hard Rock""
  }
]",2021-09-17,2021-09-30,2,4540.11924986,2604
MRELGEFBE39CF10904FC29AD9549AE2CC0BF8,Daddy's Home,ST. VINCENT,"[
  {
    ""CLIENT_DOMAIN"": ""Billboard"",
    ""GENRES"": [
      ""Alt. Rock"",
      ""Rock""
    ],
    ""IS_APPROVED"": true,
    ""MAIN_GENRE"": ""Alt. Rock""
  },
  {
    ""CLIENT_DOMAIN"": ""Luminate"",
    ""GENRES"": [
      ""Indie Rock"",
      ""Rock"",
      ""Alternative""
    ],
    ""MAIN_GENRE"": ""Rock""
  }
]",2021-05-14,2021-05-20,1,23553.19108453,20279
MRELGEFBE39CF10904FC29AD9549AE2CC0BF8,Daddy's Home,ST. VINCENT,"[
  {
    ""CLIENT_DOMAIN"": ""Billboard"",
    ""GENRES"": [
      ""Alt. Rock"",
      ""Rock""
    ],
    ""IS_APPROVED"": true,
    ""MAIN_GENRE"": ""Alt. Rock""
  },
  {
    ""CLIENT_DOMAIN"": ""Luminate"",
    ""GENRES"": [
      ""Indie Rock"",
      ""Rock"",
      ""Alternative""
    ],
    ""MAIN_GENRE"": ""Rock""
  }
]",2021-05-14,2021-05-27,2,6667.74109928,5453
MRELGA3B3D11E324240BAA10D6DE483895EBF,Traces,STEVE PERRY,"[
  {
    ""CLIENT_DOMAIN"": ""Luminate"",
    ""GENRES"": [
      ""Rock"",
      ""Electronica"",
      ""Pop""
    ],
    ""MAIN_GENRE"": ""Rock""
  },
  {
    ""CLIENT_DOMAIN"": ""Billboard"",
    ""GENRES"": [
      ""Rock""
    ],
    ""IS_APPROVED"": true,
    ""MAIN_GENRE"": ""Rock""
  }
]",2018-10-05,2018-10-11,1,72803.49136763,71706
MRELGA3B3D11E324240BAA10D6DE483895EBF,Traces,STEVE PERRY,"[
  {
    ""CLIENT_DOMAIN"": ""Luminate"",
    ""GENRES"": [
      ""Rock"",
      ""Electronica"",
      ""Pop""
    ],
    ""MAIN_GENRE"": ""Rock""
  },
  {
    ""CLIENT_DOMAIN"": ""Billboard"",
    ""GENRES"": [
      ""Rock""
    ],
    ""IS_APPROVED"": true,
    ""MAIN_GENRE"": ""Rock""
  }
]",2018-10-05,2018-10-18,2,15450.69062958,14944
MRELG68840647CBAA4060892119F9E40F3F90,PROPER DOSE,"STORY SO FAR, THE","[
  {
    ""CLIENT_DOMAIN"": ""Billboard"",
    ""GENRES"": [
      ""Rock"",
      ""Alt. Rock""
    ],
    ""IS_APPROVED"": true,
    ""MAIN_GENRE"": ""Alt. Rock""
  },
  {
    ""CLIENT_DOMAIN"": ""Luminate"",
    ""GENRES"": [
      ""Punk"",
      ""Rock""
    ],
    ""MAIN_GENRE"": ""Rock""
  }
]",2018-09-21,2018-09-27,1,23821.95697385,19883
MRELG68840647CBAA4060892119F9E40F3F90,PROPER DOSE,"STORY SO FAR, THE","[
  {
    ""CLIENT_DOMAIN"": ""Billboard"",
    ""GENRES"": [
      ""Rock"",
      ""Alt. Rock""
    ],
    ""IS_APPROVED"": true,
    ""MAIN_GENRE"": ""Alt. Rock""
  },
  {
    ""CLIENT_DOMAIN"": ""Luminate"",
    ""GENRES"": [
      ""Punk"",
      ""Rock""
    ],
    ""MAIN_GENRE"": ""Rock""
  }
]",2018-09-21,2018-10-04,2,3487.57840024,1715
MRELGD1C61950891D47A6B66AD0B6D75B5780,SOUND & FURY,STURGILL SIMPSON,"[
  {
    ""CLIENT_DOMAIN"": ""Luminate"",
    ""GENRES"": [
      ""Country & Folk"",
      ""Rock"",
      ""Alternative"",
      ""Country""
    ],
    ""MAIN_GENRE"": ""Country""
  },
  {
    ""CLIENT_DOMAIN"": ""Billboard"",
    ""GENRES"": [
      ""Rock"",
      ""Country""
    ],
    ""IS_APPROVED"": true,
    ""MAIN_GENRE"": ""Rock""
  }
]",2019-09-27,2019-10-03,1,32042.09276530,26288
MRELGD1C61950891D47A6B66AD0B6D75B5780,SOUND & FURY,STURGILL SIMPSON,"[
  {
    ""CLIENT_DOMAIN"": ""Luminate"",
    ""GENRES"": [
      ""Country & Folk"",
      ""Rock"",
      ""Alternative"",
      ""Country""
    ],
    ""MAIN_GENRE"": ""Country""
  },
  {
    ""CLIENT_DOMAIN"": ""Billboard"",
    ""GENRES"": [
      ""Rock"",
      ""Country""
    ],
    ""IS_APPROVED"": true,
    ""MAIN_GENRE"": ""Rock""
  }
]",2019-09-27,2019-10-10,2,11540.74316141,7746
MRELGE7E734BF157E4520980C8113BB09C5A6,APPLE MUSIC LIVE: SZA,SZA,"[
  {
    ""CLIENT_DOMAIN"": ""Luminate"",
    ""GENRES"": [
      ""R&B/Hip-Hop""
    ],
    ""MAIN_GENRE"": ""R&B/Hip-Hop""
  },
  {
    ""CLIENT_DOMAIN"": ""Billboard"",
    ""GENRES"": [
      ""R&B"",
      ""R&B/Hip-Hop""
    ],
    ""IS_APPROVED"": true,
    ""MAIN_GENRE"": ""R&B""
  }
]",2023-12-13,2023-12-14,1,41818.81251792,0
MRELGE7E734BF157E4520980C8113BB09C5A6,APPLE MUSIC LIVE: SZA,SZA,"[
  {
    ""CLIENT_DOMAIN"": ""Luminate"",
    ""GENRES"": [
      ""R&B/Hip-Hop""
    ],
    ""MAIN_GENRE"": ""R&B/Hip-Hop""
  },
  {
    ""CLIENT_DOMAIN"": ""Billboard"",
    ""GENRES"": [
      ""R&B"",
      ""R&B/Hip-Hop""
    ],
    ""IS_APPROVED"": true,
    ""MAIN_GENRE"": ""R&B""
  }
]",2023-12-13,2023-12-21,2,40530.15894874,0
MRELG3FE986AC22C74A10B30B2CF9F800F5D9,I HATE U,SZA,"[
  {
    ""CLIENT_DOMAIN"": ""Billboard"",
    ""GENRES"": [
      ""R&B"",
      ""R&B/Hip-Hop""
    ],
    ""IS_APPROVED"": true,
    ""MAIN_GENRE"": ""R&B""
  },
  {
    ""CLIENT_DOMAIN"": ""Luminate"",
    ""GENRES"": [
      ""R&B/Hip-Hop""
    ],
    ""MAIN_GENRE"": ""R&B/Hip-Hop""
  }
]",2021-12-03,2021-12-09,1,20383.39596487,31
MRELG3FE986AC22C74A10B30B2CF9F800F5D9,I HATE U,SZA,"[
  {
    ""CLIENT_DOMAIN"": ""Billboard"",
    ""GENRES"": [
      ""R&B"",
      ""R&B/Hip-Hop""
    ],
    ""IS_APPROVED"": true,
    ""MAIN_GENRE"": ""R&B""
  },
  {
    ""CLIENT_DOMAIN"": ""Luminate"",
    ""GENRES"": [
      ""R&B/Hip-Hop""
    ],
    ""MAIN_GENRE"": ""R&B/Hip-Hop""
  }
]",2021-12-03,2021-12-16,2,13192.32558554,19
MRELGC70934BAECA34541AFBC17D82E1287AF,KILL BILL,SZA,"[
  {
    ""CLIENT_DOMAIN"": ""Luminate"",
    ""GENRES"": [
      ""R&B/Hip-Hop""
    ],
    ""MAIN_GENRE"": ""R&B/Hip-Hop""
  },
  {
    ""CLIENT_DOMAIN"": ""Billboard"",
    ""GENRES"": [
      ""R&B"",
      ""R&B/Hip-Hop""
    ],
    ""IS_APPROVED"": true,
    ""MAIN_GENRE"": ""R&B""
  }
]",2023-01-13,2023-01-19,1,24025.17027868,97
MRELGC70934BAECA34541AFBC17D82E1287AF,KILL BILL,SZA,"[
  {
    ""CLIENT_DOMAIN"": ""Luminate"",
    ""GENRES"": [
      ""R&B/Hip-Hop""
    ],
    ""MAIN_GENRE"": ""R&B/Hip-Hop""
  },
  {
    ""CLIENT_DOMAIN"": ""Billboard"",
    ""GENRES"": [
      ""R&B"",
      ""R&B/Hip-Hop""
    ],
    ""IS_APPROVED"": true,
    ""MAIN_GENRE"": ""R&B""
  }
]",2023-01-13,2023-01-26,2,23418.35231888,11
MRELG5744E754874A41D29FA40EF4F07B0E28,SOS,SZA,"[
  {
    ""CLIENT_DOMAIN"": ""Billboard"",
    ""GENRES"": [
      ""R&B/Hip-Hop"",
      ""R&B""
    ],
    ""IS_APPROVED"": true,
    ""MAIN_GENRE"": ""R&B""
  },
  {
    ""CLIENT_DOMAIN"": ""Luminate"",
    ""GENRES"": [
      ""R&B/Hip-Hop"",
      ""Pop""
    ],
    ""MAIN_GENRE"": ""R&B/Hip-Hop""
  }
]",2022-12-09,2022-12-15,1,317709.58499697,7518
MRELG5744E754874A41D29FA40EF4F07B0E28,SOS,SZA,"[
  {
    ""CLIENT_DOMAIN"": ""Billboard"",
    ""GENRES"": [
      ""R&B/Hip-Hop"",
      ""R&B""
    ],
    ""IS_APPROVED"": true,
    ""MAIN_GENRE"": ""R&B""
  },
  {
    ""CLIENT_DOMAIN"": ""Luminate"",
    ""GENRES"": [
      ""R&B/Hip-Hop"",
      ""Pop""
    ],
    ""MAIN_GENRE"": ""R&B/Hip-Hop""
  }
]",2022-12-09,2022-12-22,2,180340.71479069,973
MRELGFA8D664A7E1C4A298FE1B91468D1AFD5,Man’s Best Friend,Sabrina Carpenter,"[
  {
    ""CLIENT_DOMAIN"": ""Luminate"",
    ""GENRES"": [
      ""Pop""
    ],
    ""MAIN_GENRE"": ""Pop""
  },
  {
    ""CLIENT_DOMAIN"": ""Billboard"",
    ""GENRES"": [
      ""Pop""
    ],
    ""IS_APPROVED"": true,
    ""MAIN_GENRE"": ""Pop""
  }
]",2025-08-29,2025-09-04,1,366072.31469041,224283
MRELGFA8D664A7E1C4A298FE1B91468D1AFD5,Man’s Best Friend,Sabrina Carpenter,"[
  {
    ""CLIENT_DOMAIN"": ""Luminate"",
    ""GENRES"": [
      ""Pop""
    ],
    ""MAIN_GENRE"": ""Pop""
  },
  {
    ""CLIENT_DOMAIN"": ""Billboard"",
    ""GENRES"": [
      ""Pop""
    ],
    ""IS_APPROVED"": true,
    ""MAIN_GENRE"": ""Pop""
  }
]",2025-08-29,2025-09-11,2,118752.60523884,26448
MRELGC08E588FCCF84AB88CE7B32A64189D8C,Please Please Please,Sabrina Carpenter,"[
  {
    ""CLIENT_DOMAIN"": ""Luminate"",
    ""GENRES"": [
      ""Pop""
    ],
    ""MAIN_GENRE"": ""Pop""
  },
  {
    ""CLIENT_DOMAIN"": ""Billboard"",
    ""GENRES"": [
      ""Pop""
    ],
    ""IS_APPROVED"": true,
    ""MAIN_GENRE"": ""Pop""
  }
]",2024-06-06,2024-06-13,1,65641.22545621,0
MRELGC08E588FCCF84AB88CE7B32A64189D8C,Please Please Please,Sabrina Carpenter,"[
  {
    ""CLIENT_DOMAIN"": ""Luminate"",
    ""GENRES"": [
      ""Pop""
    ],
    ""MAIN_GENRE"": ""Pop""
  },
  {
    ""CLIENT_DOMAIN"": ""Billboard"",
    ""GENRES"": [
      ""Pop""
    ],
    ""IS_APPROVED"": true,
    ""MAIN_GENRE"": ""Pop""
  }
]",2024-06-06,2024-06-20,2,63171.16724925,22
MRELGA0C90D8C7E2D4EF48A3402A588E475FF,Short n' Sweet,Sabrina Carpenter,"[
  {
    ""CLIENT_DOMAIN"": ""Luminate"",
    ""GENRES"": [
      ""Pop""
    ],
    ""MAIN_GENRE"": ""Pop""
  },
  {
    ""CLIENT_DOMAIN"": ""Billboard"",
    ""GENRES"": [
      ""Pop""
    ],
    ""IS_APPROVED"": true,
    ""MAIN_GENRE"": ""Pop""
  }
]",2024-08-22,2024-08-29,1,361420.96534493,184630
MRELGA0C90D8C7E2D4EF48A3402A588E475FF,Short n' Sweet,Sabrina Carpenter,"[
  {
    ""CLIENT_DOMAIN"": ""Luminate"",
    ""GENRES"": [
      ""Pop""
    ],
    ""MAIN_GENRE"": ""Pop""
  },
  {
    ""CLIENT_DOMAIN"": ""Billboard"",
    ""GENRES"": [
      ""Pop""
    ],
    ""IS_APPROVED"": true,
    ""MAIN_GENRE"": ""Pop""
  }
]",2024-08-22,2024-09-05,2,155471.97894782,28142
MRELG2A5D40F8359D4825B650CA5ECEA3084B,SOUTHSIDE,Sam Hunt,"[
  {
    ""CLIENT_DOMAIN"": ""Billboard"",
    ""GENRES"": [
      ""Country""
    ],
    ""IS_APPROVED"": true,
    ""MAIN_GENRE"": ""Country""
  },
  {
    ""CLIENT_DOMAIN"": ""Luminate"",
    ""GENRES"": [
      ""Arabic Pop"",
      ""Country""
    ],
    ""MAIN_GENRE"": ""Country""
  }
]",2020-04-03,2020-04-09,1,43069.11466264,15746
MRELG2A5D40F8359D4825B650CA5ECEA3084B,SOUTHSIDE,Sam Hunt,"[
  {
    ""CLIENT_DOMAIN"": ""Billboard"",
    ""GENRES"": [
      ""Country""
    ],
    ""IS_APPROVED"": true,
    ""MAIN_GENRE"": ""Country""
  },
  {
    ""CLIENT_DOMAIN"": ""Luminate"",
    ""GENRES"": [
      ""Arabic Pop"",
      ""Country""
    ],
    ""MAIN_GENRE"": ""Country""
  }
]",2020-04-03,2020-04-16,2,21085.49903911,3395
MRELG20296F2EFC754DDE81C3EBA975898DEB,Space Between,Sammy Hagar & The Circle,"[
  {
    ""CLIENT_DOMAIN"": ""Luminate"",
    ""GENRES"": [
      ""Euro Hip-Hop"",
      ""Rock"",
      ""Electronica""
    ],
    ""MAIN_GENRE"": ""Rock""
  },
  {
    ""CLIENT_DOMAIN"": ""Billboard"",
    ""GENRES"": [
      ""Rock"",
      ""Hard Rock""
    ],
    ""IS_APPROVED"": true,
    ""MAIN_GENRE"": ""Hard Rock""
  }
]",2019-05-10,2019-05-16,1,39865.06898101,39552
MRELG20296F2EFC754DDE81C3EBA975898DEB,Space Between,Sammy Hagar & The Circle,"[
  {
    ""CLIENT_DOMAIN"": ""Luminate"",
    ""GENRES"": [
      ""Euro Hip-Hop"",
      ""Rock"",
      ""Electronica""
    ],
    ""MAIN_GENRE"": ""Rock""
  },
  {
    ""CLIENT_DOMAIN"": ""Billboard"",
    ""GENRES"": [
      ""Rock"",
      ""Hard Rock""
    ],
    ""IS_APPROVED"": true,
    ""MAIN_GENRE"": ""Hard Rock""
  }
]",2019-05-10,2019-05-23,2,8168.41390979,8015
MRELGFFEC7191D3304121AC30521E5F64BEAE,BLUE LIPS,ScHoolboy Q,"[
  {
    ""CLIENT_DOMAIN"": ""Luminate"",
    ""GENRES"": [
      ""Rap"",
      ""R&B/Hip-Hop""
    ],
    ""MAIN_GENRE"": ""Rap""
  },
  {
    ""CLIENT_DOMAIN"": ""Billboard"",
    ""GENRES"": [
      ""R&B/Hip-Hop"",
      ""Rap""
    ],
    ""IS_APPROVED"": true,
    ""MAIN_GENRE"": ""Rap""
  }
]",2024-03-01,2024-03-07,1,34832.08524547,7677
MRELGFFEC7191D3304121AC30521E5F64BEAE,BLUE LIPS,ScHoolboy Q,"[
  {
    ""CLIENT_DOMAIN"": ""Luminate"",
    ""GENRES"": [
      ""Rap"",
      ""R&B/Hip-Hop""
    ],
    ""MAIN_GENRE"": ""Rap""
  },
  {
    ""CLIENT_DOMAIN"": ""Billboard"",
    ""GENRES"": [
      ""R&B/Hip-Hop"",
      ""Rap""
    ],
    ""IS_APPROVED"": true,
    ""MAIN_GENRE"": ""Rap""
  }
]",2024-03-01,2024-03-14,2,9861.88806591,734
MRELG3291321BB5364A8FA1FC23EACA437B21,Rare,Selena Gomez,"[
  {
    ""CLIENT_DOMAIN"": ""Luminate"",
    ""GENRES"": [
      ""Others"",
      ""Pop""
    ],
    ""MAIN_GENRE"": ""Pop""
  },
  {
    ""CLIENT_DOMAIN"": ""Billboard"",
    ""GENRES"": [
      ""Pop""
    ],
    ""IS_APPROVED"": true,
    ""MAIN_GENRE"": ""Pop""
  }
]",2020-01-10,2020-01-16,1,109556.39458163,51574
MRELG3291321BB5364A8FA1FC23EACA437B21,Rare,Selena Gomez,"[
  {
    ""CLIENT_DOMAIN"": ""Luminate"",
    ""GENRES"": [
      ""Others"",
      ""Pop""
    ],
    ""MAIN_GENRE"": ""Pop""
  },
  {
    ""CLIENT_DOMAIN"": ""Billboard"",
    ""GENRES"": [
      ""Pop""
    ],
    ""IS_APPROVED"": true,
    ""MAIN_GENRE"": ""Pop""
  }
]",2020-01-10,2020-01-23,2,38448.33925098,8206
MRELG4DB5964CB76E408B8117F3714A3FDF54,LAS MUJERES YA NO LLORAN (SAPPHIRE EDITI,Shakira,"[
  {
    ""CLIENT_DOMAIN"": ""Billboard"",
    ""GENRES"": [
      ""Latin"",
      ""Latin - Pop""
    ],
    ""IS_APPROVED"": true,
    ""MAIN_GENRE"": ""Latin - Pop""
  },
  {
    ""CLIENT_DOMAIN"": ""Luminate"",
    ""GENRES"": [
      ""Latin Pop"",
      ""Latin""
    ],
    ""MAIN_GENRE"": ""Latin Pop""
  }
]",2024-03-22,2024-03-28,1,34310.14518248,15569
MRELG4DB5964CB76E408B8117F3714A3FDF54,LAS MUJERES YA NO LLORAN (SAPPHIRE EDITI,Shakira,"[
  {
    ""CLIENT_DOMAIN"": ""Billboard"",
    ""GENRES"": [
      ""Latin"",
      ""Latin - Pop""
    ],
    ""IS_APPROVED"": true,
    ""MAIN_GENRE"": ""Latin - Pop""
  },
  {
    ""CLIENT_DOMAIN"": ""Luminate"",
    ""GENRES"": [
      ""Latin Pop"",
      ""Latin""
    ],
    ""MAIN_GENRE"": ""Latin Pop""
  }
]",2024-03-22,2024-04-04,2,16343.70012343,4352
MRELG43C0765C17994F479ABB0C01B6DAD456,Queen Of Me,Shania Twain,"[
  {
    ""CLIENT_DOMAIN"": ""Luminate"",
    ""GENRES"": [
      ""Country""
    ],
    ""MAIN_GENRE"": ""Country""
  },
  {
    ""CLIENT_DOMAIN"": ""Billboard"",
    ""GENRES"": [
      ""Country""
    ],
    ""IS_APPROVED"": true,
    ""MAIN_GENRE"": ""Country""
  }
]",2023-02-03,2023-02-09,1,35929.78497267,31993
MRELG43C0765C17994F479ABB0C01B6DAD456,Queen Of Me,Shania Twain,"[
  {
    ""CLIENT_DOMAIN"": ""Luminate"",
    ""GENRES"": [
      ""Country""
    ],
    ""MAIN_GENRE"": ""Country""
  },
  {
    ""CLIENT_DOMAIN"": ""Billboard"",
    ""GENRES"": [
      ""Country""
    ],
    ""IS_APPROVED"": true,
    ""MAIN_GENRE"": ""Country""
  }
]",2023-02-03,2023-02-16,2,8099.36094375,5859
MRELG8EBB42924C394B4890813BFB357AEFD5,Shawn,Shawn Mendes,"[
  {
    ""CLIENT_DOMAIN"": ""Billboard"",
    ""GENRES"": [
      ""Pop"",
      ""Folk""
    ],
    ""IS_APPROVED"": true,
    ""MAIN_GENRE"": ""Pop""
  },
  {
    ""CLIENT_DOMAIN"": ""Luminate"",
    ""GENRES"": [
      ""Folk"",
      ""Pop""
    ],
    ""MAIN_GENRE"": ""Pop""
  }
]",2024-11-15,2024-11-21,1,23695.32025746,13581
MRELG8EBB42924C394B4890813BFB357AEFD5,Shawn,Shawn Mendes,"[
  {
    ""CLIENT_DOMAIN"": ""Billboard"",
    ""GENRES"": [
      ""Pop"",
      ""Folk""
    ],
    ""IS_APPROVED"": true,
    ""MAIN_GENRE"": ""Pop""
  },
  {
    ""CLIENT_DOMAIN"": ""Luminate"",
    ""GENRES"": [
      ""Folk"",
      ""Pop""
    ],
    ""MAIN_GENRE"": ""Pop""
  }
]",2024-11-15,2024-11-28,2,6114.37052704,1641
MRELGDE4A6D251E7D4A3F87132445169BF45E,MUDBOY,Sheck Wes,"[
  {
    ""CLIENT_DOMAIN"": ""Luminate"",
    ""GENRES"": [
      ""Rap"",
      ""R&B/Hip-Hop""
    ],
    ""MAIN_GENRE"": ""Rap""
  },
  {
    ""CLIENT_DOMAIN"": ""Billboard"",
    ""GENRES"": [
      ""Rap"",
      ""R&B/Hip-Hop""
    ],
    ""IS_APPROVED"": true,
    ""MAIN_GENRE"": ""Rap""
  }
]",2018-10-05,2018-10-11,1,31973.93907696,7909
MRELGDE4A6D251E7D4A3F87132445169BF45E,MUDBOY,Sheck Wes,"[
  {
    ""CLIENT_DOMAIN"": ""Luminate"",
    ""GENRES"": [
      ""Rap"",
      ""R&B/Hip-Hop""
    ],
    ""MAIN_GENRE"": ""Rap""
  },
  {
    ""CLIENT_DOMAIN"": ""Billboard"",
    ""GENRES"": [
      ""Rap"",
      ""R&B/Hip-Hop""
    ],
    ""IS_APPROVED"": true,
    ""MAIN_GENRE"": ""Rap""
  }
]",2018-10-05,2018-10-18,2,18629.50343140,185
MRELGA5B32ED023AC4BE092D0DBA9F1AA2972,Mafia Bidness,Shoreline Mafia,"[
  {
    ""CLIENT_DOMAIN"": ""Billboard"",
    ""GENRES"": [
      ""Rap"",
      ""R&B/Hip-Hop""
    ],
    ""IS_APPROVED"": true,
    ""MAIN_GENRE"": ""Rap""
  },
  {
    ""CLIENT_DOMAIN"": ""Luminate"",
    ""GENRES"": [
      ""Rap"",
      ""R&B/Hip-Hop""
    ],
    ""MAIN_GENRE"": ""Rap""
  }
]",2020-07-30,2020-08-06,1,20203.97101576,1293
MRELGA5B32ED023AC4BE092D0DBA9F1AA2972,Mafia Bidness,Shoreline Mafia,"[
  {
    ""CLIENT_DOMAIN"": ""Billboard"",
    ""GENRES"": [
      ""Rap"",
      ""R&B/Hip-Hop""
    ],
    ""IS_APPROVED"": true,
    ""MAIN_GENRE"": ""Rap""
  },
  {
    ""CLIENT_DOMAIN"": ""Luminate"",
    ""GENRES"": [
      ""Rap"",
      ""R&B/Hip-Hop""
    ],
    ""MAIN_GENRE"": ""Rap""
  }
]",2020-07-30,2020-08-13,2,10160.27535087,97
MRELGAECC56E322D345AB973B5C33F95CF8EB,STOKELEY,Ski Mask The Slump God,"[
  {
    ""CLIENT_DOMAIN"": ""Luminate"",
    ""GENRES"": [
      ""Rap"",
      ""R&B/Hip-Hop""
    ],
    ""MAIN_GENRE"": ""Rap""
  },
  {
    ""CLIENT_DOMAIN"": ""Billboard"",
    ""GENRES"": [
      ""Rap"",
      ""R&B/Hip-Hop""
    ],
    ""IS_APPROVED"": true,
    ""MAIN_GENRE"": ""Rap""
  }
]",2018-11-30,2018-12-06,1,54585.39106282,5120
MRELGAECC56E322D345AB973B5C33F95CF8EB,STOKELEY,Ski Mask The Slump God,"[
  {
    ""CLIENT_DOMAIN"": ""Luminate"",
    ""GENRES"": [
      ""Rap"",
      ""R&B/Hip-Hop""
    ],
    ""MAIN_GENRE"": ""Rap""
  },
  {
    ""CLIENT_DOMAIN"": ""Billboard"",
    ""GENRES"": [
      ""Rap"",
      ""R&B/Hip-Hop""
    ],
    ""IS_APPROVED"": true,
    ""MAIN_GENRE"": ""Rap""
  }
]",2018-11-30,2018-12-13,2,28058.92391801,1023
MRELG0D80A1B6AE434CDE8392714B42F3CEC6,Living The Dream,Slash,"[
  {
    ""CLIENT_DOMAIN"": ""Luminate"",
    ""GENRES"": [
      ""Rock""
    ],
    ""MAIN_GENRE"": ""Rock""
  },
  {
    ""CLIENT_DOMAIN"": ""Billboard"",
    ""GENRES"": [
      ""Rock"",
      ""Hard Rock""
    ],
    ""IS_APPROVED"": true,
    ""MAIN_GENRE"": ""Hard Rock""
  }
]",2018-09-21,2018-09-27,1,19475.28701454,18536
MRELG0D80A1B6AE434CDE8392714B42F3CEC6,Living The Dream,Slash,"[
  {
    ""CLIENT_DOMAIN"": ""Luminate"",
    ""GENRES"": [
      ""Rock""
    ],
    ""MAIN_GENRE"": ""Rock""
  },
  {
    ""CLIENT_DOMAIN"": ""Billboard"",
    ""GENRES"": [
      ""Rock"",
      ""Hard Rock""
    ],
    ""IS_APPROVED"": true,
    ""MAIN_GENRE"": ""Hard Rock""
  }
]",2018-09-21,2018-10-04,2,4290.50086689,3817
MRELG0127247B105C48919F20B0F9FFC48579,Even In Arcadia,Sleep Token,"[
  {
    ""CLIENT_DOMAIN"": ""Luminate"",
    ""GENRES"": [
      ""Rock""
    ],
    ""MAIN_GENRE"": ""Rock""
  },
  {
    ""CLIENT_DOMAIN"": ""Billboard"",
    ""GENRES"": [
      ""Alt. Rock"",
      ""Rock"",
      ""Hard Rock""
    ],
    ""IS_APPROVED"": true,
    ""MAIN_GENRE"": ""Alt. Rock""
  }
]",2025-05-09,2025-05-15,1,126214.18780250,73626
MRELG0127247B105C48919F20B0F9FFC48579,Even In Arcadia,Sleep Token,"[
  {
    ""CLIENT_DOMAIN"": ""Luminate"",
    ""GENRES"": [
      ""Rock""
    ],
    ""MAIN_GENRE"": ""Rock""
  },
  {
    ""CLIENT_DOMAIN"": ""Billboard"",
    ""GENRES"": [
      ""Alt. Rock"",
      ""Rock"",
      ""Hard Rock""
    ],
    ""IS_APPROVED"": true,
    ""MAIN_GENRE"": ""Alt. Rock""
  }
]",2025-05-09,2025-05-22,2,37918.72218255,7869
MRELGABF1DFBF9748428E90D5A077614D89B6,Boy Meets World,Sleepy Hallow,"[
  {
    ""CLIENT_DOMAIN"": ""Luminate"",
    ""GENRES"": [
      ""Rap"",
      ""R&B/Hip-Hop""
    ],
    ""MAIN_GENRE"": ""Rap""
  },
  {
    ""CLIENT_DOMAIN"": ""Billboard"",
    ""GENRES"": [
      ""Rap"",
      ""R&B/Hip-Hop""
    ],
    ""IS_APPROVED"": true,
    ""MAIN_GENRE"": ""Rap""
  }
]",2023-09-15,2023-09-21,1,27770.57779982,74
MRELGABF1DFBF9748428E90D5A077614D89B6,Boy Meets World,Sleepy Hallow,"[
  {
    ""CLIENT_DOMAIN"": ""Luminate"",
    ""GENRES"": [
      ""Rap"",
      ""R&B/Hip-Hop""
    ],
    ""MAIN_GENRE"": ""Rap""
  },
  {
    ""CLIENT_DOMAIN"": ""Billboard"",
    ""GENRES"": [
      ""Rap"",
      ""R&B/Hip-Hop""
    ],
    ""IS_APPROVED"": true,
    ""MAIN_GENRE"": ""Rap""
  }
]",2023-09-15,2023-09-28,2,15877.44174683,23
MRELGC7E12218CCE44669A5AB6639CA0AE84F,SR3MM,Slim Jxmmi,"[
  {
    ""CLIENT_DOMAIN"": ""Luminate"",
    ""GENRES"": [
      ""Rap"",
      ""R&B/Hip-Hop""
    ],
    ""MAIN_GENRE"": ""Rap""
  },
  {
    ""CLIENT_DOMAIN"": ""Billboard"",
    ""GENRES"": [
      ""R&B/Hip-Hop"",
      ""Rap""
    ],
    ""IS_APPROVED"": true,
    ""MAIN_GENRE"": ""Rap""
  }
]",2018-05-04,2018-05-10,1,60220.68306157,0
MRELGC7E12218CCE44669A5AB6639CA0AE84F,SR3MM,Slim Jxmmi,"[
  {
    ""CLIENT_DOMAIN"": ""Luminate"",
    ""GENRES"": [
      ""Rap"",
      ""R&B/Hip-Hop""
    ],
    ""MAIN_GENRE"": ""Rap""
  },
  {
    ""CLIENT_DOMAIN"": ""Billboard"",
    ""GENRES"": [
      ""R&B/Hip-Hop"",
      ""Rap""
    ],
    ""IS_APPROVED"": true,
    ""MAIN_GENRE"": ""Rap""
  }
]",2018-05-04,2018-05-17,2,31759.70284895,0
MRELG6A11ACB82885462CA17AB5C6F997C30A,"The End, So Far",Slipknot,"[
  {
    ""CLIENT_DOMAIN"": ""Billboard"",
    ""GENRES"": [
      ""Hard Rock"",
      ""Rock""
    ],
    ""IS_APPROVED"": true,
    ""MAIN_GENRE"": ""Hard Rock""
  },
  {
    ""CLIENT_DOMAIN"": ""Luminate"",
    ""GENRES"": [
      ""Rock""
    ],
    ""MAIN_GENRE"": ""Rock""
  }
]",2022-09-30,2022-10-06,1,58016.72860290,50270
MRELG6A11ACB82885462CA17AB5C6F997C30A,"The End, So Far",Slipknot,"[
  {
    ""CLIENT_DOMAIN"": ""Billboard"",
    ""GENRES"": [
      ""Hard Rock"",
      ""Rock""
    ],
    ""IS_APPROVED"": true,
    ""MAIN_GENRE"": ""Hard Rock""
  },
  {
    ""CLIENT_DOMAIN"": ""Luminate"",
    ""GENRES"": [
      ""Rock""
    ],
    ""MAIN_GENRE"": ""Rock""
  }
]",2022-09-30,2022-10-13,2,11695.28830291,8470
MRELG0F476C3D623B4700BB3C91622BDECE1E,Missionary,"Snoop Dogg, Dr. Dre","[
  {
    ""CLIENT_DOMAIN"": ""Billboard"",
    ""GENRES"": [
      ""Rap"",
      ""R&B/Hip-Hop""
    ],
    ""IS_APPROVED"": true,
    ""MAIN_GENRE"": ""Rap""
  },
  {
    ""CLIENT_DOMAIN"": ""Luminate"",
    ""GENRES"": [
      ""R&B/Hip-Hop"",
      ""Rap""
    ],
    ""MAIN_GENRE"": ""R&B/Hip-Hop""
  }
]",2024-12-13,2024-12-19,1,37674.60554789,20582
MRELG0F476C3D623B4700BB3C91622BDECE1E,Missionary,"Snoop Dogg, Dr. Dre","[
  {
    ""CLIENT_DOMAIN"": ""Billboard"",
    ""GENRES"": [
      ""Rap"",
      ""R&B/Hip-Hop""
    ],
    ""IS_APPROVED"": true,
    ""MAIN_GENRE"": ""Rap""
  },
  {
    ""CLIENT_DOMAIN"": ""Luminate"",
    ""GENRES"": [
      ""R&B/Hip-Hop"",
      ""Rap""
    ],
    ""MAIN_GENRE"": ""R&B/Hip-Hop""
  }
]",2024-12-13,2024-12-26,2,19162.44699834,12183
MRELG31E68C16FCD14665989C4CEF5528A382,BOYFRIEND,"Social House, Ariana Grande","[
  {
    ""CLIENT_DOMAIN"": ""Billboard"",
    ""GENRES"": [
      ""Pop""
    ],
    ""IS_APPROVED"": true,
    ""MAIN_GENRE"": ""Pop""
  },
  {
    ""CLIENT_DOMAIN"": ""Luminate"",
    ""GENRES"": [
      ""Pop""
    ],
    ""MAIN_GENRE"": ""Pop""
  }
]",2019-08-02,2019-08-08,1,21362.15504656,149
MRELG31E68C16FCD14665989C4CEF5528A382,BOYFRIEND,"Social House, Ariana Grande","[
  {
    ""CLIENT_DOMAIN"": ""Billboard"",
    ""GENRES"": [
      ""Pop""
    ],
    ""IS_APPROVED"": true,
    ""MAIN_GENRE"": ""Pop""
  },
  {
    ""CLIENT_DOMAIN"": ""Luminate"",
    ""GENRES"": [
      ""Pop""
    ],
    ""MAIN_GENRE"": ""Pop""
  }
]",2019-08-02,2019-08-15,2,10959.38360181,50
MRELGD72D4393E7A848A3B7056C8A272E63B5,Tsunami Sea,Spiritbox,"[
  {
    ""CLIENT_DOMAIN"": ""Billboard"",
    ""GENRES"": [
      ""Rock"",
      ""Hard Rock""
    ],
    ""IS_APPROVED"": true,
    ""MAIN_GENRE"": ""Hard Rock""
  },
  {
    ""CLIENT_DOMAIN"": ""Luminate"",
    ""GENRES"": [
      ""Rock""
    ],
    ""MAIN_GENRE"": ""Rock""
  }
]",2025-03-07,2025-03-13,1,22274.14165730,16360
MRELGD72D4393E7A848A3B7056C8A272E63B5,Tsunami Sea,Spiritbox,"[
  {
    ""CLIENT_DOMAIN"": ""Billboard"",
    ""GENRES"": [
      ""Rock"",
      ""Hard Rock""
    ],
    ""IS_APPROVED"": true,
    ""MAIN_GENRE"": ""Hard Rock""
  },
  {
    ""CLIENT_DOMAIN"": ""Luminate"",
    ""GENRES"": [
      ""Rock""
    ],
    ""MAIN_GENRE"": ""Rock""
  }
]",2025-03-07,2025-03-20,2,9327.88525843,6471
MRELG73FE8677A2BF4FF3BE34D90E1C95E732,Springtime,Springtime,"[
  {
    ""CLIENT_DOMAIN"": ""Billboard"",
    ""GENRES"": [
      ""Alt. Rock"",
      ""Rock""
    ],
    ""IS_APPROVED"": true,
    ""MAIN_GENRE"": ""Alt. Rock""
  },
  {
    ""CLIENT_DOMAIN"": ""Luminate"",
    ""GENRES"": [
      ""Indie Rock"",
      ""Rock""
    ],
    ""MAIN_GENRE"": ""Rock""
  }
]",2021-10-01,2021-10-07,1,11726.15244037,3
MRELG73FE8677A2BF4FF3BE34D90E1C95E732,Springtime,Springtime,"[
  {
    ""CLIENT_DOMAIN"": ""Billboard"",
    ""GENRES"": [
      ""Alt. Rock"",
      ""Rock""
    ],
    ""IS_APPROVED"": true,
    ""MAIN_GENRE"": ""Alt. Rock""
  },
  {
    ""CLIENT_DOMAIN"": ""Luminate"",
    ""GENRES"": [
      ""Indie Rock"",
      ""Rock""
    ],
    ""MAIN_GENRE"": ""Rock""
  }
]",2021-10-01,2021-10-14,2,11831.99923044,0
MRELG20E8A2672D4645309AA36C948BD1BD44,Confessions Of The Fallen,Staind,"[
  {
    ""CLIENT_DOMAIN"": ""Billboard"",
    ""GENRES"": [
      ""Hard Rock"",
      ""Alt. Rock"",
      ""Rock""
    ],
    ""IS_APPROVED"": true,
    ""MAIN_GENRE"": ""Alt. Rock""
  },
  {
    ""CLIENT_DOMAIN"": ""Luminate"",
    ""GENRES"": [
      ""Rock""
    ],
    ""MAIN_GENRE"": ""Rock""
  }
]",2023-09-22,2023-09-28,1,13433.92117438,11262
MRELG20E8A2672D4645309AA36C948BD1BD44,Confessions Of The Fallen,Staind,"[
  {
    ""CLIENT_DOMAIN"": ""Billboard"",
    ""GENRES"": [
      ""Hard Rock"",
      ""Alt. Rock"",
      ""Rock""
    ],
    ""IS_APPROVED"": true,
    ""MAIN_GENRE"": ""Alt. Rock""
  },
  {
    ""CLIENT_DOMAIN"": ""Luminate"",
    ""GENRES"": [
      ""Rock""
    ],
    ""MAIN_GENRE"": ""Rock""
  }
]",2023-09-22,2023-10-05,2,3161.43556972,1880
MRELGE15FFE207FF94127AF159ED81E06EC07,The Season,Steve Perry,"[
  {
    ""CLIENT_DOMAIN"": ""Billboard"",
    ""GENRES"": [
      ""Holiday/Seasonal"",
      ""Pop""
    ],
    ""IS_APPROVED"": true,
    ""MAIN_GENRE"": ""Holiday/Seasonal""
  },
  {
    ""CLIENT_DOMAIN"": ""Luminate"",
    ""GENRES"": [
      ""Rock"",
      ""Holiday/Seasonal"",
      ""Pop""
    ],
    ""MAIN_GENRE"": ""Holiday/Seasonal""
  }
]",2021-11-05,2021-11-11,1,10866.57044218,10810
MRELGE15FFE207FF94127AF159ED81E06EC07,The Season,Steve Perry,"[
  {
    ""CLIENT_DOMAIN"": ""Billboard"",
    ""GENRES"": [
      ""Holiday/Seasonal"",
      ""Pop""
    ],
    ""IS_APPROVED"": true,
    ""MAIN_GENRE"": ""Holiday/Seasonal""
  },
  {
    ""CLIENT_DOMAIN"": ""Luminate"",
    ""GENRES"": [
      ""Rock"",
      ""Holiday/Seasonal"",
      ""Pop""
    ],
    ""MAIN_GENRE"": ""Holiday/Seasonal""
  }
]",2021-11-05,2021-11-18,2,3085.90779369,3036
MRELG3D328C4DE38F4C209A4B30837A71761E,40,Stray Cats,"[
  {
    ""CLIENT_DOMAIN"": ""Billboard"",
    ""GENRES"": [
      ""Rock""
    ],
    ""IS_APPROVED"": true,
    ""MAIN_GENRE"": ""Rock""
  },
  {
    ""CLIENT_DOMAIN"": ""Luminate"",
    ""GENRES"": [
      ""Latin"",
      ""Rock"",
      ""Alternative""
    ],
    ""MAIN_GENRE"": ""Rock""
  }
]",2019-05-24,2019-05-30,1,8781.51791456,8657
MRELG3D328C4DE38F4C209A4B30837A71761E,40,Stray Cats,"[
  {
    ""CLIENT_DOMAIN"": ""Billboard"",
    ""GENRES"": [
      ""Rock""
    ],
    ""IS_APPROVED"": true,
    ""MAIN_GENRE"": ""Rock""
  },
  {
    ""CLIENT_DOMAIN"": ""Luminate"",
    ""GENRES"": [
      ""Latin"",
      ""Rock"",
      ""Alternative""
    ],
    ""MAIN_GENRE"": ""Rock""
  }
]",2019-05-24,2019-06-06,2,1658.15522021,1607
MRELG3E21A017D4D340C59AD4063D183AED97,5-Star,Stray Kids,"[
  {
    ""CLIENT_DOMAIN"": ""Billboard"",
    ""GENRES"": [
      ""K-Pop"",
      ""World Music""
    ],
    ""IS_APPROVED"": true,
    ""MAIN_GENRE"": ""K-Pop""
  },
  {
    ""CLIENT_DOMAIN"": ""Luminate"",
    ""GENRES"": [
      ""Rap"",
      ""K-Pop""
    ],
    ""MAIN_GENRE"": ""K-Pop""
  }
]",2023-06-02,2023-06-08,1,238104.88888900,223961
MRELG3E21A017D4D340C59AD4063D183AED97,5-Star,Stray Kids,"[
  {
    ""CLIENT_DOMAIN"": ""Billboard"",
    ""GENRES"": [
      ""K-Pop"",
      ""World Music""
    ],
    ""IS_APPROVED"": true,
    ""MAIN_GENRE"": ""K-Pop""
  },
  {
    ""CLIENT_DOMAIN"": ""Luminate"",
    ""GENRES"": [
      ""Rap"",
      ""K-Pop""
    ],
    ""MAIN_GENRE"": ""K-Pop""
  }
]",2023-06-02,2023-06-15,2,52544.10269434,45754
MRELG1E414984CFFE49DB915F9A2BBF59B954,DO IT,Stray Kids,"[
  {
    ""CLIENT_DOMAIN"": ""Luminate"",
    ""GENRES"": [
      ""K-Pop""
    ],
    ""MAIN_GENRE"": ""K-Pop""
  },
  {
    ""CLIENT_DOMAIN"": ""Billboard"",
    ""GENRES"": [
      ""K-Pop"",
      ""World Music""
    ],
    ""IS_APPROVED"": true,
    ""MAIN_GENRE"": ""K-Pop""
  }
]",2025-11-21,2025-11-27,1,294744.39586359,285423
MRELG1E414984CFFE49DB915F9A2BBF59B954,DO IT,Stray Kids,"[
  {
    ""CLIENT_DOMAIN"": ""Luminate"",
    ""GENRES"": [
      ""K-Pop""
    ],
    ""MAIN_GENRE"": ""K-Pop""
  },
  {
    ""CLIENT_DOMAIN"": ""Billboard"",
    ""GENRES"": [
      ""K-Pop"",
      ""World Music""
    ],
    ""IS_APPROVED"": true,
    ""MAIN_GENRE"": ""K-Pop""
  }
]",2025-11-21,2025-12-04,2,63875.30256934,59795
MRELG0EEF3541CF5D4CC7836549EC0B8BC3B8,HOP,Stray Kids,"[
  {
    ""CLIENT_DOMAIN"": ""Luminate"",
    ""GENRES"": [
      ""Rap"",
      ""K-Pop""
    ],
    ""MAIN_GENRE"": ""K-Pop""
  },
  {
    ""CLIENT_DOMAIN"": ""Billboard"",
    ""GENRES"": [
      ""K-Pop"",
      ""World Music""
    ],
    ""IS_APPROVED"": true,
    ""MAIN_GENRE"": ""K-Pop""
  }
]",2024-12-13,2024-12-19,1,183467.94176200,172782
MRELG0EEF3541CF5D4CC7836549EC0B8BC3B8,HOP,Stray Kids,"[
  {
    ""CLIENT_DOMAIN"": ""Luminate"",
    ""GENRES"": [
      ""Rap"",
      ""K-Pop""
    ],
    ""MAIN_GENRE"": ""K-Pop""
  },
  {
    ""CLIENT_DOMAIN"": ""Billboard"",
    ""GENRES"": [
      ""K-Pop"",
      ""World Music""
    ],
    ""IS_APPROVED"": true,
    ""MAIN_GENRE"": ""K-Pop""
  }
]",2024-12-13,2024-12-26,2,54683.68869902,49701
MRELGF923B6F86E2840619AA062A52874BF65,Karma,Stray Kids,"[
  {
    ""CLIENT_DOMAIN"": ""Billboard"",
    ""GENRES"": [
      ""World Music"",
      ""K-Pop""
    ],
    ""IS_APPROVED"": true,
    ""MAIN_GENRE"": ""K-Pop""
  },
  {
    ""CLIENT_DOMAIN"": ""Luminate"",
    ""GENRES"": [
      ""Rap"",
      ""K-Pop""
    ],
    ""MAIN_GENRE"": ""K-Pop""
  }
]",2025-08-22,2025-08-28,1,312629.88330311,296270
MRELGF923B6F86E2840619AA062A52874BF65,Karma,Stray Kids,"[
  {
    ""CLIENT_DOMAIN"": ""Billboard"",
    ""GENRES"": [
      ""World Music"",
      ""K-Pop""
    ],
    ""IS_APPROVED"": true,
    ""MAIN_GENRE"": ""K-Pop""
  },
  {
    ""CLIENT_DOMAIN"": ""Luminate"",
    ""GENRES"": [
      ""Rap"",
      ""K-Pop""
    ],
    ""MAIN_GENRE"": ""K-Pop""
  }
]",2025-08-22,2025-09-04,2,62325.02236932,54677
MRELGC9A43DEEE45D482B8F73F58B44631CF9,Maxident,Stray Kids,"[
  {
    ""CLIENT_DOMAIN"": ""Luminate"",
    ""GENRES"": [
      ""Rap"",
      ""K-Pop""
    ],
    ""MAIN_GENRE"": ""K-Pop""
  },
  {
    ""CLIENT_DOMAIN"": ""Billboard"",
    ""GENRES"": [
      ""World Music"",
      ""K-Pop""
    ],
    ""IS_APPROVED"": true,
    ""MAIN_GENRE"": ""K-Pop""
  }
]",2022-10-06,2022-10-13,1,117635.69577753,110266
MRELGC9A43DEEE45D482B8F73F58B44631CF9,Maxident,Stray Kids,"[
  {
    ""CLIENT_DOMAIN"": ""Luminate"",
    ""GENRES"": [
      ""Rap"",
      ""K-Pop""
    ],
    ""MAIN_GENRE"": ""K-Pop""
  },
  {
    ""CLIENT_DOMAIN"": ""Billboard"",
    ""GENRES"": [
      ""World Music"",
      ""K-Pop""
    ],
    ""IS_APPROVED"": true,
    ""MAIN_GENRE"": ""K-Pop""
  }
]",2022-10-06,2022-10-20,2,28238.68493584,24585
MRELG2DFB058CDCE14A958177F00CD5DCE20C,ODDINARY,Stray Kids,"[
  {
    ""CLIENT_DOMAIN"": ""Billboard"",
    ""GENRES"": [
      ""World Music"",
      ""K-Pop""
    ],
    ""IS_APPROVED"": true,
    ""MAIN_GENRE"": ""K-Pop""
  },
  {
    ""CLIENT_DOMAIN"": ""Luminate"",
    ""GENRES"": [
      ""Rap"",
      ""K-Pop""
    ],
    ""MAIN_GENRE"": ""K-Pop""
  }
]",2022-03-17,2022-03-24,1,85779.23071803,78803
MRELG2DFB058CDCE14A958177F00CD5DCE20C,ODDINARY,Stray Kids,"[
  {
    ""CLIENT_DOMAIN"": ""Billboard"",
    ""GENRES"": [
      ""World Music"",
      ""K-Pop""
    ],
    ""IS_APPROVED"": true,
    ""MAIN_GENRE"": ""K-Pop""
  },
  {
    ""CLIENT_DOMAIN"": ""Luminate"",
    ""GENRES"": [
      ""Rap"",
      ""K-Pop""
    ],
    ""MAIN_GENRE"": ""K-Pop""
  }
]",2022-03-17,2022-03-31,2,25211.50606814,21377
MRELGA6CC0DBD145D4754A6EA2AF27AF70038,Cuttin' Grass - Vol. 1 (Butcher Shoppe Sessions),Sturgill Simpson,"[
  {
    ""CLIENT_DOMAIN"": ""Luminate"",
    ""GENRES"": [
      ""Country & Folk"",
      ""Country"",
      ""Folk"",
      ""Bluegrass""
    ],
    ""MAIN_GENRE"": ""Bluegrass""
  },
  {
    ""CLIENT_DOMAIN"": ""Billboard"",
    ""GENRES"": [
      ""Country"",
      ""Bluegrass"",
      ""Folk""
    ],
    ""IS_APPROVED"": true,
    ""MAIN_GENRE"": ""Bluegrass""
  }
]",2020-10-16,2020-10-22,1,21650.42540284,10148
MRELGA6CC0DBD145D4754A6EA2AF27AF70038,Cuttin' Grass - Vol. 1 (Butcher Shoppe Sessions),Sturgill Simpson,"[
  {
    ""CLIENT_DOMAIN"": ""Luminate"",
    ""GENRES"": [
      ""Country & Folk"",
      ""Country"",
      ""Folk"",
      ""Bluegrass""
    ],
    ""MAIN_GENRE"": ""Bluegrass""
  },
  {
    ""CLIENT_DOMAIN"": ""Billboard"",
    ""GENRES"": [
      ""Country"",
      ""Bluegrass"",
      ""Folk""
    ],
    ""IS_APPROVED"": true,
    ""MAIN_GENRE"": ""Bluegrass""
  }
]",2020-10-16,2020-10-29,2,6307.24448360,1355
MRELGB9806F3A3C2C4AFA89F327D5513E6195,Bigger,Sugarland,"[
  {
    ""CLIENT_DOMAIN"": ""Luminate"",
    ""GENRES"": [
      ""Country""
    ],
    ""MAIN_GENRE"": ""Country""
  },
  {
    ""CLIENT_DOMAIN"": ""Billboard"",
    ""GENRES"": [
      ""Country""
    ],
    ""IS_APPROVED"": true,
    ""MAIN_GENRE"": ""Country""
  }
]",2018-06-08,2018-06-14,1,30279.99636984,26144
MRELGB9806F3A3C2C4AFA89F327D5513E6195,Bigger,Sugarland,"[
  {
    ""CLIENT_DOMAIN"": ""Luminate"",
    ""GENRES"": [
      ""Country""
    ],
    ""MAIN_GENRE"": ""Country""
  },
  {
    ""CLIENT_DOMAIN"": ""Billboard"",
    ""GENRES"": [
      ""Country""
    ],
    ""IS_APPROVED"": true,
    ""MAIN_GENRE"": ""Country""
  }
]",2018-06-08,2018-06-21,2,8058.76490573,4945
MRELGE50F15AB4BDA4543B738F1F7E4510939,CLEAR 2: SOFT LIFE EP,Summer Walker,"[
  {
    ""CLIENT_DOMAIN"": ""Luminate"",
    ""GENRES"": [
      ""R&B/Hip-Hop""
    ],
    ""MAIN_GENRE"": ""R&B/Hip-Hop""
  },
  {
    ""CLIENT_DOMAIN"": ""Billboard"",
    ""GENRES"": [
      ""R&B"",
      ""R&B/Hip-Hop""
    ],
    ""IS_APPROVED"": true,
    ""MAIN_GENRE"": ""R&B""
  }
]",2023-05-19,2023-05-25,1,20791.80834867,1837
MRELGE50F15AB4BDA4543B738F1F7E4510939,CLEAR 2: SOFT LIFE EP,Summer Walker,"[
  {
    ""CLIENT_DOMAIN"": ""Luminate"",
    ""GENRES"": [
      ""R&B/Hip-Hop""
    ],
    ""MAIN_GENRE"": ""R&B/Hip-Hop""
  },
  {
    ""CLIENT_DOMAIN"": ""Billboard"",
    ""GENRES"": [
      ""R&B"",
      ""R&B/Hip-Hop""
    ],
    ""IS_APPROVED"": true,
    ""MAIN_GENRE"": ""R&B""
  }
]",2023-05-19,2023-06-01,2,9107.01805906,17
MRELGEFE1D7501738421B9A214B7EDFD2B598,Finally Over It,Summer Walker,"[
  {
    ""CLIENT_DOMAIN"": ""Billboard"",
    ""GENRES"": [
      ""R&B"",
      ""R&B/Hip-Hop""
    ],
    ""IS_APPROVED"": true,
    ""MAIN_GENRE"": ""R&B""
  },
  {
    ""CLIENT_DOMAIN"": ""Luminate"",
    ""GENRES"": [
      ""R&B/Hip-Hop""
    ],
    ""MAIN_GENRE"": ""R&B/Hip-Hop""
  }
]",2025-11-13,2025-11-20,1,77873.46729464,7659
MRELGEFE1D7501738421B9A214B7EDFD2B598,Finally Over It,Summer Walker,"[
  {
    ""CLIENT_DOMAIN"": ""Billboard"",
    ""GENRES"": [
      ""R&B"",
      ""R&B/Hip-Hop""
    ],
    ""IS_APPROVED"": true,
    ""MAIN_GENRE"": ""R&B""
  },
  {
    ""CLIENT_DOMAIN"": ""Luminate"",
    ""GENRES"": [
      ""R&B/Hip-Hop""
    ],
    ""MAIN_GENRE"": ""R&B/Hip-Hop""
  }
]",2025-11-13,2025-11-27,2,36993.57451763,1886
MRELG3E8AD6940A774BCF8FBBA61BD456F642,Life On Earth - EP,Summer Walker,"[
  {
    ""CLIENT_DOMAIN"": ""Billboard"",
    ""GENRES"": [
      ""R&B"",
      ""R&B/Hip-Hop""
    ],
    ""IS_APPROVED"": true,
    ""MAIN_GENRE"": ""R&B""
  },
  {
    ""CLIENT_DOMAIN"": ""Luminate"",
    ""GENRES"": [
      ""R&B/Hip-Hop""
    ],
    ""MAIN_GENRE"": ""R&B/Hip-Hop""
  }
]",2020-07-10,2020-07-16,1,24681.07123699,3130
MRELG3E8AD6940A774BCF8FBBA61BD456F642,Life On Earth - EP,Summer Walker,"[
  {
    ""CLIENT_DOMAIN"": ""Billboard"",
    ""GENRES"": [
      ""R&B"",
      ""R&B/Hip-Hop""
    ],
    ""IS_APPROVED"": true,
    ""MAIN_GENRE"": ""R&B""
  },
  {
    ""CLIENT_DOMAIN"": ""Luminate"",
    ""GENRES"": [
      ""R&B/Hip-Hop""
    ],
    ""MAIN_GENRE"": ""R&B/Hip-Hop""
  }
]",2020-07-10,2020-07-23,2,8934.53579040,244
MRELGEFE448F5E4774E749D7D511D3689CCF7,Over It,Summer Walker,"[
  {
    ""CLIENT_DOMAIN"": ""Luminate"",
    ""GENRES"": [
      ""R&B/Hip-Hop""
    ],
    ""MAIN_GENRE"": ""R&B/Hip-Hop""
  },
  {
    ""CLIENT_DOMAIN"": ""Billboard"",
    ""GENRES"": [
      ""R&B"",
      ""R&B/Hip-Hop""
    ],
    ""IS_APPROVED"": true,
    ""MAIN_GENRE"": ""R&B""
  }
]",2019-10-04,2019-10-10,1,142075.93326873,14054
MRELGEFE448F5E4774E749D7D511D3689CCF7,Over It,Summer Walker,"[
  {
    ""CLIENT_DOMAIN"": ""Luminate"",
    ""GENRES"": [
      ""R&B/Hip-Hop""
    ],
    ""MAIN_GENRE"": ""R&B/Hip-Hop""
  },
  {
    ""CLIENT_DOMAIN"": ""Billboard"",
    ""GENRES"": [
      ""R&B"",
      ""R&B/Hip-Hop""
    ],
    ""IS_APPROVED"": true,
    ""MAIN_GENRE"": ""R&B""
  }
]",2019-10-04,2019-10-17,2,82068.97487226,1878
MRELG9253ADD3D76840FBA4264AC509E14256,Still Over It,Summer Walker,"[
  {
    ""CLIENT_DOMAIN"": ""Luminate"",
    ""GENRES"": [
      ""R&B/Hip-Hop""
    ],
    ""MAIN_GENRE"": ""R&B/Hip-Hop""
  },
  {
    ""CLIENT_DOMAIN"": ""Billboard"",
    ""GENRES"": [
      ""R&B"",
      ""R&B/Hip-Hop""
    ],
    ""IS_APPROVED"": true,
    ""MAIN_GENRE"": ""R&B""
  }
]",2021-11-05,2021-11-11,1,165193.74061878,10551
MRELG9253ADD3D76840FBA4264AC509E14256,Still Over It,Summer Walker,"[
  {
    ""CLIENT_DOMAIN"": ""Luminate"",
    ""GENRES"": [
      ""R&B/Hip-Hop""
    ],
    ""MAIN_GENRE"": ""R&B/Hip-Hop""
  },
  {
    ""CLIENT_DOMAIN"": ""Billboard"",
    ""GENRES"": [
      ""R&B"",
      ""R&B/Hip-Hop""
    ],
    ""IS_APPROVED"": true,
    ""MAIN_GENRE"": ""R&B""
  }
]",2021-11-05,2021-11-18,2,63323.40740416,1465
MRELG586E753EA336450387F5D3EBF68615FB,Super One -The 1st Album,SuperM,"[
  {
    ""CLIENT_DOMAIN"": ""Billboard"",
    ""GENRES"": [
      ""K-Pop"",
      ""World Music""
    ],
    ""IS_APPROVED"": true,
    ""MAIN_GENRE"": ""K-Pop""
  },
  {
    ""CLIENT_DOMAIN"": ""Luminate"",
    ""GENRES"": [
      ""K-Pop""
    ],
    ""MAIN_GENRE"": ""K-Pop""
  }
]",2020-09-25,2020-10-01,1,43217.48567690,39658
MRELG586E753EA336450387F5D3EBF68615FB,Super One -The 1st Album,SuperM,"[
  {
    ""CLIENT_DOMAIN"": ""Billboard"",
    ""GENRES"": [
      ""K-Pop"",
      ""World Music""
    ],
    ""IS_APPROVED"": true,
    ""MAIN_GENRE"": ""K-Pop""
  },
  {
    ""CLIENT_DOMAIN"": ""Luminate"",
    ""GENRES"": [
      ""K-Pop""
    ],
    ""MAIN_GENRE"": ""K-Pop""
  }
]",2020-09-25,2020-10-08,2,4397.40476270,2668
MRELG07478159F71A4BADACE5C4932739C5C1,SuperM: The 1st Mini Album,SuperM,"[
  {
    ""CLIENT_DOMAIN"": ""Billboard"",
    ""GENRES"": [
      ""K-Pop"",
      ""Pop"",
      ""World Music""
    ],
    ""IS_APPROVED"": true,
    ""MAIN_GENRE"": ""K-Pop""
  },
  {
    ""CLIENT_DOMAIN"": ""Luminate"",
    ""GENRES"": [
      ""K-Pop"",
      ""Dance & House"",
      ""Pop""
    ],
    ""MAIN_GENRE"": ""K-Pop""
  }
]",2019-10-04,2019-10-10,1,53300.76439280,48207
MRELG07478159F71A4BADACE5C4932739C5C1,SuperM: The 1st Mini Album,SuperM,"[
  {
    ""CLIENT_DOMAIN"": ""Billboard"",
    ""GENRES"": [
      ""K-Pop"",
      ""Pop"",
      ""World Music""
    ],
    ""IS_APPROVED"": true,
    ""MAIN_GENRE"": ""K-Pop""
  },
  {
    ""CLIENT_DOMAIN"": ""Luminate"",
    ""GENRES"": [
      ""K-Pop"",
      ""Dance & House"",
      ""Pop""
    ],
    ""MAIN_GENRE"": ""K-Pop""
  }
]",2019-10-04,2019-10-17,2,3366.83336444,1082
MRELG25BFCC420F654291807A8CAAB9F60487,CARDIGAN,TAYLOR SWIFT,"[
  {
    ""CLIENT_DOMAIN"": ""Luminate"",
    ""GENRES"": [
      ""Rock"",
      ""Country"",
      ""Pop""
    ],
    ""MAIN_GENRE"": ""Pop""
  },
  {
    ""CLIENT_DOMAIN"": ""Billboard"",
    ""GENRES"": [
      ""Pop"",
      ""Alt. Rock""
    ],
    ""IS_APPROVED"": true,
    ""MAIN_GENRE"": ""Pop""
  }
]",2020-07-30,2020-08-06,1,13119.84471004,225
MRELG25BFCC420F654291807A8CAAB9F60487,CARDIGAN,TAYLOR SWIFT,"[
  {
    ""CLIENT_DOMAIN"": ""Luminate"",
    ""GENRES"": [
      ""Rock"",
      ""Country"",
      ""Pop""
    ],
    ""MAIN_GENRE"": ""Pop""
  },
  {
    ""CLIENT_DOMAIN"": ""Billboard"",
    ""GENRES"": [
      ""Pop"",
      ""Alt. Rock""
    ],
    ""IS_APPROVED"": true,
    ""MAIN_GENRE"": ""Pop""
  }
]",2020-07-30,2020-08-13,2,9043.92252279,22
MRELG8DF94AF1170145A4B00496EE2FB42BFD,ME!,TAYLOR SWIFT,"[
  {
    ""CLIENT_DOMAIN"": ""Billboard"",
    ""GENRES"": [
      ""Pop""
    ],
    ""IS_APPROVED"": true,
    ""MAIN_GENRE"": ""Pop""
  },
  {
    ""CLIENT_DOMAIN"": ""Luminate"",
    ""GENRES"": [
      ""Indie Rock"",
      ""Country"",
      ""Pop""
    ],
    ""MAIN_GENRE"": ""Pop""
  }
]",2019-04-26,2019-05-02,1,46244.43735419,216
MRELG8DF94AF1170145A4B00496EE2FB42BFD,ME!,TAYLOR SWIFT,"[
  {
    ""CLIENT_DOMAIN"": ""Billboard"",
    ""GENRES"": [
      ""Pop""
    ],
    ""IS_APPROVED"": true,
    ""MAIN_GENRE"": ""Pop""
  },
  {
    ""CLIENT_DOMAIN"": ""Luminate"",
    ""GENRES"": [
      ""Indie Rock"",
      ""Country"",
      ""Pop""
    ],
    ""MAIN_GENRE"": ""Pop""
  }
]",2019-04-26,2019-05-09,2,17529.62756270,301
MRELGB0455969342D4E25A239817E90D6BA47,SHOCK,TESLA,"[
  {
    ""CLIENT_DOMAIN"": ""Luminate"",
    ""GENRES"": [
      ""Rock""
    ],
    ""MAIN_GENRE"": ""Rock""
  },
  {
    ""CLIENT_DOMAIN"": ""Billboard"",
    ""GENRES"": [
      ""Rock"",
      ""Hard Rock""
    ],
    ""IS_APPROVED"": true,
    ""MAIN_GENRE"": ""Hard Rock""
  }
]",2019-03-08,2019-03-14,1,22021.56047214,21720
MRELGB0455969342D4E25A239817E90D6BA47,SHOCK,TESLA,"[
  {
    ""CLIENT_DOMAIN"": ""Luminate"",
    ""GENRES"": [
      ""Rock""
    ],
    ""MAIN_GENRE"": ""Rock""
  },
  {
    ""CLIENT_DOMAIN"": ""Billboard"",
    ""GENRES"": [
      ""Rock"",
      ""Hard Rock""
    ],
    ""IS_APPROVED"": true,
    ""MAIN_GENRE"": ""Hard Rock""
  }
]",2019-03-08,2019-03-21,2,2290.62063133,2165
MRELG118B9246948645FABD885E72BE956A7D,Slow Decay,THE ACACIA STRAIN,"[
  {
    ""CLIENT_DOMAIN"": ""Billboard"",
    ""GENRES"": [
      ""Rock"",
      ""Hard Rock""
    ],
    ""IS_APPROVED"": true,
    ""MAIN_GENRE"": ""Hard Rock""
  },
  {
    ""CLIENT_DOMAIN"": ""Luminate"",
    ""GENRES"": [
      ""Rock""
    ],
    ""MAIN_GENRE"": ""Rock""
  }
]",2020-07-24,2020-07-30,1,9610.12014731,9099
MRELG118B9246948645FABD885E72BE956A7D,Slow Decay,THE ACACIA STRAIN,"[
  {
    ""CLIENT_DOMAIN"": ""Billboard"",
    ""GENRES"": [
      ""Rock"",
      ""Hard Rock""
    ],
    ""IS_APPROVED"": true,
    ""MAIN_GENRE"": ""Hard Rock""
  },
  {
    ""CLIENT_DOMAIN"": ""Luminate"",
    ""GENRES"": [
      ""Rock""
    ],
    ""MAIN_GENRE"": ""Rock""
  }
]",2020-07-24,2020-08-06,2,836.23689700,547
MRELG5A4B3F0C177347DF98FA0370608757BC,"""LET'S ROCK""",THE BLACK KEYS,"[
  {
    ""CLIENT_DOMAIN"": ""Billboard"",
    ""GENRES"": [
      ""Alt. Rock"",
      ""Rock""
    ],
    ""IS_APPROVED"": true,
    ""MAIN_GENRE"": ""Alt. Rock""
  },
  {
    ""CLIENT_DOMAIN"": ""Luminate"",
    ""GENRES"": [
      ""Indie Rock"",
      ""Rock"",
      ""Alternative""
    ],
    ""MAIN_GENRE"": ""Rock""
  }
]",2019-06-28,2019-07-04,1,51148.58746650,41244
MRELG5A4B3F0C177347DF98FA0370608757BC,"""LET'S ROCK""",THE BLACK KEYS,"[
  {
    ""CLIENT_DOMAIN"": ""Billboard"",
    ""GENRES"": [
      ""Alt. Rock"",
      ""Rock""
    ],
    ""IS_APPROVED"": true,
    ""MAIN_GENRE"": ""Alt. Rock""
  },
  {
    ""CLIENT_DOMAIN"": ""Luminate"",
    ""GENRES"": [
      ""Indie Rock"",
      ""Rock"",
      ""Alternative""
    ],
    ""MAIN_GENRE"": ""Rock""
  }
]",2019-06-28,2019-07-11,2,13242.81301015,8614
MRELGEABA16AA7954468CA6A77FCECE8677C9,DELTA KREAM,THE BLACK KEYS,"[
  {
    ""CLIENT_DOMAIN"": ""Billboard"",
    ""GENRES"": [
      ""Alt. Rock"",
      ""Blues"",
      ""Folk"",
      ""Rock""
    ],
    ""IS_APPROVED"": true,
    ""MAIN_GENRE"": ""Blues""
  },
  {
    ""CLIENT_DOMAIN"": ""Luminate"",
    ""GENRES"": [
      ""Indie Rock"",
      ""Latin"",
      ""Blues"",
      ""Rock"",
      ""Alternative"",
      ""Folk""
    ],
    ""MAIN_GENRE"": ""Blues""
  }
]",2021-05-14,2021-05-20,1,34803.43608663,29684
MRELGEABA16AA7954468CA6A77FCECE8677C9,DELTA KREAM,THE BLACK KEYS,"[
  {
    ""CLIENT_DOMAIN"": ""Billboard"",
    ""GENRES"": [
      ""Alt. Rock"",
      ""Blues"",
      ""Folk"",
      ""Rock""
    ],
    ""IS_APPROVED"": true,
    ""MAIN_GENRE"": ""Blues""
  },
  {
    ""CLIENT_DOMAIN"": ""Luminate"",
    ""GENRES"": [
      ""Indie Rock"",
      ""Latin"",
      ""Blues"",
      ""Rock"",
      ""Alternative"",
      ""Folk""
    ],
    ""MAIN_GENRE"": ""Blues""
  }
]",2021-05-14,2021-05-27,2,10059.34839847,7850
MRELGE809B52B27D0425A9A9CF8CB815A16E5,DROPOUT BOOGIE,THE BLACK KEYS,"[
  {
    ""CLIENT_DOMAIN"": ""Billboard"",
    ""GENRES"": [
      ""Rock"",
      ""Alt. Rock"",
      ""Folk""
    ],
    ""IS_APPROVED"": true,
    ""MAIN_GENRE"": ""Alt. Rock""
  },
  {
    ""CLIENT_DOMAIN"": ""Luminate"",
    ""GENRES"": [
      ""Indie Rock"",
      ""Rock"",
      ""Alternative"",
      ""Folk""
    ],
    ""MAIN_GENRE"": ""Rock""
  }
]",2022-05-13,2022-05-19,1,32718.32328454,27410
MRELGE809B52B27D0425A9A9CF8CB815A16E5,DROPOUT BOOGIE,THE BLACK KEYS,"[
  {
    ""CLIENT_DOMAIN"": ""Billboard"",
    ""GENRES"": [
      ""Rock"",
      ""Alt. Rock"",
      ""Folk""
    ],
    ""IS_APPROVED"": true,
    ""MAIN_GENRE"": ""Alt. Rock""
  },
  {
    ""CLIENT_DOMAIN"": ""Luminate"",
    ""GENRES"": [
      ""Indie Rock"",
      ""Rock"",
      ""Alternative"",
      ""Folk""
    ],
    ""MAIN_GENRE"": ""Rock""
  }
]",2022-05-13,2022-05-26,2,8182.26150772,5695
MRELG872EA419403F4169914E02F7DAFFF91D,EVERYTHING IS LOVE,THE CARTERS,"[
  {
    ""CLIENT_DOMAIN"": ""Billboard"",
    ""GENRES"": [
      ""Rap"",
      ""R&B/Hip-Hop""
    ],
    ""IS_APPROVED"": true,
    ""MAIN_GENRE"": ""Rap""
  },
  {
    ""CLIENT_DOMAIN"": ""Luminate"",
    ""GENRES"": [
      ""Rap"",
      ""R&B/Hip-Hop""
    ],
    ""MAIN_GENRE"": ""Rap""
  }
]",2018-06-16,2018-06-21,1,135959.38526524,69695
MRELG872EA419403F4169914E02F7DAFFF91D,EVERYTHING IS LOVE,THE CARTERS,"[
  {
    ""CLIENT_DOMAIN"": ""Billboard"",
    ""GENRES"": [
      ""Rap"",
      ""R&B/Hip-Hop""
    ],
    ""IS_APPROVED"": true,
    ""MAIN_GENRE"": ""Rap""
  },
  {
    ""CLIENT_DOMAIN"": ""Luminate"",
    ""GENRES"": [
      ""Rap"",
      ""R&B/Hip-Hop""
    ],
    ""MAIN_GENRE"": ""Rap""
  }
]",2018-06-16,2018-06-28,2,67160.04296439,19367
MRELGE4BD698289E746BBA3D90B4E775CE333,IN THE END,THE CRANBERRIES,"[
  {
    ""CLIENT_DOMAIN"": ""Luminate"",
    ""GENRES"": [
      ""Rock""
    ],
    ""MAIN_GENRE"": ""Rock""
  },
  {
    ""CLIENT_DOMAIN"": ""Billboard"",
    ""GENRES"": [
      ""Rock"",
      ""Alt. Rock""
    ],
    ""IS_APPROVED"": true,
    ""MAIN_GENRE"": ""Alt. Rock""
  }
]",2019-04-26,2019-05-02,1,7784.82833725,7199
MRELGE4BD698289E746BBA3D90B4E775CE333,IN THE END,THE CRANBERRIES,"[
  {
    ""CLIENT_DOMAIN"": ""Luminate"",
    ""GENRES"": [
      ""Rock""
    ],
    ""MAIN_GENRE"": ""Rock""
  },
  {
    ""CLIENT_DOMAIN"": ""Billboard"",
    ""GENRES"": [
      ""Rock"",
      ""Alt. Rock""
    ],
    ""IS_APPROVED"": true,
    ""MAIN_GENRE"": ""Alt. Rock""
  }
]",2019-04-26,2019-05-09,2,2717.06092204,2481
MRELG977C2EFA66BE40928EF4DE5CC38ABAC4,LIVING MIRAGE,THE HEAD AND THE HEART,"[
  {
    ""CLIENT_DOMAIN"": ""Luminate"",
    ""GENRES"": [
      ""Rock"",
      ""Folk""
    ],
    ""MAIN_GENRE"": ""Rock""
  },
  {
    ""CLIENT_DOMAIN"": ""Billboard"",
    ""GENRES"": [
      ""Rock"",
      ""Folk"",
      ""Alt. Rock""
    ],
    ""IS_APPROVED"": true,
    ""MAIN_GENRE"": ""Alt. Rock""
  }
]",2019-05-17,2019-05-23,1,23086.29894047,18726
MRELG977C2EFA66BE40928EF4DE5CC38ABAC4,LIVING MIRAGE,THE HEAD AND THE HEART,"[
  {
    ""CLIENT_DOMAIN"": ""Luminate"",
    ""GENRES"": [
      ""Rock"",
      ""Folk""
    ],
    ""MAIN_GENRE"": ""Rock""
  },
  {
    ""CLIENT_DOMAIN"": ""Billboard"",
    ""GENRES"": [
      ""Rock"",
      ""Folk"",
      ""Alt. Rock""
    ],
    ""IS_APPROVED"": true,
    ""MAIN_GENRE"": ""Alt. Rock""
  }
]",2019-05-17,2019-05-30,2,4811.50709495,2448
MRELGCE89CD578BB44146AFAB07E756E095C2,THE HIGHWOMEN,THE HIGHWOMEN,"[
  {
    ""CLIENT_DOMAIN"": ""Billboard"",
    ""GENRES"": [
      ""Folk"",
      ""Country""
    ],
    ""IS_APPROVED"": true,
    ""MAIN_GENRE"": ""Folk""
  },
  {
    ""CLIENT_DOMAIN"": ""Luminate"",
    ""GENRES"": [
      ""Country"",
      ""Folk""
    ],
    ""MAIN_GENRE"": ""Folk""
  }
]",2019-09-06,2019-09-12,1,31392.69410402,29014
MRELGCE89CD578BB44146AFAB07E756E095C2,THE HIGHWOMEN,THE HIGHWOMEN,"[
  {
    ""CLIENT_DOMAIN"": ""Billboard"",
    ""GENRES"": [
      ""Folk"",
      ""Country""
    ],
    ""IS_APPROVED"": true,
    ""MAIN_GENRE"": ""Folk""
  },
  {
    ""CLIENT_DOMAIN"": ""Luminate"",
    ""GENRES"": [
      ""Country"",
      ""Folk""
    ],
    ""MAIN_GENRE"": ""Folk""
  }
]",2019-09-06,2019-09-19,2,9560.73635791,8041
MRELG064FACE2DF0B4ABE857F9A786A1322F5,STAY,THE KID LAROI & JUSTIN BIEBER,"[
  {
    ""CLIENT_DOMAIN"": ""Luminate"",
    ""GENRES"": [
      ""Pop""
    ],
    ""MAIN_GENRE"": ""Pop""
  },
  {
    ""CLIENT_DOMAIN"": ""Billboard"",
    ""GENRES"": [
      ""Pop""
    ],
    ""IS_APPROVED"": true,
    ""MAIN_GENRE"": ""Pop""
  }
]",2021-07-09,2021-07-15,1,25801.24869059,39
MRELG064FACE2DF0B4ABE857F9A786A1322F5,STAY,THE KID LAROI & JUSTIN BIEBER,"[
  {
    ""CLIENT_DOMAIN"": ""Luminate"",
    ""GENRES"": [
      ""Pop""
    ],
    ""MAIN_GENRE"": ""Pop""
  },
  {
    ""CLIENT_DOMAIN"": ""Billboard"",
    ""GENRES"": [
      ""Pop""
    ],
    ""IS_APPROVED"": true,
    ""MAIN_GENRE"": ""Pop""
  }
]",2021-07-09,2021-07-22,2,20454.17509288,39
MRELG0982B915F74A46C786783E15E1C00ADB,Pressure Machine,THE KILLERS,"[
  {
    ""CLIENT_DOMAIN"": ""Luminate"",
    ""GENRES"": [
      ""Rock"",
      ""Folk""
    ],
    ""MAIN_GENRE"": ""Rock""
  },
  {
    ""CLIENT_DOMAIN"": ""Billboard"",
    ""GENRES"": [
      ""Alt. Rock"",
      ""Folk"",
      ""Rock""
    ],
    ""IS_APPROVED"": true,
    ""MAIN_GENRE"": ""Alt. Rock""
  }
]",2021-08-13,2021-08-19,1,26395.58583077,22268
MRELG0982B915F74A46C786783E15E1C00ADB,Pressure Machine,THE KILLERS,"[
  {
    ""CLIENT_DOMAIN"": ""Luminate"",
    ""GENRES"": [
      ""Rock"",
      ""Folk""
    ],
    ""MAIN_GENRE"": ""Rock""
  },
  {
    ""CLIENT_DOMAIN"": ""Billboard"",
    ""GENRES"": [
      ""Alt. Rock"",
      ""Folk"",
      ""Rock""
    ],
    ""IS_APPROVED"": true,
    ""MAIN_GENRE"": ""Alt. Rock""
  }
]",2021-08-13,2021-08-26,2,7906.32195683,6523
MRELG3B97EFF196AE4EEDAC723AE1D63BF325,THE SCOTTS,THE SCOTTS,"[
  {
    ""CLIENT_DOMAIN"": ""Luminate"",
    ""GENRES"": [
      ""Rap"",
      ""R&B/Hip-Hop""
    ],
    ""MAIN_GENRE"": ""Rap""
  },
  {
    ""CLIENT_DOMAIN"": ""Billboard"",
    ""GENRES"": [
      ""R&B/Hip-Hop"",
      ""Rap""
    ],
    ""IS_APPROVED"": true,
    ""MAIN_GENRE"": ""Rap""
  }
]",2020-04-24,2020-04-30,1,33902.91094626,72
MRELG3B97EFF196AE4EEDAC723AE1D63BF325,THE SCOTTS,THE SCOTTS,"[
  {
    ""CLIENT_DOMAIN"": ""Luminate"",
    ""GENRES"": [
      ""Rap"",
      ""R&B/Hip-Hop""
    ],
    ""MAIN_GENRE"": ""Rap""
  },
  {
    ""CLIENT_DOMAIN"": ""Billboard"",
    ""GENRES"": [
      ""R&B/Hip-Hop"",
      ""Rap""
    ],
    ""IS_APPROVED"": true,
    ""MAIN_GENRE"": ""Rap""
  }
]",2020-04-24,2020-05-07,2,17490.75120188,38
MRELG23AD328F1CD4480A9CC4F0CB105BA071,Dawn FM,THE WEEKND,"[
  {
    ""CLIENT_DOMAIN"": ""Luminate"",
    ""GENRES"": [
      ""R&B/Hip-Hop""
    ],
    ""MAIN_GENRE"": ""R&B/Hip-Hop""
  },
  {
    ""CLIENT_DOMAIN"": ""Billboard"",
    ""GENRES"": [
      ""R&B"",
      ""R&B/Hip-Hop""
    ],
    ""IS_APPROVED"": true,
    ""MAIN_GENRE"": ""R&B""
  }
]",2022-01-07,2022-01-13,1,149629.63321671,14791
MRELG23AD328F1CD4480A9CC4F0CB105BA071,Dawn FM,THE WEEKND,"[
  {
    ""CLIENT_DOMAIN"": ""Luminate"",
    ""GENRES"": [
      ""R&B/Hip-Hop""
    ],
    ""MAIN_GENRE"": ""R&B/Hip-Hop""
  },
  {
    ""CLIENT_DOMAIN"": ""Billboard"",
    ""GENRES"": [
      ""R&B"",
      ""R&B/Hip-Hop""
    ],
    ""IS_APPROVED"": true,
    ""MAIN_GENRE"": ""R&B""
  }
]",2022-01-07,2022-01-20,2,61391.26540061,2404
MRELGB4820DF996FD422EBAE60BE6CE62DAA7,AMERICA,THIRTY SECONDS TO MARS,"[
  {
    ""CLIENT_DOMAIN"": ""Luminate"",
    ""GENRES"": [
      ""Rock""
    ],
    ""MAIN_GENRE"": ""Rock""
  },
  {
    ""CLIENT_DOMAIN"": ""Billboard"",
    ""GENRES"": [
      ""Rock"",
      ""Alt. Rock""
    ],
    ""IS_APPROVED"": true,
    ""MAIN_GENRE"": ""Alt. Rock""
  }
]",2018-04-06,2018-04-12,1,61905.94552595,54236
MRELGB4820DF996FD422EBAE60BE6CE62DAA7,AMERICA,THIRTY SECONDS TO MARS,"[
  {
    ""CLIENT_DOMAIN"": ""Luminate"",
    ""GENRES"": [
      ""Rock""
    ],
    ""MAIN_GENRE"": ""Rock""
  },
  {
    ""CLIENT_DOMAIN"": ""Billboard"",
    ""GENRES"": [
      ""Rock"",
      ""Alt. Rock""
    ],
    ""IS_APPROVED"": true,
    ""MAIN_GENRE"": ""Alt. Rock""
  }
]",2018-04-06,2018-04-19,2,8542.10442124,5282
MRELGBF84FDA9017D4F2593107E89E9A6810C,Where We Started,THOMAS RHETT,"[
  {
    ""CLIENT_DOMAIN"": ""Luminate"",
    ""GENRES"": [
      ""Country""
    ],
    ""MAIN_GENRE"": ""Country""
  },
  {
    ""CLIENT_DOMAIN"": ""Billboard"",
    ""GENRES"": [
      ""Country""
    ],
    ""IS_APPROVED"": true,
    ""MAIN_GENRE"": ""Country""
  }
]",2022-04-01,2022-04-07,1,29063.78429799,14499
MRELGBF84FDA9017D4F2593107E89E9A6810C,Where We Started,THOMAS RHETT,"[
  {
    ""CLIENT_DOMAIN"": ""Luminate"",
    ""GENRES"": [
      ""Country""
    ],
    ""MAIN_GENRE"": ""Country""
  },
  {
    ""CLIENT_DOMAIN"": ""Billboard"",
    ""GENRES"": [
      ""Country""
    ],
    ""IS_APPROVED"": true,
    ""MAIN_GENRE"": ""Country""
  }
]",2022-04-01,2022-04-14,2,12925.91912934,3518
MRELGECB6556ADA614BCBA014028933AEC282,MAN OF THE WOODS,"TIMBERLAKE, JUSTIN","[
  {
    ""CLIENT_DOMAIN"": ""Luminate"",
    ""GENRES"": [
      ""Pop""
    ],
    ""MAIN_GENRE"": ""Pop""
  },
  {
    ""CLIENT_DOMAIN"": ""Billboard"",
    ""GENRES"": [
      ""Pop""
    ],
    ""IS_APPROVED"": true,
    ""MAIN_GENRE"": ""Pop""
  }
]",2018-01-05,2018-01-11,1,15782.36529813,0
MRELGECB6556ADA614BCBA014028933AEC282,MAN OF THE WOODS,"TIMBERLAKE, JUSTIN","[
  {
    ""CLIENT_DOMAIN"": ""Luminate"",
    ""GENRES"": [
      ""Pop""
    ],
    ""MAIN_GENRE"": ""Pop""
  },
  {
    ""CLIENT_DOMAIN"": ""Billboard"",
    ""GENRES"": [
      ""Pop""
    ],
    ""IS_APPROVED"": true,
    ""MAIN_GENRE"": ""Pop""
  }
]",2018-01-05,2018-01-18,2,8832.59965527,0
MRELG6A25D02A73334DBEA1FEC060E9433CCA,THE ELEMENTS,TOBYMAC,"[
  {
    ""CLIENT_DOMAIN"": ""Billboard"",
    ""GENRES"": [
      ""Christian/Gospel"",
      ""Christian""
    ],
    ""IS_APPROVED"": true,
    ""MAIN_GENRE"": ""Christian""
  },
  {
    ""CLIENT_DOMAIN"": ""Luminate"",
    ""GENRES"": [
      ""Christian"",
      ""Religious""
    ],
    ""MAIN_GENRE"": ""Christian""
  }
]",2018-10-12,2018-10-18,1,21868.37711603,18359
MRELG6A25D02A73334DBEA1FEC060E9433CCA,THE ELEMENTS,TOBYMAC,"[
  {
    ""CLIENT_DOMAIN"": ""Billboard"",
    ""GENRES"": [
      ""Christian/Gospel"",
      ""Christian""
    ],
    ""IS_APPROVED"": true,
    ""MAIN_GENRE"": ""Christian""
  },
  {
    ""CLIENT_DOMAIN"": ""Luminate"",
    ""GENRES"": [
      ""Christian"",
      ""Religious""
    ],
    ""MAIN_GENRE"": ""Christian""
  }
]",2018-10-12,2018-10-25,2,7664.36245329,5097
MRELGADA9263071974CA9A2CC133851CF6D64,WILDFLOWERS & ALL THE REST,TOM PETTY,"[
  {
    ""CLIENT_DOMAIN"": ""Luminate"",
    ""GENRES"": [
      ""Rock""
    ],
    ""MAIN_GENRE"": ""Rock""
  },
  {
    ""CLIENT_DOMAIN"": ""Billboard"",
    ""GENRES"": [
      ""Rock""
    ],
    ""IS_APPROVED"": true,
    ""MAIN_GENRE"": ""Rock""
  }
]",2020-10-16,2020-10-22,1,43145.79783952,37898
MRELGADA9263071974CA9A2CC133851CF6D64,WILDFLOWERS & ALL THE REST,TOM PETTY,"[
  {
    ""CLIENT_DOMAIN"": ""Luminate"",
    ""GENRES"": [
      ""Rock""
    ],
    ""MAIN_GENRE"": ""Rock""
  },
  {
    ""CLIENT_DOMAIN"": ""Billboard"",
    ""GENRES"": [
      ""Rock""
    ],
    ""IS_APPROVED"": true,
    ""MAIN_GENRE"": ""Rock""
  }
]",2020-10-16,2020-10-29,2,17357.46801696,14325
MRELG30D6E71C959A4B89B230D2C1CD4DBFE4,The Name Chapter: FREEFALL,TOMORROW X TOGETHER,"[
  {
    ""CLIENT_DOMAIN"": ""Luminate"",
    ""GENRES"": [
      ""Rap"",
      ""K-Pop""
    ],
    ""MAIN_GENRE"": ""K-Pop""
  },
  {
    ""CLIENT_DOMAIN"": ""Billboard"",
    ""GENRES"": [
      ""World Music"",
      ""K-Pop""
    ],
    ""IS_APPROVED"": true,
    ""MAIN_GENRE"": ""K-Pop""
  }
]",2023-10-12,2023-10-19,1,54699.43866125,46774
MRELG30D6E71C959A4B89B230D2C1CD4DBFE4,The Name Chapter: FREEFALL,TOMORROW X TOGETHER,"[
  {
    ""CLIENT_DOMAIN"": ""Luminate"",
    ""GENRES"": [
      ""Rap"",
      ""K-Pop""
    ],
    ""MAIN_GENRE"": ""K-Pop""
  },
  {
    ""CLIENT_DOMAIN"": ""Billboard"",
    ""GENRES"": [
      ""World Music"",
      ""K-Pop""
    ],
    ""IS_APPROVED"": true,
    ""MAIN_GENRE"": ""K-Pop""
  }
]",2023-10-12,2023-10-26,2,19991.59390384,16373
MRELG86AEE03943744B9B9EA831B0199B7C6C,Love Is Here To Stay,TONY BENNETT & DIANA KRALL,"[
  {
    ""CLIENT_DOMAIN"": ""Billboard"",
    ""GENRES"": [
      ""Traditional Jazz"",
      ""Jazz""
    ],
    ""IS_APPROVED"": true,
    ""MAIN_GENRE"": ""Traditional Jazz""
  },
  {
    ""CLIENT_DOMAIN"": ""Luminate"",
    ""GENRES"": [
      ""Jazz""
    ],
    ""MAIN_GENRE"": ""Jazz""
  }
]",2018-09-14,2018-09-20,1,35937.08329881,35135
MRELG86AEE03943744B9B9EA831B0199B7C6C,Love Is Here To Stay,TONY BENNETT & DIANA KRALL,"[
  {
    ""CLIENT_DOMAIN"": ""Billboard"",
    ""GENRES"": [
      ""Traditional Jazz"",
      ""Jazz""
    ],
    ""IS_APPROVED"": true,
    ""MAIN_GENRE"": ""Traditional Jazz""
  },
  {
    ""CLIENT_DOMAIN"": ""Luminate"",
    ""GENRES"": [
      ""Jazz""
    ],
    ""MAIN_GENRE"": ""Jazz""
  }
]",2018-09-14,2018-09-27,2,9760.74846582,9386
MRELGEC0A2711CDBA463DAAB2D521DC72E811,Love For Sale,TONY BENNETT & LADY GAGA,"[
  {
    ""CLIENT_DOMAIN"": ""Luminate"",
    ""GENRES"": [
      ""Jazz"",
      ""Others""
    ],
    ""MAIN_GENRE"": ""Jazz""
  },
  {
    ""CLIENT_DOMAIN"": ""Billboard"",
    ""GENRES"": [
      ""Jazz"",
      ""Traditional Jazz"",
      ""Others""
    ],
    ""IS_APPROVED"": false,
    ""MAIN_GENRE"": ""Traditional Jazz""
  }
]",2021-09-30,2021-10-07,1,41150.32651160,38460
MRELGEC0A2711CDBA463DAAB2D521DC72E811,Love For Sale,TONY BENNETT & LADY GAGA,"[
  {
    ""CLIENT_DOMAIN"": ""Luminate"",
    ""GENRES"": [
      ""Jazz"",
      ""Others""
    ],
    ""MAIN_GENRE"": ""Jazz""
  },
  {
    ""CLIENT_DOMAIN"": ""Billboard"",
    ""GENRES"": [
      ""Jazz"",
      ""Traditional Jazz"",
      ""Others""
    ],
    ""IS_APPROVED"": false,
    ""MAIN_GENRE"": ""Traditional Jazz""
  }
]",2021-09-30,2021-10-14,2,14342.03534538,13332
MRELGDB1006E55C5340B3B77633A2F2863DDE,HIGHEST IN THE ROOM,TRAVIS SCOTT,"[
  {
    ""CLIENT_DOMAIN"": ""Billboard"",
    ""GENRES"": [
      ""R&B/Hip-Hop"",
      ""Rap""
    ],
    ""IS_APPROVED"": true,
    ""MAIN_GENRE"": ""Rap""
  },
  {
    ""CLIENT_DOMAIN"": ""Luminate"",
    ""GENRES"": [
      ""Rap"",
      ""R&B/Hip-Hop""
    ],
    ""MAIN_GENRE"": ""Rap""
  }
]",2019-10-04,2019-10-10,1,44023.04067292,76
MRELGDB1006E55C5340B3B77633A2F2863DDE,HIGHEST IN THE ROOM,TRAVIS SCOTT,"[
  {
    ""CLIENT_DOMAIN"": ""Billboard"",
    ""GENRES"": [
      ""R&B/Hip-Hop"",
      ""Rap""
    ],
    ""IS_APPROVED"": true,
    ""MAIN_GENRE"": ""Rap""
  },
  {
    ""CLIENT_DOMAIN"": ""Luminate"",
    ""GENRES"": [
      ""Rap"",
      ""R&B/Hip-Hop""
    ],
    ""MAIN_GENRE"": ""Rap""
  }
]",2019-10-04,2019-10-17,2,23249.45403537,72
MRELG55D1ECD23F664B20A1A99E92326FEADE,BACK HOME,TREY SONGZ,"[
  {
    ""CLIENT_DOMAIN"": ""Billboard"",
    ""GENRES"": [
      ""R&B"",
      ""R&B/Hip-Hop""
    ],
    ""IS_APPROVED"": true,
    ""MAIN_GENRE"": ""R&B""
  },
  {
    ""CLIENT_DOMAIN"": ""Luminate"",
    ""GENRES"": [
      ""R&B/Hip-Hop""
    ],
    ""MAIN_GENRE"": ""R&B/Hip-Hop""
  }
]",2020-10-09,2020-10-15,1,24197.44331797,5133
MRELG55D1ECD23F664B20A1A99E92326FEADE,BACK HOME,TREY SONGZ,"[
  {
    ""CLIENT_DOMAIN"": ""Billboard"",
    ""GENRES"": [
      ""R&B"",
      ""R&B/Hip-Hop""
    ],
    ""IS_APPROVED"": true,
    ""MAIN_GENRE"": ""R&B""
  },
  {
    ""CLIENT_DOMAIN"": ""Luminate"",
    ""GENRES"": [
      ""R&B/Hip-Hop""
    ],
    ""MAIN_GENRE"": ""R&B/Hip-Hop""
  }
]",2020-10-09,2020-10-22,2,11739.22749631,578
MRELGEEB707F04B36412998AB3BC1DBD26FD7,A LOVE LETTER TO YOU 3,TRIPPIE REDD,"[
  {
    ""CLIENT_DOMAIN"": ""Billboard"",
    ""GENRES"": [
      ""Rap"",
      ""R&B/Hip-Hop""
    ],
    ""IS_APPROVED"": true,
    ""MAIN_GENRE"": ""Rap""
  },
  {
    ""CLIENT_DOMAIN"": ""Luminate"",
    ""GENRES"": [
      ""Rap"",
      ""R&B/Hip-Hop""
    ],
    ""MAIN_GENRE"": ""Rap""
  }
]",2018-11-09,2018-11-15,1,87488.47092907,10598
MRELGEEB707F04B36412998AB3BC1DBD26FD7,A LOVE LETTER TO YOU 3,TRIPPIE REDD,"[
  {
    ""CLIENT_DOMAIN"": ""Billboard"",
    ""GENRES"": [
      ""Rap"",
      ""R&B/Hip-Hop""
    ],
    ""IS_APPROVED"": true,
    ""MAIN_GENRE"": ""Rap""
  },
  {
    ""CLIENT_DOMAIN"": ""Luminate"",
    ""GENRES"": [
      ""Rap"",
      ""R&B/Hip-Hop""
    ],
    ""MAIN_GENRE"": ""Rap""
  }
]",2018-11-09,2018-11-22,2,44789.74364573,1494
MRELG8721D98A15E143F7A1F22A588CB7463A,Bloom,TROYE SIVAN,"[
  {
    ""CLIENT_DOMAIN"": ""Luminate"",
    ""GENRES"": [
      ""Pop""
    ],
    ""MAIN_GENRE"": ""Pop""
  },
  {
    ""CLIENT_DOMAIN"": ""Billboard"",
    ""GENRES"": [
      ""Pop""
    ],
    ""IS_APPROVED"": true,
    ""MAIN_GENRE"": ""Pop""
  }
]",2018-08-31,2018-09-06,1,70567.38611001,59058
MRELG8721D98A15E143F7A1F22A588CB7463A,Bloom,TROYE SIVAN,"[
  {
    ""CLIENT_DOMAIN"": ""Luminate"",
    ""GENRES"": [
      ""Pop""
    ],
    ""MAIN_GENRE"": ""Pop""
  },
  {
    ""CLIENT_DOMAIN"": ""Billboard"",
    ""GENRES"": [
      ""Pop""
    ],
    ""IS_APPROVED"": true,
    ""MAIN_GENRE"": ""Pop""
  }
]",2018-08-31,2018-09-13,2,12842.60801077,6476
MRELG7AD9F4F9216F4E30A772FC4BE4F3EC94,NEVER ENOUGH,TURNSTILE,"[
  {
    ""CLIENT_DOMAIN"": ""Billboard"",
    ""GENRES"": [
      ""Rock"",
      ""Alt. Rock"",
      ""Hard Rock""
    ],
    ""IS_APPROVED"": true,
    ""MAIN_GENRE"": ""Alt. Rock""
  },
  {
    ""CLIENT_DOMAIN"": ""Luminate"",
    ""GENRES"": [
      ""Punk"",
      ""Rock"",
      ""Others"",
      ""Metal""
    ],
    ""MAIN_GENRE"": ""Rock""
  }
]",2025-06-06,2025-06-12,1,38429.05011558,28286
MRELG7AD9F4F9216F4E30A772FC4BE4F3EC94,NEVER ENOUGH,TURNSTILE,"[
  {
    ""CLIENT_DOMAIN"": ""Billboard"",
    ""GENRES"": [
      ""Rock"",
      ""Alt. Rock"",
      ""Hard Rock""
    ],
    ""IS_APPROVED"": true,
    ""MAIN_GENRE"": ""Alt. Rock""
  },
  {
    ""CLIENT_DOMAIN"": ""Luminate"",
    ""GENRES"": [
      ""Punk"",
      ""Rock"",
      ""Others"",
      ""Metal""
    ],
    ""MAIN_GENRE"": ""Rock""
  }
]",2025-06-06,2025-06-19,2,12190.60814182,7147
MRELG24DDED4B066346829A9978E5FAE4EC8A,Ready To Be,TWICE,"[
  {
    ""CLIENT_DOMAIN"": ""Billboard"",
    ""GENRES"": [
      ""K-Pop"",
      ""World Music""
    ],
    ""IS_APPROVED"": true,
    ""MAIN_GENRE"": ""K-Pop""
  },
  {
    ""CLIENT_DOMAIN"": ""Luminate"",
    ""GENRES"": [
      ""K-Pop""
    ],
    ""MAIN_GENRE"": ""K-Pop""
  }
]",2023-03-10,2023-03-16,1,116821.34652449,109393
MRELG24DDED4B066346829A9978E5FAE4EC8A,Ready To Be,TWICE,"[
  {
    ""CLIENT_DOMAIN"": ""Billboard"",
    ""GENRES"": [
      ""K-Pop"",
      ""World Music""
    ],
    ""IS_APPROVED"": true,
    ""MAIN_GENRE"": ""K-Pop""
  },
  {
    ""CLIENT_DOMAIN"": ""Luminate"",
    ""GENRES"": [
      ""K-Pop""
    ],
    ""MAIN_GENRE"": ""K-Pop""
  }
]",2023-03-10,2023-03-23,2,32283.96581889,28373
MRELG3E1BC22D06C043BABEE3306B135C3CE0,STRATEGY,TWICE,"[
  {
    ""CLIENT_DOMAIN"": ""Billboard"",
    ""GENRES"": [
      ""Pop"",
      ""K-Pop""
    ],
    ""IS_APPROVED"": true,
    ""MAIN_GENRE"": ""Pop""
  },
  {
    ""CLIENT_DOMAIN"": ""Luminate"",
    ""GENRES"": [
      ""K-Pop"",
      ""Pop"",
      ""Others""
    ],
    ""MAIN_GENRE"": ""Pop""
  }
]",2024-12-06,2024-12-12,1,87404.26663143,80977
MRELG3E1BC22D06C043BABEE3306B135C3CE0,STRATEGY,TWICE,"[
  {
    ""CLIENT_DOMAIN"": ""Billboard"",
    ""GENRES"": [
      ""Pop"",
      ""K-Pop""
    ],
    ""IS_APPROVED"": true,
    ""MAIN_GENRE"": ""Pop""
  },
  {
    ""CLIENT_DOMAIN"": ""Luminate"",
    ""GENRES"": [
      ""K-Pop"",
      ""Pop"",
      ""Others""
    ],
    ""MAIN_GENRE"": ""Pop""
  }
]",2024-12-06,2024-12-19,2,23562.17995216,20559
MRELGBE3CE71037B6493298F59EAC5DA018E1,TEN: The Story Goes On,TWICE,"[
  {
    ""CLIENT_DOMAIN"": ""Luminate"",
    ""GENRES"": [
      ""K-Pop"",
      ""Pop""
    ],
    ""MAIN_GENRE"": ""Pop""
  },
  {
    ""CLIENT_DOMAIN"": ""Billboard"",
    ""GENRES"": [
      ""K-Pop"",
      ""Pop""
    ],
    ""IS_APPROVED"": true,
    ""MAIN_GENRE"": ""Pop""
  }
]",2025-10-10,2025-10-16,1,25883.06987274,22789
MRELGBE3CE71037B6493298F59EAC5DA018E1,TEN: The Story Goes On,TWICE,"[
  {
    ""CLIENT_DOMAIN"": ""Luminate"",
    ""GENRES"": [
      ""K-Pop"",
      ""Pop""
    ],
    ""MAIN_GENRE"": ""Pop""
  },
  {
    ""CLIENT_DOMAIN"": ""Billboard"",
    ""GENRES"": [
      ""K-Pop"",
      ""Pop""
    ],
    ""IS_APPROVED"": true,
    ""MAIN_GENRE"": ""Pop""
  }
]",2025-10-10,2025-10-23,2,7672.64895990,6034
MRELGD04280E321944FED86BB511B177E4BD1,This Is For,TWICE,"[
  {
    ""CLIENT_DOMAIN"": ""Billboard"",
    ""GENRES"": [
      ""Pop"",
      ""K-Pop""
    ],
    ""IS_APPROVED"": true,
    ""MAIN_GENRE"": ""Pop""
  },
  {
    ""CLIENT_DOMAIN"": ""Luminate"",
    ""GENRES"": [
      ""K-Pop"",
      ""Pop""
    ],
    ""MAIN_GENRE"": ""Pop""
  }
]",2025-07-11,2025-07-17,1,81653.60004374,67876
MRELGD04280E321944FED86BB511B177E4BD1,This Is For,TWICE,"[
  {
    ""CLIENT_DOMAIN"": ""Billboard"",
    ""GENRES"": [
      ""Pop"",
      ""K-Pop""
    ],
    ""IS_APPROVED"": true,
    ""MAIN_GENRE"": ""Pop""
  },
  {
    ""CLIENT_DOMAIN"": ""Luminate"",
    ""GENRES"": [
      ""K-Pop"",
      ""Pop""
    ],
    ""MAIN_GENRE"": ""Pop""
  }
]",2025-07-11,2025-07-24,2,22692.92003819,13302
MRELGC1A72F45F88E405CACC3DC994A767133,abouTZU,TZUYU (TWICE),"[
  {
    ""CLIENT_DOMAIN"": ""Luminate"",
    ""GENRES"": [
      ""K-Pop""
    ],
    ""MAIN_GENRE"": ""K-Pop""
  },
  {
    ""CLIENT_DOMAIN"": ""Billboard"",
    ""GENRES"": [
      ""World Music"",
      ""K-Pop""
    ],
    ""IS_APPROVED"": true,
    ""MAIN_GENRE"": ""K-Pop""
  }
]",2024-09-06,2024-09-12,1,23581.28545193,22295
MRELGC1A72F45F88E405CACC3DC994A767133,abouTZU,TZUYU (TWICE),"[
  {
    ""CLIENT_DOMAIN"": ""Luminate"",
    ""GENRES"": [
      ""K-Pop""
    ],
    ""MAIN_GENRE"": ""K-Pop""
  },
  {
    ""CLIENT_DOMAIN"": ""Billboard"",
    ""GENRES"": [
      ""World Music"",
      ""K-Pop""
    ],
    ""IS_APPROVED"": true,
    ""MAIN_GENRE"": ""K-Pop""
  }
]",2024-09-06,2024-09-19,2,3902.27916878,3412
MRELG7CC8D9C3A2F0440890A9F068904025B5,DATA,Tainy,"[
  {
    ""CLIENT_DOMAIN"": ""Billboard"",
    ""GENRES"": [
      ""Latin - Rhythm"",
      ""Latin""
    ],
    ""IS_APPROVED"": true,
    ""MAIN_GENRE"": ""Latin - Rhythm""
  },
  {
    ""CLIENT_DOMAIN"": ""Luminate"",
    ""GENRES"": [
      ""Latin"",
      ""Others"",
      ""Reggaeton""
    ],
    ""MAIN_GENRE"": ""Latin""
  }
]",2023-06-29,2023-07-06,1,30884.72955769,278
MRELG7CC8D9C3A2F0440890A9F068904025B5,DATA,Tainy,"[
  {
    ""CLIENT_DOMAIN"": ""Billboard"",
    ""GENRES"": [
      ""Latin - Rhythm"",
      ""Latin""
    ],
    ""IS_APPROVED"": true,
    ""MAIN_GENRE"": ""Latin - Rhythm""
  },
  {
    ""CLIENT_DOMAIN"": ""Luminate"",
    ""GENRES"": [
      ""Latin"",
      ""Others"",
      ""Reggaeton""
    ],
    ""MAIN_GENRE"": ""Latin""
  }
]",2023-06-29,2023-07-13,2,18117.18891077,61
MRELG14E0D26365D1454684C45F64ECEBC98C,The Last Rocket,Takeoff,"[
  {
    ""CLIENT_DOMAIN"": ""Luminate"",
    ""GENRES"": [
      ""Rap"",
      ""R&B/Hip-Hop""
    ],
    ""MAIN_GENRE"": ""Rap""
  },
  {
    ""CLIENT_DOMAIN"": ""Billboard"",
    ""GENRES"": [
      ""Rap"",
      ""R&B/Hip-Hop""
    ],
    ""IS_APPROVED"": true,
    ""MAIN_GENRE"": ""Rap""
  }
]",2018-11-02,2018-11-08,1,50284.33979287,4603
MRELG14E0D26365D1454684C45F64ECEBC98C,The Last Rocket,Takeoff,"[
  {
    ""CLIENT_DOMAIN"": ""Luminate"",
    ""GENRES"": [
      ""Rap"",
      ""R&B/Hip-Hop""
    ],
    ""MAIN_GENRE"": ""Rap""
  },
  {
    ""CLIENT_DOMAIN"": ""Billboard"",
    ""GENRES"": [
      ""Rap"",
      ""R&B/Hip-Hop""
    ],
    ""IS_APPROVED"": true,
    ""MAIN_GENRE"": ""Rap""
  }
]",2018-11-02,2018-11-15,2,19462.90911426,809
MRELGA1CECF294A8C4CFB835A1137E4ACE779,Only Built For Infinity Links,"Takeoff, Quavo","[
  {
    ""CLIENT_DOMAIN"": ""Billboard"",
    ""GENRES"": [
      ""R&B/Hip-Hop"",
      ""Rap""
    ],
    ""IS_APPROVED"": true,
    ""MAIN_GENRE"": ""Rap""
  },
  {
    ""CLIENT_DOMAIN"": ""Luminate"",
    ""GENRES"": [
      ""Rap"",
      ""R&B/Hip-Hop""
    ],
    ""MAIN_GENRE"": ""Rap""
  }
]",2022-10-07,2022-10-13,1,33442.94418348,2217
MRELGA1CECF294A8C4CFB835A1137E4ACE779,Only Built For Infinity Links,"Takeoff, Quavo","[
  {
    ""CLIENT_DOMAIN"": ""Billboard"",
    ""GENRES"": [
      ""R&B/Hip-Hop"",
      ""Rap""
    ],
    ""IS_APPROVED"": true,
    ""MAIN_GENRE"": ""Rap""
  },
  {
    ""CLIENT_DOMAIN"": ""Luminate"",
    ""GENRES"": [
      ""Rap"",
      ""R&B/Hip-Hop""
    ],
    ""MAIN_GENRE"": ""Rap""
  }
]",2022-10-07,2022-10-20,2,13108.23816912,120
MRELG34F4C8A5B1F84729A0D4DBA70C41621D,Deadbeat,Tame Impala,"[
  {
    ""CLIENT_DOMAIN"": ""Billboard"",
    ""GENRES"": [
      ""Rock"",
      ""Dance/Electronic"",
      ""Alt. Rock""
    ],
    ""IS_APPROVED"": true,
    ""MAIN_GENRE"": ""Alt. Rock""
  },
  {
    ""CLIENT_DOMAIN"": ""Luminate"",
    ""GENRES"": [
      ""Indie Rock"",
      ""EDM"",
      ""Rock""
    ],
    ""MAIN_GENRE"": ""Rock""
  }
]",2025-10-17,2025-10-23,1,70175.18140690,37416
MRELG34F4C8A5B1F84729A0D4DBA70C41621D,Deadbeat,Tame Impala,"[
  {
    ""CLIENT_DOMAIN"": ""Billboard"",
    ""GENRES"": [
      ""Rock"",
      ""Dance/Electronic"",
      ""Alt. Rock""
    ],
    ""IS_APPROVED"": true,
    ""MAIN_GENRE"": ""Alt. Rock""
  },
  {
    ""CLIENT_DOMAIN"": ""Luminate"",
    ""GENRES"": [
      ""Indie Rock"",
      ""EDM"",
      ""Rock""
    ],
    ""MAIN_GENRE"": ""Rock""
  }
]",2025-10-17,2025-10-30,2,24231.10061782,5175
MRELG4F6B1338AC004C0BB12345B171312953,The Slow Rush,Tame Impala,"[
  {
    ""CLIENT_DOMAIN"": ""Luminate"",
    ""GENRES"": [
      ""Indie Rock"",
      ""Rock""
    ],
    ""MAIN_GENRE"": ""Rock""
  },
  {
    ""CLIENT_DOMAIN"": ""Billboard"",
    ""GENRES"": [
      ""Rock"",
      ""Alt. Rock""
    ],
    ""IS_APPROVED"": true,
    ""MAIN_GENRE"": ""Alt. Rock""
  }
]",2020-02-14,2020-02-20,1,102060.80465873,71711
MRELG4F6B1338AC004C0BB12345B171312953,The Slow Rush,Tame Impala,"[
  {
    ""CLIENT_DOMAIN"": ""Luminate"",
    ""GENRES"": [
      ""Indie Rock"",
      ""Rock""
    ],
    ""MAIN_GENRE"": ""Rock""
  },
  {
    ""CLIENT_DOMAIN"": ""Billboard"",
    ""GENRES"": [
      ""Rock"",
      ""Alt. Rock""
    ],
    ""IS_APPROVED"": true,
    ""MAIN_GENRE"": ""Alt. Rock""
  }
]",2020-02-14,2020-02-27,2,22576.17619861,9882
MRELG005E91786488434E90D01CB7207FC32A,So Close To What,Tate McRae,"[
  {
    ""CLIENT_DOMAIN"": ""Billboard"",
    ""GENRES"": [
      ""Pop""
    ],
    ""IS_APPROVED"": true,
    ""MAIN_GENRE"": ""Pop""
  },
  {
    ""CLIENT_DOMAIN"": ""Luminate"",
    ""GENRES"": [
      ""Pop""
    ],
    ""MAIN_GENRE"": ""Pop""
  }
]",2025-02-21,2025-02-27,1,176962.48450808,71317
MRELG005E91786488434E90D01CB7207FC32A,So Close To What,Tate McRae,"[
  {
    ""CLIENT_DOMAIN"": ""Billboard"",
    ""GENRES"": [
      ""Pop""
    ],
    ""IS_APPROVED"": true,
    ""MAIN_GENRE"": ""Pop""
  },
  {
    ""CLIENT_DOMAIN"": ""Luminate"",
    ""GENRES"": [
      ""Pop""
    ],
    ""MAIN_GENRE"": ""Pop""
  }
]",2025-02-21,2025-03-06,2,86598.53073038,13031
MRELG4CD71E578B9C42F78AC5367A82C775E8,1989 - Taylor's Version,Taylor Swift,"[
  {
    ""CLIENT_DOMAIN"": ""Billboard"",
    ""GENRES"": [
      ""Pop""
    ],
    ""IS_APPROVED"": true,
    ""MAIN_GENRE"": ""Pop""
  },
  {
    ""CLIENT_DOMAIN"": ""Luminate"",
    ""GENRES"": [
      ""Pop""
    ],
    ""MAIN_GENRE"": ""Pop""
  }
]",2023-10-27,2023-11-02,1,1660707.39255258,1368137
MRELG4CD71E578B9C42F78AC5367A82C775E8,1989 - Taylor's Version,Taylor Swift,"[
  {
    ""CLIENT_DOMAIN"": ""Billboard"",
    ""GENRES"": [
      ""Pop""
    ],
    ""IS_APPROVED"": true,
    ""MAIN_GENRE"": ""Pop""
  },
  {
    ""CLIENT_DOMAIN"": ""Luminate"",
    ""GENRES"": [
      ""Pop""
    ],
    ""MAIN_GENRE"": ""Pop""
  }
]",2023-10-27,2023-11-09,2,245108.70069052,122064
MRELGB2E5B4999E534DFEACBE033F3F2D7460,Anti-Hero,Taylor Swift,"[
  {
    ""CLIENT_DOMAIN"": ""Billboard"",
    ""GENRES"": [
      ""Pop""
    ],
    ""IS_APPROVED"": true,
    ""MAIN_GENRE"": ""Pop""
  },
  {
    ""CLIENT_DOMAIN"": ""Luminate"",
    ""GENRES"": [
      ""Comedy"",
      ""Country"",
      ""Opera"",
      ""Pop""
    ],
    ""MAIN_GENRE"": ""Pop""
  }
]",2022-10-21,2022-10-27,1,43292.44517492,-68
MRELGB2E5B4999E534DFEACBE033F3F2D7460,Anti-Hero,Taylor Swift,"[
  {
    ""CLIENT_DOMAIN"": ""Billboard"",
    ""GENRES"": [
      ""Pop""
    ],
    ""IS_APPROVED"": true,
    ""MAIN_GENRE"": ""Pop""
  },
  {
    ""CLIENT_DOMAIN"": ""Luminate"",
    ""GENRES"": [
      ""Comedy"",
      ""Country"",
      ""Opera"",
      ""Pop""
    ],
    ""MAIN_GENRE"": ""Pop""
  }
]",2022-10-21,2022-11-03,2,27145.25826993,-61
MRELG8340BA59F300407D9E4A8019A2BC8A38,Anti-Hero Remixes,Taylor Swift,"[
  {
    ""CLIENT_DOMAIN"": ""Luminate"",
    ""GENRES"": [
      ""Country"",
      ""Pop""
    ],
    ""MAIN_GENRE"": ""Pop""
  },
  {
    ""CLIENT_DOMAIN"": ""Billboard"",
    ""GENRES"": [
      ""Pop"",
      ""Country""
    ],
    ""IS_APPROVED"": false,
    ""MAIN_GENRE"": ""Pop""
  }
]",2022-11-11,2022-11-17,1,22103.95618408,0
MRELG8340BA59F300407D9E4A8019A2BC8A38,Anti-Hero Remixes,Taylor Swift,"[
  {
    ""CLIENT_DOMAIN"": ""Luminate"",
    ""GENRES"": [
      ""Country"",
      ""Pop""
    ],
    ""MAIN_GENRE"": ""Pop""
  },
  {
    ""CLIENT_DOMAIN"": ""Billboard"",
    ""GENRES"": [
      ""Pop"",
      ""Country""
    ],
    ""IS_APPROVED"": false,
    ""MAIN_GENRE"": ""Pop""
  }
]",2022-11-11,2022-11-24,2,19102.12643176,0
MRELGF145C492C51D45CF9726383E8B27CC69,Fearless - Taylor's Version,Taylor Swift,"[
  {
    ""CLIENT_DOMAIN"": ""Billboard"",
    ""GENRES"": [
      ""Country""
    ],
    ""IS_APPROVED"": true,
    ""MAIN_GENRE"": ""Country""
  },
  {
    ""CLIENT_DOMAIN"": ""Luminate"",
    ""GENRES"": [
      ""Soundtrack"",
      ""Original Film/TV Music"",
      ""Country"",
      ""Pop""
    ],
    ""MAIN_GENRE"": ""Country""
  }
]",2021-04-09,2021-04-15,1,288833.70796535,178864
MRELGF145C492C51D45CF9726383E8B27CC69,Fearless - Taylor's Version,Taylor Swift,"[
  {
    ""CLIENT_DOMAIN"": ""Billboard"",
    ""GENRES"": [
      ""Country""
    ],
    ""IS_APPROVED"": true,
    ""MAIN_GENRE"": ""Country""
  },
  {
    ""CLIENT_DOMAIN"": ""Luminate"",
    ""GENRES"": [
      ""Soundtrack"",
      ""Original Film/TV Music"",
      ""Country"",
      ""Pop""
    ],
    ""MAIN_GENRE"": ""Country""
  }
]",2021-04-09,2021-04-22,2,57506.21414515,19058
MRELG48C7031F1DB0459093F51EFBB52517C0,Lover,Taylor Swift,"[
  {
    ""CLIENT_DOMAIN"": ""Luminate"",
    ""GENRES"": [
      ""Pop"",
      ""Electronica""
    ],
    ""MAIN_GENRE"": ""Pop""
  },
  {
    ""CLIENT_DOMAIN"": ""Billboard"",
    ""GENRES"": [
      ""Pop""
    ],
    ""IS_APPROVED"": true,
    ""MAIN_GENRE"": ""Pop""
  }
]",2019-08-23,2019-08-29,1,858872.23797259,675555
MRELG48C7031F1DB0459093F51EFBB52517C0,Lover,Taylor Swift,"[
  {
    ""CLIENT_DOMAIN"": ""Luminate"",
    ""GENRES"": [
      ""Pop"",
      ""Electronica""
    ],
    ""MAIN_GENRE"": ""Pop""
  },
  {
    ""CLIENT_DOMAIN"": ""Billboard"",
    ""GENRES"": [
      ""Pop""
    ],
    ""IS_APPROVED"": true,
    ""MAIN_GENRE"": ""Pop""
  }
]",2019-08-23,2019-09-05,2,182450.29460372,82035
MRELG3EC79E851CA149C68F3DD0A1B5950A19,Midnights,Taylor Swift,"[
  {
    ""CLIENT_DOMAIN"": ""Billboard"",
    ""GENRES"": [
      ""Pop""
    ],
    ""IS_APPROVED"": true,
    ""MAIN_GENRE"": ""Pop""
  },
  {
    ""CLIENT_DOMAIN"": ""Luminate"",
    ""GENRES"": [
      ""Country"",
      ""Pop""
    ],
    ""MAIN_GENRE"": ""Pop""
  }
]",2022-10-21,2022-10-27,1,1577179.65668841,1140943
MRELG3EC79E851CA149C68F3DD0A1B5950A19,Midnights,Taylor Swift,"[
  {
    ""CLIENT_DOMAIN"": ""Billboard"",
    ""GENRES"": [
      ""Pop""
    ],
    ""IS_APPROVED"": true,
    ""MAIN_GENRE"": ""Pop""
  },
  {
    ""CLIENT_DOMAIN"": ""Luminate"",
    ""GENRES"": [
      ""Country"",
      ""Pop""
    ],
    ""MAIN_GENRE"": ""Pop""
  }
]",2022-10-21,2022-11-03,2,342806.34074126,114997
MRELG087A9F1CC46B4781AF258D981058CCF6,Opalite,Taylor Swift,"[
  {
    ""CLIENT_DOMAIN"": ""Luminate"",
    ""GENRES"": [
      ""EDM"",
      ""Country"",
      ""Pop""
    ],
    ""MAIN_GENRE"": ""Pop""
  },
  {
    ""CLIENT_DOMAIN"": ""Billboard"",
    ""GENRES"": [
      ""Pop""
    ],
    ""IS_APPROVED"": true,
    ""MAIN_GENRE"": ""Pop""
  }
]",2025-10-03,2025-10-09,1,54401.37405490,0
MRELG087A9F1CC46B4781AF258D981058CCF6,Opalite,Taylor Swift,"[
  {
    ""CLIENT_DOMAIN"": ""Luminate"",
    ""GENRES"": [
      ""EDM"",
      ""Country"",
      ""Pop""
    ],
    ""MAIN_GENRE"": ""Pop""
  },
  {
    ""CLIENT_DOMAIN"": ""Billboard"",
    ""GENRES"": [
      ""Pop""
    ],
    ""IS_APPROVED"": true,
    ""MAIN_GENRE"": ""Pop""
  }
]",2025-10-03,2025-10-16,2,28064.53446545,0
MRELG776921F52D2D4EF5A89D8737D0492484,Red - Taylor's Version,Taylor Swift,"[
  {
    ""CLIENT_DOMAIN"": ""Billboard"",
    ""GENRES"": [
      ""Country""
    ],
    ""IS_APPROVED"": true,
    ""MAIN_GENRE"": ""Country""
  },
  {
    ""CLIENT_DOMAIN"": ""Luminate"",
    ""GENRES"": [
      ""Country"",
      ""Pop""
    ],
    ""MAIN_GENRE"": ""Country""
  }
]",2021-11-12,2021-11-18,1,601353.65170255,368603
MRELG776921F52D2D4EF5A89D8737D0492484,Red - Taylor's Version,Taylor Swift,"[
  {
    ""CLIENT_DOMAIN"": ""Billboard"",
    ""GENRES"": [
      ""Country""
    ],
    ""IS_APPROVED"": true,
    ""MAIN_GENRE"": ""Country""
  },
  {
    ""CLIENT_DOMAIN"": ""Luminate"",
    ""GENRES"": [
      ""Country"",
      ""Pop""
    ],
    ""MAIN_GENRE"": ""Country""
  }
]",2021-11-12,2021-11-25,2,156837.51390089,66652
MRELG32069B603E2B4AC59678519C2E64B0A4,Speak Now - Taylor's Version,Taylor Swift,"[
  {
    ""CLIENT_DOMAIN"": ""Billboard"",
    ""GENRES"": [
      ""Pop"",
      ""Country""
    ],
    ""IS_APPROVED"": true,
    ""MAIN_GENRE"": ""Country""
  },
  {
    ""CLIENT_DOMAIN"": ""Luminate"",
    ""GENRES"": [
      ""Country"",
      ""Pop""
    ],
    ""MAIN_GENRE"": ""Country""
  }
]",2023-07-07,2023-07-13,1,715436.64976124,506578
MRELG32069B603E2B4AC59678519C2E64B0A4,Speak Now - Taylor's Version,Taylor Swift,"[
  {
    ""CLIENT_DOMAIN"": ""Billboard"",
    ""GENRES"": [
      ""Pop"",
      ""Country""
    ],
    ""IS_APPROVED"": true,
    ""MAIN_GENRE"": ""Country""
  },
  {
    ""CLIENT_DOMAIN"": ""Luminate"",
    ""GENRES"": [
      ""Country"",
      ""Pop""
    ],
    ""MAIN_GENRE"": ""Country""
  }
]",2023-07-07,2023-07-20,2,120762.93823424,46929
MRELGCA951C5CB5714BB19D84294A37982612,The Cruelest Summer,Taylor Swift,"[
  {
    ""CLIENT_DOMAIN"": ""Luminate"",
    ""GENRES"": [
      ""Country"",
      ""Pop""
    ],
    ""MAIN_GENRE"": ""Pop""
  },
  {
    ""CLIENT_DOMAIN"": ""Billboard"",
    ""GENRES"": [
      ""Pop"",
      ""Country""
    ],
    ""IS_APPROVED"": false,
    ""MAIN_GENRE"": ""Pop""
  }
]",2023-10-19,2023-10-26,1,15703.38849449,0
MRELGCA951C5CB5714BB19D84294A37982612,The Cruelest Summer,Taylor Swift,"[
  {
    ""CLIENT_DOMAIN"": ""Luminate"",
    ""GENRES"": [
      ""Country"",
      ""Pop""
    ],
    ""MAIN_GENRE"": ""Pop""
  },
  {
    ""CLIENT_DOMAIN"": ""Billboard"",
    ""GENRES"": [
      ""Pop"",
      ""Country""
    ],
    ""IS_APPROVED"": false,
    ""MAIN_GENRE"": ""Pop""
  }
]",2023-10-19,2023-11-02,2,10442.82481256,0
MRELG2E138E24CD5141679E2993FB44383D4F,The Fate of Ophelia,Taylor Swift,"[
  {
    ""CLIENT_DOMAIN"": ""Luminate"",
    ""GENRES"": [
      ""EDM"",
      ""Country"",
      ""Pop""
    ],
    ""MAIN_GENRE"": ""Pop""
  },
  {
    ""CLIENT_DOMAIN"": ""Billboard"",
    ""GENRES"": [
      ""Pop""
    ],
    ""IS_APPROVED"": true,
    ""MAIN_GENRE"": ""Pop""
  }
]",2025-10-28,2025-10-30,1,23227.36953254,1202
MRELG2E138E24CD5141679E2993FB44383D4F,The Fate of Ophelia,Taylor Swift,"[
  {
    ""CLIENT_DOMAIN"": ""Luminate"",
    ""GENRES"": [
      ""EDM"",
      ""Country"",
      ""Pop""
    ],
    ""MAIN_GENRE"": ""Pop""
  },
  {
    ""CLIENT_DOMAIN"": ""Billboard"",
    ""GENRES"": [
      ""Pop""
    ],
    ""IS_APPROVED"": true,
    ""MAIN_GENRE"": ""Pop""
  }
]",2025-10-28,2025-11-06,2,22521.12209472,871
MRELGFA7B9FD45E90461BACE546524280EA16,The Life of a Showgirl,Taylor Swift,"[
  {
    ""CLIENT_DOMAIN"": ""Billboard"",
    ""GENRES"": [
      ""Pop""
    ],
    ""IS_APPROVED"": true,
    ""MAIN_GENRE"": ""Pop""
  },
  {
    ""CLIENT_DOMAIN"": ""Luminate"",
    ""GENRES"": [
      ""Country"",
      ""Pop""
    ],
    ""MAIN_GENRE"": ""Pop""
  }
]",2025-10-03,2025-10-09,1,4005164.36252466,3482082
MRELGFA7B9FD45E90461BACE546524280EA16,The Life of a Showgirl,Taylor Swift,"[
  {
    ""CLIENT_DOMAIN"": ""Billboard"",
    ""GENRES"": [
      ""Pop""
    ],
    ""IS_APPROVED"": true,
    ""MAIN_GENRE"": ""Pop""
  },
  {
    ""CLIENT_DOMAIN"": ""Luminate"",
    ""GENRES"": [
      ""Country"",
      ""Pop""
    ],
    ""MAIN_GENRE"": ""Pop""
  }
]",2025-10-03,2025-10-16,2,340762.63576155,103329
MRELG958568B4165F49468846DD8D2A0BC99E,The Tortured Poets Department,Taylor Swift,"[
  {
    ""CLIENT_DOMAIN"": ""Billboard"",
    ""GENRES"": [
      ""Pop""
    ],
    ""IS_APPROVED"": true,
    ""MAIN_GENRE"": ""Pop""
  },
  {
    ""CLIENT_DOMAIN"": ""Luminate"",
    ""GENRES"": [
      ""Pop"",
      ""Folk""
    ],
    ""MAIN_GENRE"": ""Pop""
  }
]",2024-04-19,2024-04-25,1,2667735.28413424,1971834
MRELG958568B4165F49468846DD8D2A0BC99E,The Tortured Poets Department,Taylor Swift,"[
  {
    ""CLIENT_DOMAIN"": ""Billboard"",
    ""GENRES"": [
      ""Pop""
    ],
    ""IS_APPROVED"": true,
    ""MAIN_GENRE"": ""Pop""
  },
  {
    ""CLIENT_DOMAIN"": ""Luminate"",
    ""GENRES"": [
      ""Pop"",
      ""Folk""
    ],
    ""MAIN_GENRE"": ""Pop""
  }
]",2024-04-19,2024-05-02,2,446233.10813435,114269
MRELG9DBA2AA66CF2487F9207CD176F5D0763,You Need To Calm Down,Taylor Swift,"[
  {
    ""CLIENT_DOMAIN"": ""Billboard"",
    ""GENRES"": [
      ""Pop""
    ],
    ""IS_APPROVED"": true,
    ""MAIN_GENRE"": ""Pop""
  },
  {
    ""CLIENT_DOMAIN"": ""Luminate"",
    ""GENRES"": [
      ""Latin"",
      ""Country"",
      ""Pop""
    ],
    ""MAIN_GENRE"": ""Pop""
  }
]",2019-06-14,2019-06-20,1,28569.84751817,32
MRELG9DBA2AA66CF2487F9207CD176F5D0763,You Need To Calm Down,Taylor Swift,"[
  {
    ""CLIENT_DOMAIN"": ""Billboard"",
    ""GENRES"": [
      ""Pop""
    ],
    ""IS_APPROVED"": true,
    ""MAIN_GENRE"": ""Pop""
  },
  {
    ""CLIENT_DOMAIN"": ""Luminate"",
    ""GENRES"": [
      ""Latin"",
      ""Country"",
      ""Pop""
    ],
    ""MAIN_GENRE"": ""Pop""
  }
]",2019-06-14,2019-06-27,2,15377.85158765,93
MRELG19EEB70D7B484622AACC73D18AF1D9F8,evermore,Taylor Swift,"[
  {
    ""CLIENT_DOMAIN"": ""Luminate"",
    ""GENRES"": [
      ""Rock"",
      ""Country"",
      ""Pop""
    ],
    ""MAIN_GENRE"": ""Pop""
  },
  {
    ""CLIENT_DOMAIN"": ""Billboard"",
    ""GENRES"": [
      ""Pop"",
      ""Alt. Rock""
    ],
    ""IS_APPROVED"": true,
    ""MAIN_GENRE"": ""Pop""
  }
]",2020-12-11,2020-12-17,1,328559.50717074,154543
MRELG19EEB70D7B484622AACC73D18AF1D9F8,evermore,Taylor Swift,"[
  {
    ""CLIENT_DOMAIN"": ""Luminate"",
    ""GENRES"": [
      ""Rock"",
      ""Country"",
      ""Pop""
    ],
    ""MAIN_GENRE"": ""Pop""
  },
  {
    ""CLIENT_DOMAIN"": ""Billboard"",
    ""GENRES"": [
      ""Pop"",
      ""Alt. Rock""
    ],
    ""IS_APPROVED"": true,
    ""MAIN_GENRE"": ""Pop""
  }
]",2020-12-11,2020-12-24,2,169232.56281541,102271
MRELGA316F46EB9E945A5A220081B93900B70,folklore,Taylor Swift,"[
  {
    ""CLIENT_DOMAIN"": ""Luminate"",
    ""GENRES"": [
      ""Rock"",
      ""Country"",
      ""Pop""
    ],
    ""MAIN_GENRE"": ""Pop""
  },
  {
    ""CLIENT_DOMAIN"": ""Billboard"",
    ""GENRES"": [
      ""Alt. Rock"",
      ""Pop""
    ],
    ""IS_APPROVED"": true,
    ""MAIN_GENRE"": ""Pop""
  }
]",2020-07-24,2020-07-30,1,845132.09538968,615195
MRELGA316F46EB9E945A5A220081B93900B70,folklore,Taylor Swift,"[
  {
    ""CLIENT_DOMAIN"": ""Luminate"",
    ""GENRES"": [
      ""Rock"",
      ""Country"",
      ""Pop""
    ],
    ""MAIN_GENRE"": ""Pop""
  },
  {
    ""CLIENT_DOMAIN"": ""Billboard"",
    ""GENRES"": [
      ""Alt. Rock"",
      ""Pop""
    ],
    ""IS_APPROVED"": true,
    ""MAIN_GENRE"": ""Pop""
  }
]",2020-07-24,2020-08-06,2,134361.38046035,30346
MRELG90BE30A19F0048DA9BFB963EA2E7B2A1,folklore: the long pond studio sessions (from the Disney+ special),Taylor Swift,"[
  {
    ""CLIENT_DOMAIN"": ""Billboard"",
    ""GENRES"": [
      ""Alt. Rock"",
      ""Pop""
    ],
    ""IS_APPROVED"": true,
    ""MAIN_GENRE"": ""Pop""
  },
  {
    ""CLIENT_DOMAIN"": ""Luminate"",
    ""GENRES"": [
      ""Soundtrack"",
      ""Rock"",
      ""Country"",
      ""Pop""
    ],
    ""MAIN_GENRE"": ""Pop""
  }
]",2020-11-25,2020-11-26,1,22788.76824880,2553
MRELG90BE30A19F0048DA9BFB963EA2E7B2A1,folklore: the long pond studio sessions (from the Disney+ special),Taylor Swift,"[
  {
    ""CLIENT_DOMAIN"": ""Billboard"",
    ""GENRES"": [
      ""Alt. Rock"",
      ""Pop""
    ],
    ""IS_APPROVED"": true,
    ""MAIN_GENRE"": ""Pop""
  },
  {
    ""CLIENT_DOMAIN"": ""Luminate"",
    ""GENRES"": [
      ""Soundtrack"",
      ""Rock"",
      ""Country"",
      ""Pop""
    ],
    ""MAIN_GENRE"": ""Pop""
  }
]",2020-11-25,2020-12-03,2,25006.99455619,1635
MRELG27E82FB1BBEC4CF28DDA04428783B1D6,willow,Taylor Swift,"[
  {
    ""CLIENT_DOMAIN"": ""Billboard"",
    ""GENRES"": [
      ""Pop"",
      ""Alt. Rock""
    ],
    ""IS_APPROVED"": true,
    ""MAIN_GENRE"": ""Pop""
  },
  {
    ""CLIENT_DOMAIN"": ""Luminate"",
    ""GENRES"": [
      ""Rock"",
      ""Country"",
      ""Electronica"",
      ""Pop""
    ],
    ""MAIN_GENRE"": ""Pop""
  }
]",2020-12-13,2020-12-17,1,28416.99661723,12826
MRELG27E82FB1BBEC4CF28DDA04428783B1D6,willow,Taylor Swift,"[
  {
    ""CLIENT_DOMAIN"": ""Billboard"",
    ""GENRES"": [
      ""Pop"",
      ""Alt. Rock""
    ],
    ""IS_APPROVED"": true,
    ""MAIN_GENRE"": ""Pop""
  },
  {
    ""CLIENT_DOMAIN"": ""Luminate"",
    ""GENRES"": [
      ""Rock"",
      ""Country"",
      ""Electronica"",
      ""Pop""
    ],
    ""MAIN_GENRE"": ""Pop""
  }
]",2020-12-13,2020-12-24,2,14782.50714209,18
MRELGB430FA24E2A348B4913E417109CAC1CE,I've Tried Everything But Therapy - Part 2,Teddy Swims,"[
  {
    ""CLIENT_DOMAIN"": ""Billboard"",
    ""GENRES"": [
      ""Pop""
    ],
    ""IS_APPROVED"": true,
    ""MAIN_GENRE"": ""Pop""
  },
  {
    ""CLIENT_DOMAIN"": ""Luminate"",
    ""GENRES"": [
      ""R&B/Hip-Hop"",
      ""Pop""
    ],
    ""MAIN_GENRE"": ""Pop""
  }
]",2025-01-24,2025-01-30,1,49346.55397125,25680
MRELGB430FA24E2A348B4913E417109CAC1CE,I've Tried Everything But Therapy - Part 2,Teddy Swims,"[
  {
    ""CLIENT_DOMAIN"": ""Billboard"",
    ""GENRES"": [
      ""Pop""
    ],
    ""IS_APPROVED"": true,
    ""MAIN_GENRE"": ""Pop""
  },
  {
    ""CLIENT_DOMAIN"": ""Luminate"",
    ""GENRES"": [
      ""R&B/Hip-Hop"",
      ""Pop""
    ],
    ""MAIN_GENRE"": ""Pop""
  }
]",2025-01-24,2025-02-06,2,24010.02395804,5964
MRELG9350BED86E6B4062BFEE10E3D20C72BA,I've Tried Everything But Therapy: Complete Edition,Teddy Swims,"[
  {
    ""CLIENT_DOMAIN"": ""Billboard"",
    ""GENRES"": [
      ""Pop""
    ],
    ""IS_APPROVED"": true,
    ""MAIN_GENRE"": ""Pop""
  },
  {
    ""CLIENT_DOMAIN"": ""Luminate"",
    ""GENRES"": [
      ""R&B/Hip-Hop"",
      ""Pop""
    ],
    ""MAIN_GENRE"": ""Pop""
  }
]",2025-06-27,2025-07-03,1,32298.51475301,1154
MRELG9350BED86E6B4062BFEE10E3D20C72BA,I've Tried Everything But Therapy: Complete Edition,Teddy Swims,"[
  {
    ""CLIENT_DOMAIN"": ""Billboard"",
    ""GENRES"": [
      ""Pop""
    ],
    ""IS_APPROVED"": true,
    ""MAIN_GENRE"": ""Pop""
  },
  {
    ""CLIENT_DOMAIN"": ""Luminate"",
    ""GENRES"": [
      ""R&B/Hip-Hop"",
      ""Pop""
    ],
    ""MAIN_GENRE"": ""Pop""
  }
]",2025-06-27,2025-07-10,2,27537.77411650,209
MRELG0D19BEC9F1544B8BAF975A5AAA510863,Built For Whatever,Tee Grizzley,"[
  {
    ""CLIENT_DOMAIN"": ""Luminate"",
    ""GENRES"": [
      ""Rap"",
      ""R&B/Hip-Hop""
    ],
    ""MAIN_GENRE"": ""Rap""
  },
  {
    ""CLIENT_DOMAIN"": ""Billboard"",
    ""GENRES"": [
      ""Rap"",
      ""R&B/Hip-Hop""
    ],
    ""IS_APPROVED"": true,
    ""MAIN_GENRE"": ""Rap""
  }
]",2021-05-06,2021-05-13,1,22520.73808825,738
MRELG0D19BEC9F1544B8BAF975A5AAA510863,Built For Whatever,Tee Grizzley,"[
  {
    ""CLIENT_DOMAIN"": ""Luminate"",
    ""GENRES"": [
      ""Rap"",
      ""R&B/Hip-Hop""
    ],
    ""MAIN_GENRE"": ""Rap""
  },
  {
    ""CLIENT_DOMAIN"": ""Billboard"",
    ""GENRES"": [
      ""Rap"",
      ""R&B/Hip-Hop""
    ],
    ""IS_APPROVED"": true,
    ""MAIN_GENRE"": ""Rap""
  }
]",2021-05-06,2021-05-20,2,9970.02138459,91
MRELG816EEE0287A64602A1F9B1B375D0A58C,Scriptures,Tee Grizzley,"[
  {
    ""CLIENT_DOMAIN"": ""Luminate"",
    ""GENRES"": [
      ""Rap"",
      ""R&B/Hip-Hop""
    ],
    ""MAIN_GENRE"": ""Rap""
  },
  {
    ""CLIENT_DOMAIN"": ""Billboard"",
    ""GENRES"": [
      ""Rap"",
      ""R&B/Hip-Hop""
    ],
    ""IS_APPROVED"": true,
    ""MAIN_GENRE"": ""Rap""
  }
]",2019-06-06,2019-06-13,1,25712.60969158,2157
MRELG816EEE0287A64602A1F9B1B375D0A58C,Scriptures,Tee Grizzley,"[
  {
    ""CLIENT_DOMAIN"": ""Luminate"",
    ""GENRES"": [
      ""Rap"",
      ""R&B/Hip-Hop""
    ],
    ""MAIN_GENRE"": ""Rap""
  },
  {
    ""CLIENT_DOMAIN"": ""Billboard"",
    ""GENRES"": [
      ""Rap"",
      ""R&B/Hip-Hop""
    ],
    ""IS_APPROVED"": true,
    ""MAIN_GENRE"": ""Rap""
  }
]",2019-06-06,2019-06-20,2,13696.22382774,665
MRELG79ECC3A3AEBB4D52A8D00813A7856355,Still My Moment,Tee Grizzley,"[
  {
    ""CLIENT_DOMAIN"": ""Billboard"",
    ""GENRES"": [
      ""Rap"",
      ""R&B/Hip-Hop""
    ],
    ""IS_APPROVED"": true,
    ""MAIN_GENRE"": ""Rap""
  },
  {
    ""CLIENT_DOMAIN"": ""Luminate"",
    ""GENRES"": [
      ""Rap"",
      ""R&B/Hip-Hop""
    ],
    ""MAIN_GENRE"": ""Rap""
  }
]",2018-11-09,2018-11-15,1,21163.68562555,2119
MRELG79ECC3A3AEBB4D52A8D00813A7856355,Still My Moment,Tee Grizzley,"[
  {
    ""CLIENT_DOMAIN"": ""Billboard"",
    ""GENRES"": [
      ""Rap"",
      ""R&B/Hip-Hop""
    ],
    ""IS_APPROVED"": true,
    ""MAIN_GENRE"": ""Rap""
  },
  {
    ""CLIENT_DOMAIN"": ""Luminate"",
    ""GENRES"": [
      ""Rap"",
      ""R&B/Hip-Hop""
    ],
    ""MAIN_GENRE"": ""Rap""
  }
]",2018-11-09,2018-11-22,2,10197.62756546,551
MRELG6982D8DD87AF4960B60335D6B16B3072,The Smartest,Tee Grizzley,"[
  {
    ""CLIENT_DOMAIN"": ""Luminate"",
    ""GENRES"": [
      ""Rap"",
      ""R&B/Hip-Hop""
    ],
    ""MAIN_GENRE"": ""Rap""
  },
  {
    ""CLIENT_DOMAIN"": ""Billboard"",
    ""GENRES"": [
      ""R&B/Hip-Hop"",
      ""Rap""
    ],
    ""IS_APPROVED"": true,
    ""MAIN_GENRE"": ""Rap""
  }
]",2020-06-19,2020-06-25,1,21396.96118024,1658
MRELG6982D8DD87AF4960B60335D6B16B3072,The Smartest,Tee Grizzley,"[
  {
    ""CLIENT_DOMAIN"": ""Luminate"",
    ""GENRES"": [
      ""Rap"",
      ""R&B/Hip-Hop""
    ],
    ""MAIN_GENRE"": ""Rap""
  },
  {
    ""CLIENT_DOMAIN"": ""Billboard"",
    ""GENRES"": [
      ""R&B/Hip-Hop"",
      ""Rap""
    ],
    ""IS_APPROVED"": true,
    ""MAIN_GENRE"": ""Rap""
  }
]",2020-06-19,2020-07-02,2,10607.00990187,200
MRELG248CD8075D024D489C4219575D5A3031,K.T.S.E.,Teyana Taylor,"[
  {
    ""CLIENT_DOMAIN"": ""Billboard"",
    ""GENRES"": [
      ""R&B/Hip-Hop"",
      ""R&B""
    ],
    ""IS_APPROVED"": true,
    ""MAIN_GENRE"": ""R&B""
  },
  {
    ""CLIENT_DOMAIN"": ""Luminate"",
    ""GENRES"": [
      ""R&B/Hip-Hop""
    ],
    ""MAIN_GENRE"": ""R&B/Hip-Hop""
  }
]",2018-06-23,2018-06-28,1,26626.23087898,7435
MRELG248CD8075D024D489C4219575D5A3031,K.T.S.E.,Teyana Taylor,"[
  {
    ""CLIENT_DOMAIN"": ""Billboard"",
    ""GENRES"": [
      ""R&B/Hip-Hop"",
      ""R&B""
    ],
    ""IS_APPROVED"": true,
    ""MAIN_GENRE"": ""R&B""
  },
  {
    ""CLIENT_DOMAIN"": ""Luminate"",
    ""GENRES"": [
      ""R&B/Hip-Hop""
    ],
    ""MAIN_GENRE"": ""R&B/Hip-Hop""
  }
]",2018-06-23,2018-07-05,2,10986.77359841,1829
MRELG33C657CC459948F2B200CBFAC14AC9B3,The Album,Teyana Taylor,"[
  {
    ""CLIENT_DOMAIN"": ""Billboard"",
    ""GENRES"": [
      ""R&B"",
      ""R&B/Hip-Hop""
    ],
    ""IS_APPROVED"": true,
    ""MAIN_GENRE"": ""R&B""
  },
  {
    ""CLIENT_DOMAIN"": ""Luminate"",
    ""GENRES"": [
      ""R&B/Hip-Hop""
    ],
    ""MAIN_GENRE"": ""R&B/Hip-Hop""
  }
]",2020-06-19,2020-06-25,1,31443.99201125,3928
MRELG33C657CC459948F2B200CBFAC14AC9B3,The Album,Teyana Taylor,"[
  {
    ""CLIENT_DOMAIN"": ""Billboard"",
    ""GENRES"": [
      ""R&B"",
      ""R&B/Hip-Hop""
    ],
    ""IS_APPROVED"": true,
    ""MAIN_GENRE"": ""R&B""
  },
  {
    ""CLIENT_DOMAIN"": ""Luminate"",
    ""GENRES"": [
      ""R&B/Hip-Hop""
    ],
    ""MAIN_GENRE"": ""R&B/Hip-Hop""
  }
]",2020-06-19,2020-07-02,2,15979.40134581,1140
MRELGE8E20E3004CA4E68A47CB7F41BFD7C3E,A Brief Inquiry Into Online Relationships,The 1975,"[
  {
    ""CLIENT_DOMAIN"": ""Luminate"",
    ""GENRES"": [
      ""Indie Rock"",
      ""Rock""
    ],
    ""MAIN_GENRE"": ""Rock""
  },
  {
    ""CLIENT_DOMAIN"": ""Billboard"",
    ""GENRES"": [
      ""Rock"",
      ""Alt. Rock""
    ],
    ""IS_APPROVED"": true,
    ""MAIN_GENRE"": ""Alt. Rock""
  }
]",2018-11-29,2018-12-06,1,67101.02134170,48797
MRELGE8E20E3004CA4E68A47CB7F41BFD7C3E,A Brief Inquiry Into Online Relationships,The 1975,"[
  {
    ""CLIENT_DOMAIN"": ""Luminate"",
    ""GENRES"": [
      ""Indie Rock"",
      ""Rock""
    ],
    ""MAIN_GENRE"": ""Rock""
  },
  {
    ""CLIENT_DOMAIN"": ""Billboard"",
    ""GENRES"": [
      ""Rock"",
      ""Alt. Rock""
    ],
    ""IS_APPROVED"": true,
    ""MAIN_GENRE"": ""Alt. Rock""
  }
]",2018-11-29,2018-12-13,2,16336.65422783,7967
MRELG7A29D7E5BE724A8190BA4CA0747984B7,Notes On A Conditional Form,The 1975,"[
  {
    ""CLIENT_DOMAIN"": ""Luminate"",
    ""GENRES"": [
      ""Indie Rock"",
      ""Rock""
    ],
    ""MAIN_GENRE"": ""Rock""
  },
  {
    ""CLIENT_DOMAIN"": ""Billboard"",
    ""GENRES"": [
      ""Rock"",
      ""Alt. Rock""
    ],
    ""IS_APPROVED"": true,
    ""MAIN_GENRE"": ""Alt. Rock""
  }
]",2020-05-22,2020-05-28,1,53276.70033783,38755
MRELG7A29D7E5BE724A8190BA4CA0747984B7,Notes On A Conditional Form,The 1975,"[
  {
    ""CLIENT_DOMAIN"": ""Luminate"",
    ""GENRES"": [
      ""Indie Rock"",
      ""Rock""
    ],
    ""MAIN_GENRE"": ""Rock""
  },
  {
    ""CLIENT_DOMAIN"": ""Billboard"",
    ""GENRES"": [
      ""Rock"",
      ""Alt. Rock""
    ],
    ""IS_APPROVED"": true,
    ""MAIN_GENRE"": ""Alt. Rock""
  }
]",2020-05-22,2020-06-04,2,7755.53216507,2876
MRELG84A19570B6D44E46883671204544724C,Sick Boy,The Chainsmokers,"[
  {
    ""CLIENT_DOMAIN"": ""Luminate"",
    ""GENRES"": [
      ""EDM"",
      ""Pop""
    ],
    ""MAIN_GENRE"": ""EDM""
  },
  {
    ""CLIENT_DOMAIN"": ""Billboard"",
    ""GENRES"": [
      ""Dance/Electronic""
    ],
    ""IS_APPROVED"": true,
    ""MAIN_GENRE"": ""Dance/Electronic""
  }
]",2018-04-20,2018-04-26,1,24510.33289697,2304
MRELG84A19570B6D44E46883671204544724C,Sick Boy,The Chainsmokers,"[
  {
    ""CLIENT_DOMAIN"": ""Luminate"",
    ""GENRES"": [
      ""EDM"",
      ""Pop""
    ],
    ""MAIN_GENRE"": ""EDM""
  },
  {
    ""CLIENT_DOMAIN"": ""Billboard"",
    ""GENRES"": [
      ""Dance/Electronic""
    ],
    ""IS_APPROVED"": true,
    ""MAIN_GENRE"": ""Dance/Electronic""
  }
]",2018-04-20,2018-05-03,2,17807.04247491,390
MRELGAB5FE1769B174086B3A95CE7FFFC5BEB,Songs Of A Lost World,The Cure,"[
  {
    ""CLIENT_DOMAIN"": ""Billboard"",
    ""GENRES"": [
      ""Alt. Rock"",
      ""Rock""
    ],
    ""IS_APPROVED"": true,
    ""MAIN_GENRE"": ""Alt. Rock""
  },
  {
    ""CLIENT_DOMAIN"": ""Luminate"",
    ""GENRES"": [
      ""Rock""
    ],
    ""MAIN_GENRE"": ""Rock""
  }
]",2024-11-01,2024-11-07,1,56681.73627132,52762
MRELGAB5FE1769B174086B3A95CE7FFFC5BEB,Songs Of A Lost World,The Cure,"[
  {
    ""CLIENT_DOMAIN"": ""Billboard"",
    ""GENRES"": [
      ""Alt. Rock"",
      ""Rock""
    ],
    ""IS_APPROVED"": true,
    ""MAIN_GENRE"": ""Alt. Rock""
  },
  {
    ""CLIENT_DOMAIN"": ""Luminate"",
    ""GENRES"": [
      ""Rock""
    ],
    ""MAIN_GENRE"": ""Rock""
  }
]",2024-11-01,2024-11-14,2,13488.50253998,11655
MRELGE97746EDD37F421FBFADD91BFEB9DBD8,Born 2 Rap,The Game,"[
  {
    ""CLIENT_DOMAIN"": ""Billboard"",
    ""GENRES"": [
      ""Rap"",
      ""R&B/Hip-Hop""
    ],
    ""IS_APPROVED"": true,
    ""MAIN_GENRE"": ""Rap""
  },
  {
    ""CLIENT_DOMAIN"": ""Luminate"",
    ""GENRES"": [
      ""Rap"",
      ""R&B/Hip-Hop""
    ],
    ""MAIN_GENRE"": ""Rap""
  }
]",2019-11-29,2019-12-05,1,24949.73898990,4508
MRELGE97746EDD37F421FBFADD91BFEB9DBD8,Born 2 Rap,The Game,"[
  {
    ""CLIENT_DOMAIN"": ""Billboard"",
    ""GENRES"": [
      ""Rap"",
      ""R&B/Hip-Hop""
    ],
    ""IS_APPROVED"": true,
    ""MAIN_GENRE"": ""Rap""
  },
  {
    ""CLIENT_DOMAIN"": ""Luminate"",
    ""GENRES"": [
      ""Rap"",
      ""R&B/Hip-Hop""
    ],
    ""MAIN_GENRE"": ""Rap""
  }
]",2019-11-29,2019-12-12,2,11153.83180390,1015
MRELG80D57D8D027349E78E231E3BFC193D84,DRILLMATIC Heart vs. Mind,The Game,"[
  {
    ""CLIENT_DOMAIN"": ""Luminate"",
    ""GENRES"": [
      ""Rap"",
      ""R&B/Hip-Hop""
    ],
    ""MAIN_GENRE"": ""Rap""
  },
  {
    ""CLIENT_DOMAIN"": ""Billboard"",
    ""GENRES"": [
      ""R&B/Hip-Hop"",
      ""Rap""
    ],
    ""IS_APPROVED"": true,
    ""MAIN_GENRE"": ""Rap""
  }
]",2022-08-12,2022-08-18,1,22801.17636270,1593
MRELG80D57D8D027349E78E231E3BFC193D84,DRILLMATIC Heart vs. Mind,The Game,"[
  {
    ""CLIENT_DOMAIN"": ""Luminate"",
    ""GENRES"": [
      ""Rap"",
      ""R&B/Hip-Hop""
    ],
    ""MAIN_GENRE"": ""Rap""
  },
  {
    ""CLIENT_DOMAIN"": ""Billboard"",
    ""GENRES"": [
      ""R&B/Hip-Hop"",
      ""Rap""
    ],
    ""IS_APPROVED"": true,
    ""MAIN_GENRE"": ""Rap""
  }
]",2022-08-12,2022-08-25,2,7974.77258949,352
MRELG96ECA98E0D73407CA8B591BC9DD5E6F5,F*CK LOVE 3+: OVER YOU,The Kid LAROI,"[
  {
    ""CLIENT_DOMAIN"": ""Billboard"",
    ""GENRES"": [
      ""R&B/Hip-Hop"",
      ""Rap""
    ],
    ""IS_APPROVED"": true,
    ""MAIN_GENRE"": ""Rap""
  },
  {
    ""CLIENT_DOMAIN"": ""Luminate"",
    ""GENRES"": [
      ""Rap"",
      ""R&B/Hip-Hop"",
      ""Pop""
    ],
    ""MAIN_GENRE"": ""Rap""
  }
]",2021-07-27,2021-07-29,1,83609.35282776,200
MRELG96ECA98E0D73407CA8B591BC9DD5E6F5,F*CK LOVE 3+: OVER YOU,The Kid LAROI,"[
  {
    ""CLIENT_DOMAIN"": ""Billboard"",
    ""GENRES"": [
      ""R&B/Hip-Hop"",
      ""Rap""
    ],
    ""IS_APPROVED"": true,
    ""MAIN_GENRE"": ""Rap""
  },
  {
    ""CLIENT_DOMAIN"": ""Luminate"",
    ""GENRES"": [
      ""Rap"",
      ""R&B/Hip-Hop"",
      ""Pop""
    ],
    ""MAIN_GENRE"": ""Rap""
  }
]",2021-07-27,2021-08-05,2,65001.78887980,44
MRELGC1738A10C99041388CFA130A3A6E6304,F*CK LOVE 3: OVER YOU,The Kid LAROI,"[
  {
    ""CLIENT_DOMAIN"": ""Billboard"",
    ""GENRES"": [
      ""R&B/Hip-Hop"",
      ""Rap""
    ],
    ""IS_APPROVED"": true,
    ""MAIN_GENRE"": ""Rap""
  },
  {
    ""CLIENT_DOMAIN"": ""Luminate"",
    ""GENRES"": [
      ""Rap"",
      ""R&B/Hip-Hop""
    ],
    ""MAIN_GENRE"": ""Rap""
  }
]",2021-07-23,2021-07-29,1,80032.25062445,1431
MRELGC1738A10C99041388CFA130A3A6E6304,F*CK LOVE 3: OVER YOU,The Kid LAROI,"[
  {
    ""CLIENT_DOMAIN"": ""Billboard"",
    ""GENRES"": [
      ""R&B/Hip-Hop"",
      ""Rap""
    ],
    ""IS_APPROVED"": true,
    ""MAIN_GENRE"": ""Rap""
  },
  {
    ""CLIENT_DOMAIN"": ""Luminate"",
    ""GENRES"": [
      ""Rap"",
      ""R&B/Hip-Hop""
    ],
    ""MAIN_GENRE"": ""Rap""
  }
]",2021-07-23,2021-08-05,2,58857.55393581,88
MRELG165CAA21DA2B41D9A01C94C6AE4E0A11,IMPLODING THE MIRAGE,The Killers,"[
  {
    ""CLIENT_DOMAIN"": ""Luminate"",
    ""GENRES"": [
      ""Rock""
    ],
    ""MAIN_GENRE"": ""Rock""
  },
  {
    ""CLIENT_DOMAIN"": ""Billboard"",
    ""GENRES"": [
      ""Rock"",
      ""Alt. Rock""
    ],
    ""IS_APPROVED"": true,
    ""MAIN_GENRE"": ""Alt. Rock""
  }
]",2020-08-21,2020-08-27,1,36778.85518204,29794
MRELG165CAA21DA2B41D9A01C94C6AE4E0A11,IMPLODING THE MIRAGE,The Killers,"[
  {
    ""CLIENT_DOMAIN"": ""Luminate"",
    ""GENRES"": [
      ""Rock""
    ],
    ""MAIN_GENRE"": ""Rock""
  },
  {
    ""CLIENT_DOMAIN"": ""Billboard"",
    ""GENRES"": [
      ""Rock"",
      ""Alt. Rock""
    ],
    ""IS_APPROVED"": true,
    ""MAIN_GENRE"": ""Alt. Rock""
  }
]",2020-08-21,2020-09-03,2,7180.10943235,4269
MRELGF774EBD9251648DF9A172777664825A5,BRIGHTSIDE,The Lumineers,"[
  {
    ""CLIENT_DOMAIN"": ""Billboard"",
    ""GENRES"": [
      ""Rock"",
      ""Folk"",
      ""Alt. Rock""
    ],
    ""IS_APPROVED"": true,
    ""MAIN_GENRE"": ""Alt. Rock""
  },
  {
    ""CLIENT_DOMAIN"": ""Luminate"",
    ""GENRES"": [
      ""Indie Rock"",
      ""Country & Folk"",
      ""Rock"",
      ""Folk"",
      ""Reggaeton""
    ],
    ""MAIN_GENRE"": ""Rock""
  }
]",2022-01-14,2022-01-20,1,37138.19019195,25942
MRELGF774EBD9251648DF9A172777664825A5,BRIGHTSIDE,The Lumineers,"[
  {
    ""CLIENT_DOMAIN"": ""Billboard"",
    ""GENRES"": [
      ""Rock"",
      ""Folk"",
      ""Alt. Rock""
    ],
    ""IS_APPROVED"": true,
    ""MAIN_GENRE"": ""Alt. Rock""
  },
  {
    ""CLIENT_DOMAIN"": ""Luminate"",
    ""GENRES"": [
      ""Indie Rock"",
      ""Country & Folk"",
      ""Rock"",
      ""Folk"",
      ""Reggaeton""
    ],
    ""MAIN_GENRE"": ""Rock""
  }
]",2022-01-14,2022-01-27,2,10032.13175454,5834
MRELG472EF83B2EC64FDABE139AAD854DF0F9,III,The Lumineers,"[
  {
    ""CLIENT_DOMAIN"": ""Luminate"",
    ""GENRES"": [
      ""Indie Rock"",
      ""Country & Folk"",
      ""Rock"",
      ""Folk""
    ],
    ""MAIN_GENRE"": ""Rock""
  },
  {
    ""CLIENT_DOMAIN"": ""Billboard"",
    ""GENRES"": [
      ""Folk"",
      ""Alt. Rock"",
      ""Rock""
    ],
    ""IS_APPROVED"": true,
    ""MAIN_GENRE"": ""Alt. Rock""
  }
]",2019-09-13,2019-09-19,1,86420.96545763,73581
MRELG472EF83B2EC64FDABE139AAD854DF0F9,III,The Lumineers,"[
  {
    ""CLIENT_DOMAIN"": ""Luminate"",
    ""GENRES"": [
      ""Indie Rock"",
      ""Country & Folk"",
      ""Rock"",
      ""Folk""
    ],
    ""MAIN_GENRE"": ""Rock""
  },
  {
    ""CLIENT_DOMAIN"": ""Billboard"",
    ""GENRES"": [
      ""Folk"",
      ""Alt. Rock"",
      ""Rock""
    ],
    ""IS_APPROVED"": true,
    ""MAIN_GENRE"": ""Alt. Rock""
  }
]",2019-09-13,2019-09-26,2,16408.79075651,10244
MRELG2E144F9894AE436CAEE61B391BC4F9FD,First Two Pages of Frankenstein,The National,"[
  {
    ""CLIENT_DOMAIN"": ""Billboard"",
    ""GENRES"": [
      ""Alt. Rock"",
      ""Rock""
    ],
    ""IS_APPROVED"": true,
    ""MAIN_GENRE"": ""Alt. Rock""
  },
  {
    ""CLIENT_DOMAIN"": ""Luminate"",
    ""GENRES"": [
      ""Rock""
    ],
    ""MAIN_GENRE"": ""Rock""
  }
]",2023-04-28,2023-05-04,1,31988.27165021,24325
MRELG2E144F9894AE436CAEE61B391BC4F9FD,First Two Pages of Frankenstein,The National,"[
  {
    ""CLIENT_DOMAIN"": ""Billboard"",
    ""GENRES"": [
      ""Alt. Rock"",
      ""Rock""
    ],
    ""IS_APPROVED"": true,
    ""MAIN_GENRE"": ""Alt. Rock""
  },
  {
    ""CLIENT_DOMAIN"": ""Luminate"",
    ""GENRES"": [
      ""Rock""
    ],
    ""MAIN_GENRE"": ""Rock""
  }
]",2023-04-28,2023-05-11,2,8187.25619292,4276
MRELGF5EA14F4958D4EABAD51AEA12C676A7F,I Am Easy to Find,The National,"[
  {
    ""CLIENT_DOMAIN"": ""Billboard"",
    ""GENRES"": [
      ""Alt. Rock"",
      ""Rock""
    ],
    ""IS_APPROVED"": true,
    ""MAIN_GENRE"": ""Alt. Rock""
  },
  {
    ""CLIENT_DOMAIN"": ""Luminate"",
    ""GENRES"": [
      ""Indie Rock"",
      ""Rock""
    ],
    ""MAIN_GENRE"": ""Rock""
  }
]",2019-05-17,2019-05-23,1,39500.35943432,33415
MRELGF5EA14F4958D4EABAD51AEA12C676A7F,I Am Easy to Find,The National,"[
  {
    ""CLIENT_DOMAIN"": ""Billboard"",
    ""GENRES"": [
      ""Alt. Rock"",
      ""Rock""
    ],
    ""IS_APPROVED"": true,
    ""MAIN_GENRE"": ""Alt. Rock""
  },
  {
    ""CLIENT_DOMAIN"": ""Luminate"",
    ""GENRES"": [
      ""Indie Rock"",
      ""Rock""
    ],
    ""MAIN_GENRE"": ""Rock""
  }
]",2019-05-17,2019-05-30,2,8302.83553694,5586
MRELG3610E2F673074812BC97AA4AA5B241C9,A Philly Special Christmas Party,The Philly Specials,"[
  {
    ""CLIENT_DOMAIN"": ""Billboard"",
    ""GENRES"": [
      ""Pop"",
      ""Holiday/Seasonal""
    ],
    ""IS_APPROVED"": true,
    ""MAIN_GENRE"": ""Holiday/Seasonal""
  },
  {
    ""CLIENT_DOMAIN"": ""Luminate"",
    ""GENRES"": [
      ""Holiday/Seasonal"",
      ""Pop""
    ],
    ""MAIN_GENRE"": ""Holiday/Seasonal""
  }
]",2024-11-22,2024-11-28,1,33114.76519346,32077
MRELG3610E2F673074812BC97AA4AA5B241C9,A Philly Special Christmas Party,The Philly Specials,"[
  {
    ""CLIENT_DOMAIN"": ""Billboard"",
    ""GENRES"": [
      ""Pop"",
      ""Holiday/Seasonal""
    ],
    ""IS_APPROVED"": true,
    ""MAIN_GENRE"": ""Holiday/Seasonal""
  },
  {
    ""CLIENT_DOMAIN"": ""Luminate"",
    ""GENRES"": [
      ""Holiday/Seasonal"",
      ""Pop""
    ],
    ""MAIN_GENRE"": ""Holiday/Seasonal""
  }
]",2024-11-22,2024-12-05,2,4008.69114871,3166
MRELG2519D95E3A0F41DD98938EFCF6969DFA,Help Us Stranger,The Raconteurs,"[
  {
    ""CLIENT_DOMAIN"": ""Billboard"",
    ""GENRES"": [
      ""Rock"",
      ""Alt. Rock""
    ],
    ""IS_APPROVED"": true,
    ""MAIN_GENRE"": ""Alt. Rock""
  },
  {
    ""CLIENT_DOMAIN"": ""Luminate"",
    ""GENRES"": [
      ""Indie Rock"",
      ""Rock"",
      ""Alternative""
    ],
    ""MAIN_GENRE"": ""Rock""
  }
]",2019-06-21,2019-06-27,1,87881.26100829,84188
MRELG2519D95E3A0F41DD98938EFCF6969DFA,Help Us Stranger,The Raconteurs,"[
  {
    ""CLIENT_DOMAIN"": ""Billboard"",
    ""GENRES"": [
      ""Rock"",
      ""Alt. Rock""
    ],
    ""IS_APPROVED"": true,
    ""MAIN_GENRE"": ""Alt. Rock""
  },
  {
    ""CLIENT_DOMAIN"": ""Luminate"",
    ""GENRES"": [
      ""Indie Rock"",
      ""Rock"",
      ""Alternative""
    ],
    ""MAIN_GENRE"": ""Rock""
  }
]",2019-06-21,2019-07-04,2,12650.57464386,10905
MRELG81A0B88E800742FA88F5C6CAAE9503CF,MADE BY THESE MOMENTS,The Red Clay Strays,"[
  {
    ""CLIENT_DOMAIN"": ""Billboard"",
    ""GENRES"": [
      ""Folk"",
      ""Country"",
      ""Rock""
    ],
    ""IS_APPROVED"": true,
    ""MAIN_GENRE"": ""Folk""
  },
  {
    ""CLIENT_DOMAIN"": ""Luminate"",
    ""GENRES"": [
      ""Rock"",
      ""Country"",
      ""Folk""
    ],
    ""MAIN_GENRE"": ""Folk""
  }
]",2024-07-26,2024-08-01,1,21573.43697980,11195
MRELG81A0B88E800742FA88F5C6CAAE9503CF,MADE BY THESE MOMENTS,The Red Clay Strays,"[
  {
    ""CLIENT_DOMAIN"": ""Billboard"",
    ""GENRES"": [
      ""Folk"",
      ""Country"",
      ""Rock""
    ],
    ""IS_APPROVED"": true,
    ""MAIN_GENRE"": ""Folk""
  },
  {
    ""CLIENT_DOMAIN"": ""Luminate"",
    ""GENRES"": [
      ""Rock"",
      ""Country"",
      ""Folk""
    ],
    ""MAIN_GENRE"": ""Folk""
  }
]",2024-07-26,2024-08-08,2,9452.59743067,2559
MRELGA0A5E587AE9642299BB9F6B7F016A2F2,Hackney Diamonds,The Rolling Stones,"[
  {
    ""CLIENT_DOMAIN"": ""Luminate"",
    ""GENRES"": [
      ""Rock""
    ],
    ""MAIN_GENRE"": ""Rock""
  },
  {
    ""CLIENT_DOMAIN"": ""Billboard"",
    ""GENRES"": [
      ""Rock""
    ],
    ""IS_APPROVED"": true,
    ""MAIN_GENRE"": ""Rock""
  }
]",2023-10-20,2023-10-26,1,100256.21635663,93045
MRELGA0A5E587AE9642299BB9F6B7F016A2F2,Hackney Diamonds,The Rolling Stones,"[
  {
    ""CLIENT_DOMAIN"": ""Luminate"",
    ""GENRES"": [
      ""Rock""
    ],
    ""MAIN_GENRE"": ""Rock""
  },
  {
    ""CLIENT_DOMAIN"": ""Billboard"",
    ""GENRES"": [
      ""Rock""
    ],
    ""IS_APPROVED"": true,
    ""MAIN_GENRE"": ""Rock""
  }
]",2023-10-20,2023-11-02,2,35832.77983287,32817
MRELGFE854E77EE2C48A4BAC92EDBCA532427,DUAL,The Rose,"[
  {
    ""CLIENT_DOMAIN"": ""Luminate"",
    ""GENRES"": [
      ""Rock""
    ],
    ""MAIN_GENRE"": ""Rock""
  },
  {
    ""CLIENT_DOMAIN"": ""Billboard"",
    ""GENRES"": [
      ""Rock"",
      ""Alt. Rock""
    ],
    ""IS_APPROVED"": true,
    ""MAIN_GENRE"": ""Alt. Rock""
  }
]",2023-09-21,2023-09-28,1,11862.84272659,10554
MRELGFE854E77EE2C48A4BAC92EDBCA532427,DUAL,The Rose,"[
  {
    ""CLIENT_DOMAIN"": ""Luminate"",
    ""GENRES"": [
      ""Rock""
    ],
    ""MAIN_GENRE"": ""Rock""
  },
  {
    ""CLIENT_DOMAIN"": ""Billboard"",
    ""GENRES"": [
      ""Rock"",
      ""Alt. Rock""
    ],
    ""IS_APPROVED"": true,
    ""MAIN_GENRE"": ""Alt. Rock""
  }
]",2023-09-21,2023-10-05,2,1334.32069040,418
MRELGF81364D4C1F349F2AB1AFEE3383A534A,CYR,The Smashing Pumpkins,"[
  {
    ""CLIENT_DOMAIN"": ""Luminate"",
    ""GENRES"": [
      ""Indie Rock"",
      ""Rock"",
      ""Alternative""
    ],
    ""MAIN_GENRE"": ""Rock""
  },
  {
    ""CLIENT_DOMAIN"": ""Billboard"",
    ""GENRES"": [
      ""Alt. Rock"",
      ""Rock""
    ],
    ""IS_APPROVED"": true,
    ""MAIN_GENRE"": ""Alt. Rock""
  }
]",2020-11-27,2020-12-03,1,11698.38536411,10147
MRELGF81364D4C1F349F2AB1AFEE3383A534A,CYR,The Smashing Pumpkins,"[
  {
    ""CLIENT_DOMAIN"": ""Luminate"",
    ""GENRES"": [
      ""Indie Rock"",
      ""Rock"",
      ""Alternative""
    ],
    ""MAIN_GENRE"": ""Rock""
  },
  {
    ""CLIENT_DOMAIN"": ""Billboard"",
    ""GENRES"": [
      ""Alt. Rock"",
      ""Rock""
    ],
    ""IS_APPROVED"": true,
    ""MAIN_GENRE"": ""Alt. Rock""
  }
]",2020-11-27,2020-12-10,2,3545.16747529,2857
MRELG9B1913ED8E3E41438644E97BE4201CFA,Wall Of Eyes,The Smile,"[
  {
    ""CLIENT_DOMAIN"": ""Luminate"",
    ""GENRES"": [
      ""Indie Rock"",
      ""Rock""
    ],
    ""MAIN_GENRE"": ""Rock""
  },
  {
    ""CLIENT_DOMAIN"": ""Billboard"",
    ""GENRES"": [
      ""Rock"",
      ""Alt. Rock""
    ],
    ""IS_APPROVED"": true,
    ""MAIN_GENRE"": ""Alt. Rock""
  }
]",2024-01-26,2024-02-01,1,21896.29021098,19066
MRELG9B1913ED8E3E41438644E97BE4201CFA,Wall Of Eyes,The Smile,"[
  {
    ""CLIENT_DOMAIN"": ""Luminate"",
    ""GENRES"": [
      ""Indie Rock"",
      ""Rock""
    ],
    ""MAIN_GENRE"": ""Rock""
  },
  {
    ""CLIENT_DOMAIN"": ""Billboard"",
    ""GENRES"": [
      ""Rock"",
      ""Alt. Rock""
    ],
    ""IS_APPROVED"": true,
    ""MAIN_GENRE"": ""Alt. Rock""
  }
]",2024-01-26,2024-02-08,2,6207.33649530,4936
MRELG0DE996F77A524AB394E556574568D0D3,After Hours,The Weeknd,"[
  {
    ""CLIENT_DOMAIN"": ""Billboard"",
    ""GENRES"": [
      ""R&B"",
      ""R&B/Hip-Hop""
    ],
    ""IS_APPROVED"": true,
    ""MAIN_GENRE"": ""R&B""
  },
  {
    ""CLIENT_DOMAIN"": ""Luminate"",
    ""GENRES"": [
      ""R&B/Hip-Hop""
    ],
    ""MAIN_GENRE"": ""R&B/Hip-Hop""
  }
]",2020-03-20,2020-03-26,1,441400.18389670,275041
MRELG0DE996F77A524AB394E556574568D0D3,After Hours,The Weeknd,"[
  {
    ""CLIENT_DOMAIN"": ""Billboard"",
    ""GENRES"": [
      ""R&B"",
      ""R&B/Hip-Hop""
    ],
    ""IS_APPROVED"": true,
    ""MAIN_GENRE"": ""R&B""
  },
  {
    ""CLIENT_DOMAIN"": ""Luminate"",
    ""GENRES"": [
      ""R&B/Hip-Hop""
    ],
    ""MAIN_GENRE"": ""R&B/Hip-Hop""
  }
]",2020-03-20,2020-04-02,2,137981.42704477,47430
MRELG9D6A1E81DC5E49148C73A384D27042DC,Hurry Up Tomorrow,The Weeknd,"[
  {
    ""CLIENT_DOMAIN"": ""Luminate"",
    ""GENRES"": [
      ""Soundtrack"",
      ""R&B/Hip-Hop"",
      ""Others"",
      ""Pop""
    ],
    ""MAIN_GENRE"": ""R&B/Hip-Hop""
  },
  {
    ""CLIENT_DOMAIN"": ""Billboard"",
    ""GENRES"": [
      ""R&B"",
      ""R&B/Hip-Hop""
    ],
    ""IS_APPROVED"": true,
    ""MAIN_GENRE"": ""R&B""
  }
]",2025-01-30,2025-02-06,1,490288.73679874,358960
MRELG9D6A1E81DC5E49148C73A384D27042DC,Hurry Up Tomorrow,The Weeknd,"[
  {
    ""CLIENT_DOMAIN"": ""Luminate"",
    ""GENRES"": [
      ""Soundtrack"",
      ""R&B/Hip-Hop"",
      ""Others"",
      ""Pop""
    ],
    ""MAIN_GENRE"": ""R&B/Hip-Hop""
  },
  {
    ""CLIENT_DOMAIN"": ""Billboard"",
    ""GENRES"": [
      ""R&B"",
      ""R&B/Hip-Hop""
    ],
    ""IS_APPROVED"": true,
    ""MAIN_GENRE"": ""R&B""
  }
]",2025-01-30,2025-02-13,2,100959.43257772,28674
MRELG616052AAC9594249ABB9B4A1D64F7A99,Live At SoFi Stadium,The Weeknd,"[
  {
    ""CLIENT_DOMAIN"": ""Billboard"",
    ""GENRES"": [
      ""R&B"",
      ""R&B/Hip-Hop""
    ],
    ""IS_APPROVED"": true,
    ""MAIN_GENRE"": ""R&B""
  },
  {
    ""CLIENT_DOMAIN"": ""Luminate"",
    ""GENRES"": [
      ""Alternative"",
      ""R&B/Hip-Hop""
    ],
    ""MAIN_GENRE"": ""R&B/Hip-Hop""
  }
]",2023-03-03,2023-03-09,1,68528.85036104,378
MRELG616052AAC9594249ABB9B4A1D64F7A99,Live At SoFi Stadium,The Weeknd,"[
  {
    ""CLIENT_DOMAIN"": ""Billboard"",
    ""GENRES"": [
      ""R&B"",
      ""R&B/Hip-Hop""
    ],
    ""IS_APPROVED"": true,
    ""MAIN_GENRE"": ""R&B""
  },
  {
    ""CLIENT_DOMAIN"": ""Luminate"",
    ""GENRES"": [
      ""Alternative"",
      ""R&B/Hip-Hop""
    ],
    ""MAIN_GENRE"": ""R&B/Hip-Hop""
  }
]",2023-03-03,2023-03-16,2,58356.85360388,60
MRELG7F3B599FD2B9413F842F99E3AA87887D,"My Dear Melancholy,",The Weeknd,"[
  {
    ""CLIENT_DOMAIN"": ""Billboard"",
    ""GENRES"": [
      ""R&B/Hip-Hop"",
      ""R&B""
    ],
    ""IS_APPROVED"": true,
    ""MAIN_GENRE"": ""R&B""
  },
  {
    ""CLIENT_DOMAIN"": ""Luminate"",
    ""GENRES"": [
      ""R&B/Hip-Hop""
    ],
    ""MAIN_GENRE"": ""R&B/Hip-Hop""
  }
]",2018-03-30,2018-04-05,1,184524.88112215,68480
MRELG7F3B599FD2B9413F842F99E3AA87887D,"My Dear Melancholy,",The Weeknd,"[
  {
    ""CLIENT_DOMAIN"": ""Billboard"",
    ""GENRES"": [
      ""R&B/Hip-Hop"",
      ""R&B""
    ],
    ""IS_APPROVED"": true,
    ""MAIN_GENRE"": ""R&B""
  },
  {
    ""CLIENT_DOMAIN"": ""Luminate"",
    ""GENRES"": [
      ""R&B/Hip-Hop""
    ],
    ""MAIN_GENRE"": ""R&B/Hip-Hop""
  }
]",2018-03-30,2018-04-12,2,58716.53215845,9047
MRELG74CE84EB87194B8594E59AA94EA84B47,Timeless,The Weeknd,"[
  {
    ""CLIENT_DOMAIN"": ""Billboard"",
    ""GENRES"": [
      ""R&B/Hip-Hop"",
      ""R&B""
    ],
    ""IS_APPROVED"": true,
    ""MAIN_GENRE"": ""R&B""
  },
  {
    ""CLIENT_DOMAIN"": ""Luminate"",
    ""GENRES"": [
      ""Rap"",
      ""R&B/Hip-Hop""
    ],
    ""MAIN_GENRE"": ""R&B/Hip-Hop""
  }
]",2024-09-27,2024-10-03,1,21582.13333545,6
MRELG74CE84EB87194B8594E59AA94EA84B47,Timeless,The Weeknd,"[
  {
    ""CLIENT_DOMAIN"": ""Billboard"",
    ""GENRES"": [
      ""R&B/Hip-Hop"",
      ""R&B""
    ],
    ""IS_APPROVED"": true,
    ""MAIN_GENRE"": ""R&B""
  },
  {
    ""CLIENT_DOMAIN"": ""Luminate"",
    ""GENRES"": [
      ""Rap"",
      ""R&B/Hip-Hop""
    ],
    ""MAIN_GENRE"": ""R&B/Hip-Hop""
  }
]",2024-09-27,2024-10-10,2,14005.70361451,1
MRELGA3AE480E62924F6D996DA55B1DD1FE2D,About A Woman,Thomas Rhett,"[
  {
    ""CLIENT_DOMAIN"": ""Luminate"",
    ""GENRES"": [
      ""Country""
    ],
    ""MAIN_GENRE"": ""Country""
  },
  {
    ""CLIENT_DOMAIN"": ""Billboard"",
    ""GENRES"": [
      ""Country""
    ],
    ""IS_APPROVED"": true,
    ""MAIN_GENRE"": ""Country""
  }
]",2024-08-23,2024-08-29,1,27045.52957046,13299
MRELGA3AE480E62924F6D996DA55B1DD1FE2D,About A Woman,Thomas Rhett,"[
  {
    ""CLIENT_DOMAIN"": ""Luminate"",
    ""GENRES"": [
      ""Country""
    ],
    ""MAIN_GENRE"": ""Country""
  },
  {
    ""CLIENT_DOMAIN"": ""Billboard"",
    ""GENRES"": [
      ""Country""
    ],
    ""IS_APPROVED"": true,
    ""MAIN_GENRE"": ""Country""
  }
]",2024-08-23,2024-09-05,2,10981.00938386,1434
MRELGC65C85C0B36B4481BD75FFE8F0510F02,Center Point Road,Thomas Rhett,"[
  {
    ""CLIENT_DOMAIN"": ""Billboard"",
    ""GENRES"": [
      ""Country""
    ],
    ""IS_APPROVED"": true,
    ""MAIN_GENRE"": ""Country""
  },
  {
    ""CLIENT_DOMAIN"": ""Luminate"",
    ""GENRES"": [
      ""Rock"",
      ""Rap"",
      ""Country"",
      ""Pop""
    ],
    ""MAIN_GENRE"": ""Country""
  }
]",2019-05-30,2019-06-06,1,75489.79089961,44810
MRELGC65C85C0B36B4481BD75FFE8F0510F02,Center Point Road,Thomas Rhett,"[
  {
    ""CLIENT_DOMAIN"": ""Billboard"",
    ""GENRES"": [
      ""Country""
    ],
    ""IS_APPROVED"": true,
    ""MAIN_GENRE"": ""Country""
  },
  {
    ""CLIENT_DOMAIN"": ""Luminate"",
    ""GENRES"": [
      ""Rock"",
      ""Rap"",
      ""Country"",
      ""Pop""
    ],
    ""MAIN_GENRE"": ""Country""
  }
]",2019-05-30,2019-06-13,2,26217.76435728,8680
MRELG74C645BC2E424BB1BE66E518A7885DA1,Country Again,Thomas Rhett,"[
  {
    ""CLIENT_DOMAIN"": ""Billboard"",
    ""GENRES"": [
      ""Country""
    ],
    ""IS_APPROVED"": true,
    ""MAIN_GENRE"": ""Country""
  },
  {
    ""CLIENT_DOMAIN"": ""Luminate"",
    ""GENRES"": [
      ""Country""
    ],
    ""MAIN_GENRE"": ""Country""
  }
]",2021-04-30,2021-05-06,1,23713.49998263,8089
MRELG74C645BC2E424BB1BE66E518A7885DA1,Country Again,Thomas Rhett,"[
  {
    ""CLIENT_DOMAIN"": ""Billboard"",
    ""GENRES"": [
      ""Country""
    ],
    ""IS_APPROVED"": true,
    ""MAIN_GENRE"": ""Country""
  },
  {
    ""CLIENT_DOMAIN"": ""Luminate"",
    ""GENRES"": [
      ""Country""
    ],
    ""MAIN_GENRE"": ""Country""
  }
]",2021-04-30,2021-05-13,2,11485.90404133,787
MRELG7E3C7EA88D2140468D514643CD625421,Here On Earth,Tim McGraw,"[
  {
    ""CLIENT_DOMAIN"": ""Billboard"",
    ""GENRES"": [
      ""Country""
    ],
    ""IS_APPROVED"": true,
    ""MAIN_GENRE"": ""Country""
  },
  {
    ""CLIENT_DOMAIN"": ""Luminate"",
    ""GENRES"": [
      ""Rap"",
      ""Country""
    ],
    ""MAIN_GENRE"": ""Country""
  }
]",2020-08-21,2020-08-27,1,24160.40882822,16614
MRELG7E3C7EA88D2140468D514643CD625421,Here On Earth,Tim McGraw,"[
  {
    ""CLIENT_DOMAIN"": ""Billboard"",
    ""GENRES"": [
      ""Country""
    ],
    ""IS_APPROVED"": true,
    ""MAIN_GENRE"": ""Country""
  },
  {
    ""CLIENT_DOMAIN"": ""Luminate"",
    ""GENRES"": [
      ""Rap"",
      ""Country""
    ],
    ""MAIN_GENRE"": ""Country""
  }
]",2020-08-21,2020-09-03,2,8670.00002434,4775
MRELGC93B74D3088D4C988B6ABE44E11B7A94,Incómodo,Tito Double P,"[
  {
    ""CLIENT_DOMAIN"": ""Billboard"",
    ""GENRES"": [
      ""Latin"",
      ""Latin Reg. Mexican""
    ],
    ""IS_APPROVED"": true,
    ""MAIN_GENRE"": ""Latin Reg. Mexican""
  },
  {
    ""CLIENT_DOMAIN"": ""Luminate"",
    ""GENRES"": [
      ""Latin""
    ],
    ""MAIN_GENRE"": ""Latin""
  }
]",2024-08-22,2024-08-29,1,25695.70008102,54
MRELGC93B74D3088D4C988B6ABE44E11B7A94,Incómodo,Tito Double P,"[
  {
    ""CLIENT_DOMAIN"": ""Billboard"",
    ""GENRES"": [
      ""Latin"",
      ""Latin Reg. Mexican""
    ],
    ""IS_APPROVED"": true,
    ""MAIN_GENRE"": ""Latin Reg. Mexican""
  },
  {
    ""CLIENT_DOMAIN"": ""Luminate"",
    ""GENRES"": [
      ""Latin""
    ],
    ""MAIN_GENRE"": ""Latin""
  }
]",2024-08-22,2024-09-05,2,22946.55251720,27
MRELG6C738D3B6DE24368A6EEB660383D486C,MILLION DOLLAR BABY,Tommy Richman,"[
  {
    ""CLIENT_DOMAIN"": ""Luminate"",
    ""GENRES"": [
      ""Indie Rock"",
      ""Rap"",
      ""R&B/Hip-Hop""
    ],
    ""MAIN_GENRE"": ""R&B/Hip-Hop""
  },
  {
    ""CLIENT_DOMAIN"": ""Billboard"",
    ""GENRES"": [
      ""R&B/Hip-Hop"",
      ""Rap""
    ],
    ""IS_APPROVED"": true,
    ""MAIN_GENRE"": ""Rap""
  }
]",2024-04-26,2024-05-02,1,28458.08343992,31
MRELG6C738D3B6DE24368A6EEB660383D486C,MILLION DOLLAR BABY,Tommy Richman,"[
  {
    ""CLIENT_DOMAIN"": ""Luminate"",
    ""GENRES"": [
      ""Indie Rock"",
      ""Rap"",
      ""R&B/Hip-Hop""
    ],
    ""MAIN_GENRE"": ""R&B/Hip-Hop""
  },
  {
    ""CLIENT_DOMAIN"": ""Billboard"",
    ""GENRES"": [
      ""R&B/Hip-Hop"",
      ""Rap""
    ],
    ""IS_APPROVED"": true,
    ""MAIN_GENRE"": ""Rap""
  }
]",2024-04-26,2024-05-09,2,42860.70567191,21
MRELG4797630895CD46F5A1B1E43E489AA0C1,NAUJOUR,Toosii,"[
  {
    ""CLIENT_DOMAIN"": ""Luminate"",
    ""GENRES"": [
      ""Rap"",
      ""R&B/Hip-Hop""
    ],
    ""MAIN_GENRE"": ""Rap""
  },
  {
    ""CLIENT_DOMAIN"": ""Billboard"",
    ""GENRES"": [
      ""R&B/Hip-Hop"",
      ""Rap""
    ],
    ""IS_APPROVED"": true,
    ""MAIN_GENRE"": ""Rap""
  }
]",2023-06-02,2023-06-08,1,27815.26855696,523
MRELG4797630895CD46F5A1B1E43E489AA0C1,NAUJOUR,Toosii,"[
  {
    ""CLIENT_DOMAIN"": ""Luminate"",
    ""GENRES"": [
      ""Rap"",
      ""R&B/Hip-Hop""
    ],
    ""MAIN_GENRE"": ""Rap""
  },
  {
    ""CLIENT_DOMAIN"": ""Billboard"",
    ""GENRES"": [
      ""R&B/Hip-Hop"",
      ""Rap""
    ],
    ""IS_APPROVED"": true,
    ""MAIN_GENRE"": ""Rap""
  }
]",2023-06-02,2023-06-15,2,19400.29100859,94
MRELG97FBAC29729748B4B65999FD7FBADF67,Poetic Pain,Toosii,"[
  {
    ""CLIENT_DOMAIN"": ""Billboard"",
    ""GENRES"": [
      ""Rap"",
      ""R&B/Hip-Hop""
    ],
    ""IS_APPROVED"": true,
    ""MAIN_GENRE"": ""Rap""
  },
  {
    ""CLIENT_DOMAIN"": ""Luminate"",
    ""GENRES"": [
      ""Rap"",
      ""R&B/Hip-Hop""
    ],
    ""MAIN_GENRE"": ""Rap""
  }
]",2020-09-18,2020-09-24,1,24016.49314973,3822
MRELG97FBAC29729748B4B65999FD7FBADF67,Poetic Pain,Toosii,"[
  {
    ""CLIENT_DOMAIN"": ""Billboard"",
    ""GENRES"": [
      ""Rap"",
      ""R&B/Hip-Hop""
    ],
    ""IS_APPROVED"": true,
    ""MAIN_GENRE"": ""Rap""
  },
  {
    ""CLIENT_DOMAIN"": ""Luminate"",
    ""GENRES"": [
      ""Rap"",
      ""R&B/Hip-Hop""
    ],
    ""MAIN_GENRE"": ""Rap""
  }
]",2020-09-18,2020-10-01,2,12535.93885297,203
MRELG4385A263E24B40C489BD90CEC2D553E5,Chixtape 5,Tory Lanez,"[
  {
    ""CLIENT_DOMAIN"": ""Billboard"",
    ""GENRES"": [
      ""R&B/Hip-Hop"",
      ""R&B""
    ],
    ""IS_APPROVED"": true,
    ""MAIN_GENRE"": ""R&B""
  },
  {
    ""CLIENT_DOMAIN"": ""Luminate"",
    ""GENRES"": [
      ""R&B/Hip-Hop""
    ],
    ""MAIN_GENRE"": ""R&B/Hip-Hop""
  }
]",2019-11-15,2019-11-21,1,87112.33015381,8856
MRELG4385A263E24B40C489BD90CEC2D553E5,Chixtape 5,Tory Lanez,"[
  {
    ""CLIENT_DOMAIN"": ""Billboard"",
    ""GENRES"": [
      ""R&B/Hip-Hop"",
      ""R&B""
    ],
    ""IS_APPROVED"": true,
    ""MAIN_GENRE"": ""R&B""
  },
  {
    ""CLIENT_DOMAIN"": ""Luminate"",
    ""GENRES"": [
      ""R&B/Hip-Hop""
    ],
    ""MAIN_GENRE"": ""R&B/Hip-Hop""
  }
]",2019-11-15,2019-11-28,2,36286.72678496,1201
MRELGAE2742632B134AFEBA44D0288E2C40B3,LoVE me NOw,Tory Lanez,"[
  {
    ""CLIENT_DOMAIN"": ""Luminate"",
    ""GENRES"": [
      ""Rap"",
      ""R&B/Hip-Hop""
    ],
    ""MAIN_GENRE"": ""Rap""
  },
  {
    ""CLIENT_DOMAIN"": ""Billboard"",
    ""GENRES"": [
      ""Rap"",
      ""R&B/Hip-Hop""
    ],
    ""IS_APPROVED"": true,
    ""MAIN_GENRE"": ""Rap""
  }
]",2018-10-26,2018-11-01,1,54735.96020856,5012
MRELGAE2742632B134AFEBA44D0288E2C40B3,LoVE me NOw,Tory Lanez,"[
  {
    ""CLIENT_DOMAIN"": ""Luminate"",
    ""GENRES"": [
      ""Rap"",
      ""R&B/Hip-Hop""
    ],
    ""MAIN_GENRE"": ""Rap""
  },
  {
    ""CLIENT_DOMAIN"": ""Billboard"",
    ""GENRES"": [
      ""Rap"",
      ""R&B/Hip-Hop""
    ],
    ""IS_APPROVED"": true,
    ""MAIN_GENRE"": ""Rap""
  }
]",2018-10-26,2018-11-08,2,29442.99981066,1231
MRELGDA61D1A5B6B4479FACDD4A4EC5001121,The New Toronto 3,Tory Lanez,"[
  {
    ""CLIENT_DOMAIN"": ""Billboard"",
    ""GENRES"": [
      ""Rap"",
      ""R&B/Hip-Hop""
    ],
    ""IS_APPROVED"": true,
    ""MAIN_GENRE"": ""Rap""
  },
  {
    ""CLIENT_DOMAIN"": ""Luminate"",
    ""GENRES"": [
      ""Rap"",
      ""R&B/Hip-Hop""
    ],
    ""MAIN_GENRE"": ""Rap""
  }
]",2020-04-10,2020-04-16,1,63657.34907938,4951
MRELGDA61D1A5B6B4479FACDD4A4EC5001121,The New Toronto 3,Tory Lanez,"[
  {
    ""CLIENT_DOMAIN"": ""Billboard"",
    ""GENRES"": [
      ""Rap"",
      ""R&B/Hip-Hop""
    ],
    ""IS_APPROVED"": true,
    ""MAIN_GENRE"": ""Rap""
  },
  {
    ""CLIENT_DOMAIN"": ""Luminate"",
    ""GENRES"": [
      ""Rap"",
      ""R&B/Hip-Hop""
    ],
    ""MAIN_GENRE"": ""Rap""
  }
]",2020-04-10,2020-04-23,2,28030.65639165,2358
MRELG738D926B82F54FC9BA5EF5C55BD4CC3E,ASTROWORLD,Travis Scott,"[
  {
    ""CLIENT_DOMAIN"": ""Luminate"",
    ""GENRES"": [
      ""Rap"",
      ""R&B/Hip-Hop""
    ],
    ""MAIN_GENRE"": ""Rap""
  },
  {
    ""CLIENT_DOMAIN"": ""Billboard"",
    ""GENRES"": [
      ""R&B/Hip-Hop"",
      ""Rap""
    ],
    ""IS_APPROVED"": true,
    ""MAIN_GENRE"": ""Rap""
  }
]",2018-08-03,2018-08-09,1,544943.90731475,269719
MRELG738D926B82F54FC9BA5EF5C55BD4CC3E,ASTROWORLD,Travis Scott,"[
  {
    ""CLIENT_DOMAIN"": ""Luminate"",
    ""GENRES"": [
      ""Rap"",
      ""R&B/Hip-Hop""
    ],
    ""MAIN_GENRE"": ""Rap""
  },
  {
    ""CLIENT_DOMAIN"": ""Billboard"",
    ""GENRES"": [
      ""R&B/Hip-Hop"",
      ""Rap""
    ],
    ""IS_APPROVED"": true,
    ""MAIN_GENRE"": ""Rap""
  }
]",2018-08-03,2018-08-16,2,211057.55523955,78442
MRELGAEF3814FD58643BA8E83F0DD13DD93FC,DAYS BEFORE RODEO,Travis Scott,"[
  {
    ""CLIENT_DOMAIN"": ""Luminate"",
    ""GENRES"": [
      ""Rap"",
      ""R&B/Hip-Hop""
    ],
    ""MAIN_GENRE"": ""Rap""
  },
  {
    ""CLIENT_DOMAIN"": ""Billboard"",
    ""GENRES"": [
      ""R&B/Hip-Hop"",
      ""Rap""
    ],
    ""IS_APPROVED"": true,
    ""MAIN_GENRE"": ""Rap""
  }
]",2024-08-23,2024-08-29,1,361274.59161761,330549
MRELGAEF3814FD58643BA8E83F0DD13DD93FC,DAYS BEFORE RODEO,Travis Scott,"[
  {
    ""CLIENT_DOMAIN"": ""Luminate"",
    ""GENRES"": [
      ""Rap"",
      ""R&B/Hip-Hop""
    ],
    ""MAIN_GENRE"": ""Rap""
  },
  {
    ""CLIENT_DOMAIN"": ""Billboard"",
    ""GENRES"": [
      ""R&B/Hip-Hop"",
      ""Rap""
    ],
    ""IS_APPROVED"": true,
    ""MAIN_GENRE"": ""Rap""
  }
]",2024-08-23,2024-09-05,2,19344.04663340,7778
MRELG1CBF0AE29E8C44E2A4A94CAF161C4F1D,Escape Plan / Mafia,Travis Scott,"[
  {
    ""CLIENT_DOMAIN"": ""Billboard"",
    ""GENRES"": [
      ""R&B/Hip-Hop"",
      ""Rap""
    ],
    ""IS_APPROVED"": false,
    ""MAIN_GENRE"": ""Rap""
  },
  {
    ""CLIENT_DOMAIN"": ""Luminate"",
    ""GENRES"": [
      ""Rap"",
      ""R&B/Hip-Hop""
    ],
    ""MAIN_GENRE"": ""Rap""
  }
]",2021-11-05,2021-11-11,1,25634.44399306,0
MRELG1CBF0AE29E8C44E2A4A94CAF161C4F1D,Escape Plan / Mafia,Travis Scott,"[
  {
    ""CLIENT_DOMAIN"": ""Billboard"",
    ""GENRES"": [
      ""R&B/Hip-Hop"",
      ""Rap""
    ],
    ""IS_APPROVED"": false,
    ""MAIN_GENRE"": ""Rap""
  },
  {
    ""CLIENT_DOMAIN"": ""Luminate"",
    ""GENRES"": [
      ""Rap"",
      ""R&B/Hip-Hop""
    ],
    ""MAIN_GENRE"": ""Rap""
  }
]",2021-11-05,2021-11-18,2,9374.30657927,0
MRELGFC9F32F4305241A58EE304BE43F7C783,MELTDOWN,Travis Scott,"[
  {
    ""CLIENT_DOMAIN"": ""Luminate"",
    ""GENRES"": [
      ""Rap"",
      ""R&B/Hip-Hop""
    ],
    ""MAIN_GENRE"": ""R&B/Hip-Hop""
  },
  {
    ""CLIENT_DOMAIN"": ""Billboard"",
    ""GENRES"": [
      ""R&B/Hip-Hop"",
      ""Rap""
    ],
    ""IS_APPROVED"": false,
    ""MAIN_GENRE"": ""Rap""
  }
]",2023-08-02,2023-08-03,1,23974.10099779,0
MRELGFC9F32F4305241A58EE304BE43F7C783,MELTDOWN,Travis Scott,"[
  {
    ""CLIENT_DOMAIN"": ""Luminate"",
    ""GENRES"": [
      ""Rap"",
      ""R&B/Hip-Hop""
    ],
    ""MAIN_GENRE"": ""R&B/Hip-Hop""
  },
  {
    ""CLIENT_DOMAIN"": ""Billboard"",
    ""GENRES"": [
      ""R&B/Hip-Hop"",
      ""Rap""
    ],
    ""IS_APPROVED"": false,
    ""MAIN_GENRE"": ""Rap""
  }
]",2023-08-02,2023-08-10,2,13555.87833622,4
MRELG013575EE02674203908DFE0F8F95E753,A Dying Machine,Tremonti,"[
  {
    ""CLIENT_DOMAIN"": ""Luminate"",
    ""GENRES"": [
      ""Rock"",
      ""Alternative"",
      ""Metal""
    ],
    ""MAIN_GENRE"": ""Rock""
  },
  {
    ""CLIENT_DOMAIN"": ""Billboard"",
    ""GENRES"": [
      ""Rock"",
      ""Hard Rock""
    ],
    ""IS_APPROVED"": true,
    ""MAIN_GENRE"": ""Hard Rock""
  }
]",2018-06-08,2018-06-14,1,10454.41323399,9930
MRELG013575EE02674203908DFE0F8F95E753,A Dying Machine,Tremonti,"[
  {
    ""CLIENT_DOMAIN"": ""Luminate"",
    ""GENRES"": [
      ""Rock"",
      ""Alternative"",
      ""Metal""
    ],
    ""MAIN_GENRE"": ""Rock""
  },
  {
    ""CLIENT_DOMAIN"": ""Billboard"",
    ""GENRES"": [
      ""Rock"",
      ""Hard Rock""
    ],
    ""IS_APPROVED"": true,
    ""MAIN_GENRE"": ""Hard Rock""
  }
]",2018-06-08,2018-06-21,2,1658.35807359,1381
MRELG1A6AB73F454C485293D8E731BAD4A773,A Love Letter To You 4,Trippie Redd,"[
  {
    ""CLIENT_DOMAIN"": ""Billboard"",
    ""GENRES"": [
      ""R&B/Hip-Hop"",
      ""Rap""
    ],
    ""IS_APPROVED"": true,
    ""MAIN_GENRE"": ""Rap""
  },
  {
    ""CLIENT_DOMAIN"": ""Luminate"",
    ""GENRES"": [
      ""Rap"",
      ""R&B/Hip-Hop""
    ],
    ""MAIN_GENRE"": ""Rap""
  }
]",2019-11-22,2019-11-28,1,111805.08067199,14483
MRELG1A6AB73F454C485293D8E731BAD4A773,A Love Letter To You 4,Trippie Redd,"[
  {
    ""CLIENT_DOMAIN"": ""Billboard"",
    ""GENRES"": [
      ""R&B/Hip-Hop"",
      ""Rap""
    ],
    ""IS_APPROVED"": true,
    ""MAIN_GENRE"": ""Rap""
  },
  {
    ""CLIENT_DOMAIN"": ""Luminate"",
    ""GENRES"": [
      ""Rap"",
      ""R&B/Hip-Hop""
    ],
    ""MAIN_GENRE"": ""Rap""
  }
]",2019-11-22,2019-12-05,2,58107.29021239,2043
MRELG95AEE967B6024E9592A7C548772BC97F,LIFE'S A TRIP,Trippie Redd,"[
  {
    ""CLIENT_DOMAIN"": ""Billboard"",
    ""GENRES"": [
      ""R&B/Hip-Hop"",
      ""Rap""
    ],
    ""IS_APPROVED"": true,
    ""MAIN_GENRE"": ""Rap""
  },
  {
    ""CLIENT_DOMAIN"": ""Luminate"",
    ""GENRES"": [
      ""Rap"",
      ""R&B/Hip-Hop""
    ],
    ""MAIN_GENRE"": ""Rap""
  }
]",2018-08-10,2018-08-16,1,72462.83228923,15470
MRELG95AEE967B6024E9592A7C548772BC97F,LIFE'S A TRIP,Trippie Redd,"[
  {
    ""CLIENT_DOMAIN"": ""Billboard"",
    ""GENRES"": [
      ""R&B/Hip-Hop"",
      ""Rap""
    ],
    ""IS_APPROVED"": true,
    ""MAIN_GENRE"": ""Rap""
  },
  {
    ""CLIENT_DOMAIN"": ""Luminate"",
    ""GENRES"": [
      ""Rap"",
      ""R&B/Hip-Hop""
    ],
    ""MAIN_GENRE"": ""Rap""
  }
]",2018-08-10,2018-08-23,2,32562.65667447,1500
MRELG58640FF1D70C41A68FBEA3759D5F21C3,MANSION MUSIK,Trippie Redd,"[
  {
    ""CLIENT_DOMAIN"": ""Luminate"",
    ""GENRES"": [
      ""Rap"",
      ""R&B/Hip-Hop""
    ],
    ""MAIN_GENRE"": ""Rap""
  },
  {
    ""CLIENT_DOMAIN"": ""Billboard"",
    ""GENRES"": [
      ""R&B/Hip-Hop"",
      ""Rap""
    ],
    ""IS_APPROVED"": true,
    ""MAIN_GENRE"": ""Rap""
  }
]",2023-01-19,2023-01-26,1,55718.81567583,4673
MRELG58640FF1D70C41A68FBEA3759D5F21C3,MANSION MUSIK,Trippie Redd,"[
  {
    ""CLIENT_DOMAIN"": ""Luminate"",
    ""GENRES"": [
      ""Rap"",
      ""R&B/Hip-Hop""
    ],
    ""MAIN_GENRE"": ""Rap""
  },
  {
    ""CLIENT_DOMAIN"": ""Billboard"",
    ""GENRES"": [
      ""R&B/Hip-Hop"",
      ""Rap""
    ],
    ""IS_APPROVED"": true,
    ""MAIN_GENRE"": ""Rap""
  }
]",2023-01-19,2023-02-02,2,17337.76162599,99
MRELG82940D53014C4BE9930F20A6785CB1CE,Pegasus,Trippie Redd,"[
  {
    ""CLIENT_DOMAIN"": ""Luminate"",
    ""GENRES"": [
      ""Rap"",
      ""R&B/Hip-Hop""
    ],
    ""MAIN_GENRE"": ""Rap""
  },
  {
    ""CLIENT_DOMAIN"": ""Billboard"",
    ""GENRES"": [
      ""Rap"",
      ""R&B/Hip-Hop""
    ],
    ""IS_APPROVED"": true,
    ""MAIN_GENRE"": ""Rap""
  }
]",2020-10-30,2020-11-05,1,61560.16097046,4186
MRELG82940D53014C4BE9930F20A6785CB1CE,Pegasus,Trippie Redd,"[
  {
    ""CLIENT_DOMAIN"": ""Luminate"",
    ""GENRES"": [
      ""Rap"",
      ""R&B/Hip-Hop""
    ],
    ""MAIN_GENRE"": ""Rap""
  },
  {
    ""CLIENT_DOMAIN"": ""Billboard"",
    ""GENRES"": [
      ""Rap"",
      ""R&B/Hip-Hop""
    ],
    ""IS_APPROVED"": true,
    ""MAIN_GENRE"": ""Rap""
  }
]",2020-10-30,2020-11-12,2,26232.78567072,1177
MRELG012EE9FD179542D48A084379F773FC64,Trip At Knight,Trippie Redd,"[
  {
    ""CLIENT_DOMAIN"": ""Luminate"",
    ""GENRES"": [
      ""Rap"",
      ""R&B/Hip-Hop""
    ],
    ""MAIN_GENRE"": ""Rap""
  },
  {
    ""CLIENT_DOMAIN"": ""Billboard"",
    ""GENRES"": [
      ""Rap"",
      ""R&B/Hip-Hop""
    ],
    ""IS_APPROVED"": true,
    ""MAIN_GENRE"": ""Rap""
  }
]",2021-08-20,2021-08-26,1,80810.88768093,5161
MRELG012EE9FD179542D48A084379F773FC64,Trip At Knight,Trippie Redd,"[
  {
    ""CLIENT_DOMAIN"": ""Luminate"",
    ""GENRES"": [
      ""Rap"",
      ""R&B/Hip-Hop""
    ],
    ""MAIN_GENRE"": ""Rap""
  },
  {
    ""CLIENT_DOMAIN"": ""Billboard"",
    ""GENRES"": [
      ""Rap"",
      ""R&B/Hip-Hop""
    ],
    ""IS_APPROVED"": true,
    ""MAIN_GENRE"": ""Rap""
  }
]",2021-08-20,2021-09-02,2,35030.53805249,1830
MRELGD4C48DDBB12B40E698A5980A252869DE,EVERY GIRL,Trisha Yearwood,"[
  {
    ""CLIENT_DOMAIN"": ""Billboard"",
    ""GENRES"": [
      ""Country""
    ],
    ""IS_APPROVED"": true,
    ""MAIN_GENRE"": ""Country""
  },
  {
    ""CLIENT_DOMAIN"": ""Luminate"",
    ""GENRES"": [
      ""Classical"",
      ""Comedy"",
      ""Country"",
      ""Electronica""
    ],
    ""MAIN_GENRE"": ""Country""
  }
]",2019-08-30,2019-09-05,1,11276.62706427,9936
MRELGD4C48DDBB12B40E698A5980A252869DE,EVERY GIRL,Trisha Yearwood,"[
  {
    ""CLIENT_DOMAIN"": ""Billboard"",
    ""GENRES"": [
      ""Country""
    ],
    ""IS_APPROVED"": true,
    ""MAIN_GENRE"": ""Country""
  },
  {
    ""CLIENT_DOMAIN"": ""Luminate"",
    ""GENRES"": [
      ""Classical"",
      ""Comedy"",
      ""Country"",
      ""Electronica""
    ],
    ""MAIN_GENRE"": ""Country""
  }
]",2019-08-30,2019-09-12,2,4524.29202075,3583
MRELG1E1C1045AF524608BF11FEF10FDABABB,Something To Give Each Other,Troye Sivan,"[
  {
    ""CLIENT_DOMAIN"": ""Billboard"",
    ""GENRES"": [
      ""Pop"",
      ""Dance/Electronic""
    ],
    ""IS_APPROVED"": true,
    ""MAIN_GENRE"": ""Dance/Electronic""
  },
  {
    ""CLIENT_DOMAIN"": ""Luminate"",
    ""GENRES"": [
      ""EDM"",
      ""Pop""
    ],
    ""MAIN_GENRE"": ""EDM""
  }
]",2023-10-13,2023-10-19,1,28185.86304878,12644
MRELG1E1C1045AF524608BF11FEF10FDABABB,Something To Give Each Other,Troye Sivan,"[
  {
    ""CLIENT_DOMAIN"": ""Billboard"",
    ""GENRES"": [
      ""Pop"",
      ""Dance/Electronic""
    ],
    ""IS_APPROVED"": true,
    ""MAIN_GENRE"": ""Dance/Electronic""
  },
  {
    ""CLIENT_DOMAIN"": ""Luminate"",
    ""GENRES"": [
      ""EDM"",
      ""Pop""
    ],
    ""MAIN_GENRE"": ""EDM""
  }
]",2023-10-13,2023-10-26,2,13166.69432217,1959
MRELG60B923558FB94367BEB75477A8B651C7,What Not To,Tucker Wetmore,"[
  {
    ""CLIENT_DOMAIN"": ""Billboard"",
    ""GENRES"": [
      ""Country""
    ],
    ""IS_APPROVED"": true,
    ""MAIN_GENRE"": ""Country""
  },
  {
    ""CLIENT_DOMAIN"": ""Luminate"",
    ""GENRES"": [
      ""Country""
    ],
    ""MAIN_GENRE"": ""Country""
  }
]",2025-04-25,2025-05-01,1,29249.42557895,7530
MRELG60B923558FB94367BEB75477A8B651C7,What Not To,Tucker Wetmore,"[
  {
    ""CLIENT_DOMAIN"": ""Billboard"",
    ""GENRES"": [
      ""Country""
    ],
    ""IS_APPROVED"": true,
    ""MAIN_GENRE"": ""Country""
  },
  {
    ""CLIENT_DOMAIN"": ""Luminate"",
    ""GENRES"": [
      ""Country""
    ],
    ""MAIN_GENRE"": ""Country""
  }
]",2025-04-25,2025-05-08,2,17553.98090137,1023
MRELGD4C585309B5740FBA65911328AF59213,Breach,Twenty One Pilots,"[
  {
    ""CLIENT_DOMAIN"": ""Billboard"",
    ""GENRES"": [
      ""Rock"",
      ""Alt. Rock""
    ],
    ""IS_APPROVED"": true,
    ""MAIN_GENRE"": ""Alt. Rock""
  },
  {
    ""CLIENT_DOMAIN"": ""Luminate"",
    ""GENRES"": [
      ""Indie Rock"",
      ""Rock"",
      ""Alternative""
    ],
    ""MAIN_GENRE"": ""Rock""
  }
]",2025-09-12,2025-09-18,1,196343.76952128,165187
MRELGD4C585309B5740FBA65911328AF59213,Breach,Twenty One Pilots,"[
  {
    ""CLIENT_DOMAIN"": ""Billboard"",
    ""GENRES"": [
      ""Rock"",
      ""Alt. Rock""
    ],
    ""IS_APPROVED"": true,
    ""MAIN_GENRE"": ""Alt. Rock""
  },
  {
    ""CLIENT_DOMAIN"": ""Luminate"",
    ""GENRES"": [
      ""Indie Rock"",
      ""Rock"",
      ""Alternative""
    ],
    ""MAIN_GENRE"": ""Rock""
  }
]",2025-09-12,2025-09-25,2,30846.24619005,14114
MRELGB1CBC58AFB1742E89451D61AE223B928,Clancy,Twenty One Pilots,"[
  {
    ""CLIENT_DOMAIN"": ""Billboard"",
    ""GENRES"": [
      ""Alt. Rock"",
      ""Rock""
    ],
    ""IS_APPROVED"": true,
    ""MAIN_GENRE"": ""Alt. Rock""
  },
  {
    ""CLIENT_DOMAIN"": ""Luminate"",
    ""GENRES"": [
      ""Indie Rock"",
      ""Rock"",
      ""Alternative""
    ],
    ""MAIN_GENRE"": ""Rock""
  }
]",2024-05-24,2024-05-30,1,150677.90292238,121460
MRELGB1CBC58AFB1742E89451D61AE223B928,Clancy,Twenty One Pilots,"[
  {
    ""CLIENT_DOMAIN"": ""Billboard"",
    ""GENRES"": [
      ""Alt. Rock"",
      ""Rock""
    ],
    ""IS_APPROVED"": true,
    ""MAIN_GENRE"": ""Alt. Rock""
  },
  {
    ""CLIENT_DOMAIN"": ""Luminate"",
    ""GENRES"": [
      ""Indie Rock"",
      ""Rock"",
      ""Alternative""
    ],
    ""MAIN_GENRE"": ""Rock""
  }
]",2024-05-24,2024-06-06,2,28819.56706744,11566
MRELG2428C842AA334EB783A64CE3A2D02F24,SCALED AND ICY,Twenty One Pilots,"[
  {
    ""CLIENT_DOMAIN"": ""Billboard"",
    ""GENRES"": [
      ""Rock"",
      ""Alt. Rock""
    ],
    ""IS_APPROVED"": true,
    ""MAIN_GENRE"": ""Alt. Rock""
  },
  {
    ""CLIENT_DOMAIN"": ""Luminate"",
    ""GENRES"": [
      ""Indie Rock"",
      ""Latin"",
      ""Rock"",
      ""Alternative""
    ],
    ""MAIN_GENRE"": ""Rock""
  }
]",2021-05-21,2021-05-27,1,75623.52233161,50336
MRELG2428C842AA334EB783A64CE3A2D02F24,SCALED AND ICY,Twenty One Pilots,"[
  {
    ""CLIENT_DOMAIN"": ""Billboard"",
    ""GENRES"": [
      ""Rock"",
      ""Alt. Rock""
    ],
    ""IS_APPROVED"": true,
    ""MAIN_GENRE"": ""Alt. Rock""
  },
  {
    ""CLIENT_DOMAIN"": ""Luminate"",
    ""GENRES"": [
      ""Indie Rock"",
      ""Latin"",
      ""Rock"",
      ""Alternative""
    ],
    ""MAIN_GENRE"": ""Rock""
  }
]",2021-05-21,2021-06-03,2,19925.49265611,7859
MRELG1187EC90BD7B413EBCE6DD7A25C786FF,TRENCH,Twenty One Pilots,"[
  {
    ""CLIENT_DOMAIN"": ""Billboard"",
    ""GENRES"": [
      ""Rock"",
      ""Alt. Rock""
    ],
    ""IS_APPROVED"": true,
    ""MAIN_GENRE"": ""Alt. Rock""
  },
  {
    ""CLIENT_DOMAIN"": ""Luminate"",
    ""GENRES"": [
      ""Indie Rock"",
      ""Rock"",
      ""Alternative""
    ],
    ""MAIN_GENRE"": ""Rock""
  }
]",2018-10-05,2018-10-11,1,172172.92776178,134412
MRELG1187EC90BD7B413EBCE6DD7A25C786FF,TRENCH,Twenty One Pilots,"[
  {
    ""CLIENT_DOMAIN"": ""Billboard"",
    ""GENRES"": [
      ""Rock"",
      ""Alt. Rock""
    ],
    ""IS_APPROVED"": true,
    ""MAIN_GENRE"": ""Alt. Rock""
  },
  {
    ""CLIENT_DOMAIN"": ""Luminate"",
    ""GENRES"": [
      ""Indie Rock"",
      ""Rock"",
      ""Alternative""
    ],
    ""MAIN_GENRE"": ""Rock""
  }
]",2018-10-05,2018-10-18,2,50314.35237334,28081
MRELG4F0925FE410447C18C9B57094B827D5B,Featuring Ty Dolla $ign,Ty Dolla $ign,"[
  {
    ""CLIENT_DOMAIN"": ""Billboard"",
    ""GENRES"": [
      ""R&B"",
      ""R&B/Hip-Hop""
    ],
    ""IS_APPROVED"": true,
    ""MAIN_GENRE"": ""R&B""
  },
  {
    ""CLIENT_DOMAIN"": ""Luminate"",
    ""GENRES"": [
      ""R&B/Hip-Hop""
    ],
    ""MAIN_GENRE"": ""R&B/Hip-Hop""
  }
]",2020-10-22,2020-10-29,1,44132.64613644,3919
MRELG4F0925FE410447C18C9B57094B827D5B,Featuring Ty Dolla $ign,Ty Dolla $ign,"[
  {
    ""CLIENT_DOMAIN"": ""Billboard"",
    ""GENRES"": [
      ""R&B"",
      ""R&B/Hip-Hop""
    ],
    ""IS_APPROVED"": true,
    ""MAIN_GENRE"": ""R&B""
  },
  {
    ""CLIENT_DOMAIN"": ""Luminate"",
    ""GENRES"": [
      ""R&B/Hip-Hop""
    ],
    ""MAIN_GENRE"": ""R&B/Hip-Hop""
  }
]",2020-10-22,2020-11-05,2,16373.91486480,216
MRELGAAB902EBF95941D4B72BCDCD34D560C3,RUSTIN' IN THE RAIN,Tyler Childers,"[
  {
    ""CLIENT_DOMAIN"": ""Billboard"",
    ""GENRES"": [
      ""Folk"",
      ""Country""
    ],
    ""IS_APPROVED"": true,
    ""MAIN_GENRE"": ""Folk""
  },
  {
    ""CLIENT_DOMAIN"": ""Luminate"",
    ""GENRES"": [
      ""Country"",
      ""Folk""
    ],
    ""MAIN_GENRE"": ""Folk""
  }
]",2023-09-08,2023-09-14,1,38371.18436188,24782
MRELGAAB902EBF95941D4B72BCDCD34D560C3,RUSTIN' IN THE RAIN,Tyler Childers,"[
  {
    ""CLIENT_DOMAIN"": ""Billboard"",
    ""GENRES"": [
      ""Folk"",
      ""Country""
    ],
    ""IS_APPROVED"": true,
    ""MAIN_GENRE"": ""Folk""
  },
  {
    ""CLIENT_DOMAIN"": ""Luminate"",
    ""GENRES"": [
      ""Country"",
      ""Folk""
    ],
    ""MAIN_GENRE"": ""Folk""
  }
]",2023-09-08,2023-09-21,2,10051.50457815,2754
MRELG26E4B50E7AC749298641C2EA8FAEEC28,SNIPE HUNTER,Tyler Childers,"[
  {
    ""CLIENT_DOMAIN"": ""Billboard"",
    ""GENRES"": [
      ""Country"",
      ""Folk""
    ],
    ""IS_APPROVED"": true,
    ""MAIN_GENRE"": ""Folk""
  },
  {
    ""CLIENT_DOMAIN"": ""Luminate"",
    ""GENRES"": [
      ""Country & Folk""
    ],
    ""MAIN_GENRE"": ""Country & Folk""
  }
]",2025-07-25,2025-07-31,1,48956.95739897,27095
MRELG26E4B50E7AC749298641C2EA8FAEEC28,SNIPE HUNTER,Tyler Childers,"[
  {
    ""CLIENT_DOMAIN"": ""Billboard"",
    ""GENRES"": [
      ""Country"",
      ""Folk""
    ],
    ""IS_APPROVED"": true,
    ""MAIN_GENRE"": ""Folk""
  },
  {
    ""CLIENT_DOMAIN"": ""Luminate"",
    ""GENRES"": [
      ""Country & Folk""
    ],
    ""MAIN_GENRE"": ""Country & Folk""
  }
]",2025-07-25,2025-08-07,2,19322.53655567,5502
MRELG08BD1444009D48E2AD4E907A67F1730C,CALL ME IF YOU GET LOST,"Tyler, The Creator","[
  {
    ""CLIENT_DOMAIN"": ""Billboard"",
    ""GENRES"": [
      ""R&B/Hip-Hop"",
      ""Rap""
    ],
    ""IS_APPROVED"": true,
    ""MAIN_GENRE"": ""Rap""
  },
  {
    ""CLIENT_DOMAIN"": ""Luminate"",
    ""GENRES"": [
      ""Rap"",
      ""R&B/Hip-Hop""
    ],
    ""MAIN_GENRE"": ""Rap""
  }
]",2021-06-25,2021-07-01,1,169323.96596629,55278
MRELG08BD1444009D48E2AD4E907A67F1730C,CALL ME IF YOU GET LOST,"Tyler, The Creator","[
  {
    ""CLIENT_DOMAIN"": ""Billboard"",
    ""GENRES"": [
      ""R&B/Hip-Hop"",
      ""Rap""
    ],
    ""IS_APPROVED"": true,
    ""MAIN_GENRE"": ""Rap""
  },
  {
    ""CLIENT_DOMAIN"": ""Luminate"",
    ""GENRES"": [
      ""Rap"",
      ""R&B/Hip-Hop""
    ],
    ""MAIN_GENRE"": ""Rap""
  }
]",2021-06-25,2021-07-08,2,44257.61895118,817
MRELGE9E6431BC05A4A18ABE5D62DE8C1BED0,CHROMAKOPIA,"Tyler, The Creator","[
  {
    ""CLIENT_DOMAIN"": ""Luminate"",
    ""GENRES"": [
      ""Rap"",
      ""R&B/Hip-Hop""
    ],
    ""MAIN_GENRE"": ""Rap""
  },
  {
    ""CLIENT_DOMAIN"": ""Billboard"",
    ""GENRES"": [
      ""R&B/Hip-Hop"",
      ""Rap""
    ],
    ""IS_APPROVED"": true,
    ""MAIN_GENRE"": ""Rap""
  }
]",2024-10-28,2024-10-31,1,300564.54305522,141768
MRELGE9E6431BC05A4A18ABE5D62DE8C1BED0,CHROMAKOPIA,"Tyler, The Creator","[
  {
    ""CLIENT_DOMAIN"": ""Luminate"",
    ""GENRES"": [
      ""Rap"",
      ""R&B/Hip-Hop""
    ],
    ""MAIN_GENRE"": ""Rap""
  },
  {
    ""CLIENT_DOMAIN"": ""Billboard"",
    ""GENRES"": [
      ""R&B/Hip-Hop"",
      ""Rap""
    ],
    ""IS_APPROVED"": true,
    ""MAIN_GENRE"": ""Rap""
  }
]",2024-10-28,2024-11-07,2,160050.62376980,44403
MRELG74F708187A3D46AC9B8E84EA94B8831E,DON'T TAP THE GLASS,"Tyler, The Creator","[
  {
    ""CLIENT_DOMAIN"": ""Billboard"",
    ""GENRES"": [
      ""R&B/Hip-Hop"",
      ""Rap""
    ],
    ""IS_APPROVED"": true,
    ""MAIN_GENRE"": ""Rap""
  },
  {
    ""CLIENT_DOMAIN"": ""Luminate"",
    ""GENRES"": [
      ""Rap"",
      ""R&B/Hip-Hop""
    ],
    ""MAIN_GENRE"": ""Rap""
  }
]",2025-07-21,2025-07-24,1,197204.92122144,127513
MRELG74F708187A3D46AC9B8E84EA94B8831E,DON'T TAP THE GLASS,"Tyler, The Creator","[
  {
    ""CLIENT_DOMAIN"": ""Billboard"",
    ""GENRES"": [
      ""R&B/Hip-Hop"",
      ""Rap""
    ],
    ""IS_APPROVED"": true,
    ""MAIN_GENRE"": ""Rap""
  },
  {
    ""CLIENT_DOMAIN"": ""Luminate"",
    ""GENRES"": [
      ""Rap"",
      ""R&B/Hip-Hop""
    ],
    ""MAIN_GENRE"": ""Rap""
  }
]",2025-07-21,2025-07-31,2,59251.51895216,11934
MRELG97FB3544F773452FAA8073E597A6461B,IGOR,"Tyler, The Creator","[
  {
    ""CLIENT_DOMAIN"": ""Billboard"",
    ""GENRES"": [
      ""Rap"",
      ""R&B/Hip-Hop""
    ],
    ""IS_APPROVED"": true,
    ""MAIN_GENRE"": ""Rap""
  },
  {
    ""CLIENT_DOMAIN"": ""Luminate"",
    ""GENRES"": [
      ""Rap"",
      ""R&B/Hip-Hop""
    ],
    ""MAIN_GENRE"": ""Rap""
  }
]",2019-05-17,2019-05-23,1,172619.57673645,74052
MRELG97FB3544F773452FAA8073E597A6461B,IGOR,"Tyler, The Creator","[
  {
    ""CLIENT_DOMAIN"": ""Billboard"",
    ""GENRES"": [
      ""Rap"",
      ""R&B/Hip-Hop""
    ],
    ""IS_APPROVED"": true,
    ""MAIN_GENRE"": ""Rap""
  },
  {
    ""CLIENT_DOMAIN"": ""Luminate"",
    ""GENRES"": [
      ""Rap"",
      ""R&B/Hip-Hop""
    ],
    ""MAIN_GENRE"": ""Rap""
  }
]",2019-05-17,2019-05-30,2,55622.77341189,6725
MRELGB8D618DADBFD4E898ED70BC9DD2B6F3B,Erase Me,Underoath,"[
  {
    ""CLIENT_DOMAIN"": ""Luminate"",
    ""GENRES"": [
      ""Christian"",
      ""Punk"",
      ""Rock"",
      ""Metal""
    ],
    ""MAIN_GENRE"": ""Rock""
  },
  {
    ""CLIENT_DOMAIN"": ""Billboard"",
    ""GENRES"": [
      ""Rock"",
      ""Hard Rock""
    ],
    ""IS_APPROVED"": true,
    ""MAIN_GENRE"": ""Hard Rock""
  }
]",2018-04-06,2018-04-12,1,22726.78223115,20679
MRELGB8D618DADBFD4E898ED70BC9DD2B6F3B,Erase Me,Underoath,"[
  {
    ""CLIENT_DOMAIN"": ""Luminate"",
    ""GENRES"": [
      ""Christian"",
      ""Punk"",
      ""Rock"",
      ""Metal""
    ],
    ""MAIN_GENRE"": ""Rock""
  },
  {
    ""CLIENT_DOMAIN"": ""Billboard"",
    ""GENRES"": [
      ""Rock"",
      ""Hard Rock""
    ],
    ""IS_APPROVED"": true,
    ""MAIN_GENRE"": ""Hard Rock""
  }
]",2018-04-06,2018-04-19,2,2630.41048412,1774
MRELG8CDD03C7EA7944F88079FB3492993979,ONLY GOD WAS ABOVE US,Vampire Weekend,"[
  {
    ""CLIENT_DOMAIN"": ""Billboard"",
    ""GENRES"": [
      ""Rock"",
      ""Alt. Rock""
    ],
    ""IS_APPROVED"": true,
    ""MAIN_GENRE"": ""Alt. Rock""
  },
  {
    ""CLIENT_DOMAIN"": ""Luminate"",
    ""GENRES"": [
      ""Indie Rock"",
      ""Rock"",
      ""Pop""
    ],
    ""MAIN_GENRE"": ""Rock""
  }
]",2024-04-05,2024-04-11,1,29222.45927589,21410
MRELG8CDD03C7EA7944F88079FB3492993979,ONLY GOD WAS ABOVE US,Vampire Weekend,"[
  {
    ""CLIENT_DOMAIN"": ""Billboard"",
    ""GENRES"": [
      ""Rock"",
      ""Alt. Rock""
    ],
    ""IS_APPROVED"": true,
    ""MAIN_GENRE"": ""Alt. Rock""
  },
  {
    ""CLIENT_DOMAIN"": ""Luminate"",
    ""GENRES"": [
      ""Indie Rock"",
      ""Rock"",
      ""Pop""
    ],
    ""MAIN_GENRE"": ""Rock""
  }
]",2024-04-05,2024-04-18,2,8442.57571845,4359
MRELG6C059E6D5DEF4892840D336C5DC7A93B,THREE CHORDS AND THE TRUTH,Van Morrison,"[
  {
    ""CLIENT_DOMAIN"": ""Billboard"",
    ""GENRES"": [
      ""Folk"",
      ""Rock""
    ],
    ""IS_APPROVED"": true,
    ""MAIN_GENRE"": ""Rock""
  },
  {
    ""CLIENT_DOMAIN"": ""Luminate"",
    ""GENRES"": [
      ""Traditional"",
      ""Rock"",
      ""Folk"",
      ""Pop""
    ],
    ""MAIN_GENRE"": ""Rock""
  }
]",2019-10-25,2019-10-31,1,10473.51825276,10347
MRELG6C059E6D5DEF4892840D336C5DC7A93B,THREE CHORDS AND THE TRUTH,Van Morrison,"[
  {
    ""CLIENT_DOMAIN"": ""Billboard"",
    ""GENRES"": [
      ""Folk"",
      ""Rock""
    ],
    ""IS_APPROVED"": true,
    ""MAIN_GENRE"": ""Rock""
  },
  {
    ""CLIENT_DOMAIN"": ""Luminate"",
    ""GENRES"": [
      ""Traditional"",
      ""Rock"",
      ""Folk"",
      ""Pop""
    ],
    ""MAIN_GENRE"": ""Rock""
  }
]",2019-10-25,2019-11-07,2,3990.13738691,3908
MRELGBD891AADECEB4BC4A22CEB18480E5DA8,NATION OF TWO,Vance Joy,"[
  {
    ""CLIENT_DOMAIN"": ""Luminate"",
    ""GENRES"": [
      ""Rock"",
      ""Folk""
    ],
    ""MAIN_GENRE"": ""Rock""
  },
  {
    ""CLIENT_DOMAIN"": ""Billboard"",
    ""GENRES"": [
      ""Rock"",
      ""Folk"",
      ""Alt. Rock""
    ],
    ""IS_APPROVED"": true,
    ""MAIN_GENRE"": ""Alt. Rock""
  }
]",2018-02-23,2018-03-01,1,26417.06482632,16202
MRELGBD891AADECEB4BC4A22CEB18480E5DA8,NATION OF TWO,Vance Joy,"[
  {
    ""CLIENT_DOMAIN"": ""Luminate"",
    ""GENRES"": [
      ""Rock"",
      ""Folk""
    ],
    ""MAIN_GENRE"": ""Rock""
  },
  {
    ""CLIENT_DOMAIN"": ""Billboard"",
    ""GENRES"": [
      ""Rock"",
      ""Folk"",
      ""Alt. Rock""
    ],
    ""IS_APPROVED"": true,
    ""MAIN_GENRE"": ""Alt. Rock""
  }
]",2018-02-23,2018-03-08,2,7845.36867288,2856
MRELG979A14AE50BD4D99A34EEBB9F3A52CD6,"Rewind, Replay, Rebound",Volbeat,"[
  {
    ""CLIENT_DOMAIN"": ""Luminate"",
    ""GENRES"": [
      ""Rock"",
      ""Alternative"",
      ""Metal""
    ],
    ""MAIN_GENRE"": ""Rock""
  },
  {
    ""CLIENT_DOMAIN"": ""Billboard"",
    ""GENRES"": [
      ""Hard Rock"",
      ""Rock""
    ],
    ""IS_APPROVED"": true,
    ""MAIN_GENRE"": ""Hard Rock""
  }
]",2019-08-02,2019-08-08,1,20656.32554444,16734
MRELG979A14AE50BD4D99A34EEBB9F3A52CD6,"Rewind, Replay, Rebound",Volbeat,"[
  {
    ""CLIENT_DOMAIN"": ""Luminate"",
    ""GENRES"": [
      ""Rock"",
      ""Alternative"",
      ""Metal""
    ],
    ""MAIN_GENRE"": ""Rock""
  },
  {
    ""CLIENT_DOMAIN"": ""Billboard"",
    ""GENRES"": [
      ""Hard Rock"",
      ""Rock""
    ],
    ""IS_APPROVED"": true,
    ""MAIN_GENRE"": ""Hard Rock""
  }
]",2019-08-02,2019-08-15,2,7231.58962142,4509
MRELG71CF9B2BC6B94AA19F329C8055093703,WOW... THAT'S CRAZY,WALE,"[
  {
    ""CLIENT_DOMAIN"": ""Billboard"",
    ""GENRES"": [
      ""R&B/Hip-Hop"",
      ""Rap""
    ],
    ""IS_APPROVED"": true,
    ""MAIN_GENRE"": ""Rap""
  },
  {
    ""CLIENT_DOMAIN"": ""Luminate"",
    ""GENRES"": [
      ""Rap"",
      ""R&B/Hip-Hop""
    ],
    ""MAIN_GENRE"": ""Rap""
  }
]",2019-10-10,2019-10-17,1,40253.78541732,5238
MRELG71CF9B2BC6B94AA19F329C8055093703,WOW... THAT'S CRAZY,WALE,"[
  {
    ""CLIENT_DOMAIN"": ""Billboard"",
    ""GENRES"": [
      ""R&B/Hip-Hop"",
      ""Rap""
    ],
    ""IS_APPROVED"": true,
    ""MAIN_GENRE"": ""Rap""
  },
  {
    ""CLIENT_DOMAIN"": ""Luminate"",
    ""GENRES"": [
      ""Rap"",
      ""R&B/Hip-Hop""
    ],
    ""MAIN_GENRE"": ""Rap""
  }
]",2019-10-10,2019-10-24,2,21750.16514204,1009
MRELGA9395CD96D674CF28C48C1E7C4ED7E3D,FANCY LIKE (FEAT. KESHA),WALKER HAYES,"[
  {
    ""CLIENT_DOMAIN"": ""Luminate"",
    ""GENRES"": [
      ""Country"",
      ""Pop""
    ],
    ""MAIN_GENRE"": ""Country""
  },
  {
    ""CLIENT_DOMAIN"": ""Billboard"",
    ""GENRES"": [
      ""Country""
    ],
    ""IS_APPROVED"": true,
    ""MAIN_GENRE"": ""Country""
  }
]",2021-09-02,2021-09-09,1,12819.27964157,0
MRELGA9395CD96D674CF28C48C1E7C4ED7E3D,FANCY LIKE (FEAT. KESHA),WALKER HAYES,"[
  {
    ""CLIENT_DOMAIN"": ""Luminate"",
    ""GENRES"": [
      ""Country"",
      ""Pop""
    ],
    ""MAIN_GENRE"": ""Country""
  },
  {
    ""CLIENT_DOMAIN"": ""Billboard"",
    ""GENRES"": [
      ""Country""
    ],
    ""IS_APPROVED"": true,
    ""MAIN_GENRE"": ""Country""
  }
]",2021-09-02,2021-09-16,2,15136.11022028,58
MRELG15A462703FDE4984B84B9AF27F1A4B53,MODEL,WALLOWS,"[
  {
    ""CLIENT_DOMAIN"": ""Billboard"",
    ""GENRES"": [
      ""Rock"",
      ""Alt. Rock""
    ],
    ""IS_APPROVED"": true,
    ""MAIN_GENRE"": ""Alt. Rock""
  },
  {
    ""CLIENT_DOMAIN"": ""Luminate"",
    ""GENRES"": [
      ""Rock""
    ],
    ""MAIN_GENRE"": ""Rock""
  }
]",2024-05-24,2024-05-30,1,23528.95010544,17599
MRELG15A462703FDE4984B84B9AF27F1A4B53,MODEL,WALLOWS,"[
  {
    ""CLIENT_DOMAIN"": ""Billboard"",
    ""GENRES"": [
      ""Rock"",
      ""Alt. Rock""
    ],
    ""IS_APPROVED"": true,
    ""MAIN_GENRE"": ""Alt. Rock""
  },
  {
    ""CLIENT_DOMAIN"": ""Luminate"",
    ""GENRES"": [
      ""Rock""
    ],
    ""MAIN_GENRE"": ""Rock""
  }
]",2024-05-24,2024-06-06,2,6321.45005449,2531
MRELG9F8766F139C24A8B98C3DCE798CBD3F2,TEAL ALBUM,WEEZER,"[
  {
    ""CLIENT_DOMAIN"": ""Billboard"",
    ""GENRES"": [
      ""Alt. Rock"",
      ""Pop"",
      ""Rock""
    ],
    ""IS_APPROVED"": true,
    ""MAIN_GENRE"": ""Alt. Rock""
  },
  {
    ""CLIENT_DOMAIN"": ""Luminate"",
    ""GENRES"": [
      ""Rock"",
      ""Pop""
    ],
    ""MAIN_GENRE"": ""Rock""
  }
]",2019-01-24,2019-01-31,1,38708.24460509,26860
MRELG9F8766F139C24A8B98C3DCE798CBD3F2,TEAL ALBUM,WEEZER,"[
  {
    ""CLIENT_DOMAIN"": ""Billboard"",
    ""GENRES"": [
      ""Alt. Rock"",
      ""Pop"",
      ""Rock""
    ],
    ""IS_APPROVED"": true,
    ""MAIN_GENRE"": ""Alt. Rock""
  },
  {
    ""CLIENT_DOMAIN"": ""Luminate"",
    ""GENRES"": [
      ""Rock"",
      ""Pop""
    ],
    ""MAIN_GENRE"": ""Rock""
  }
]",2019-01-24,2019-02-07,2,11043.81732071,5961
MRELG3C177F69B63346A5B1505FAA5B79CDF8,VAN WEEZER,WEEZER,"[
  {
    ""CLIENT_DOMAIN"": ""Billboard"",
    ""GENRES"": [
      ""Alt. Rock"",
      ""Rock""
    ],
    ""IS_APPROVED"": true,
    ""MAIN_GENRE"": ""Alt. Rock""
  },
  {
    ""CLIENT_DOMAIN"": ""Luminate"",
    ""GENRES"": [
      ""Rock""
    ],
    ""MAIN_GENRE"": ""Rock""
  }
]",2021-05-07,2021-05-13,1,26393.23277850,22820
MRELG3C177F69B63346A5B1505FAA5B79CDF8,VAN WEEZER,WEEZER,"[
  {
    ""CLIENT_DOMAIN"": ""Billboard"",
    ""GENRES"": [
      ""Alt. Rock"",
      ""Rock""
    ],
    ""IS_APPROVED"": true,
    ""MAIN_GENRE"": ""Alt. Rock""
  },
  {
    ""CLIENT_DOMAIN"": ""Luminate"",
    ""GENRES"": [
      ""Rock""
    ],
    ""MAIN_GENRE"": ""Rock""
  }
]",2021-05-07,2021-05-20,2,5139.66369149,3756
MRELG24F6A625F44C432CB49286FC77C393AD,8 LETTERS,WHY DON'T WE,"[
  {
    ""CLIENT_DOMAIN"": ""Billboard"",
    ""GENRES"": [
      ""Pop""
    ],
    ""IS_APPROVED"": true,
    ""MAIN_GENRE"": ""Pop""
  },
  {
    ""CLIENT_DOMAIN"": ""Luminate"",
    ""GENRES"": [
      ""Pop""
    ],
    ""MAIN_GENRE"": ""Pop""
  }
]",2018-08-31,2018-09-06,1,43536.55059524,36833
MRELG24F6A625F44C432CB49286FC77C393AD,8 LETTERS,WHY DON'T WE,"[
  {
    ""CLIENT_DOMAIN"": ""Billboard"",
    ""GENRES"": [
      ""Pop""
    ],
    ""IS_APPROVED"": true,
    ""MAIN_GENRE"": ""Pop""
  },
  {
    ""CLIENT_DOMAIN"": ""Luminate"",
    ""GENRES"": [
      ""Pop""
    ],
    ""MAIN_GENRE"": ""Pop""
  }
]",2018-08-31,2018-09-13,2,9948.20286616,4411
MRELG021DD9C79E77404FA3DA6AA3D15B7E10,Ode To Joy,WILCO,"[
  {
    ""CLIENT_DOMAIN"": ""Billboard"",
    ""GENRES"": [
      ""Folk"",
      ""Rock"",
      ""Alt. Rock""
    ],
    ""IS_APPROVED"": true,
    ""MAIN_GENRE"": ""Alt. Rock""
  },
  {
    ""CLIENT_DOMAIN"": ""Luminate"",
    ""GENRES"": [
      ""Indie Rock"",
      ""Rock"",
      ""Folk""
    ],
    ""MAIN_GENRE"": ""Rock""
  }
]",2019-10-04,2019-10-10,1,19499.25744431,17601
MRELG021DD9C79E77404FA3DA6AA3D15B7E10,Ode To Joy,WILCO,"[
  {
    ""CLIENT_DOMAIN"": ""Billboard"",
    ""GENRES"": [
      ""Folk"",
      ""Rock"",
      ""Alt. Rock""
    ],
    ""IS_APPROVED"": true,
    ""MAIN_GENRE"": ""Alt. Rock""
  },
  {
    ""CLIENT_DOMAIN"": ""Luminate"",
    ""GENRES"": [
      ""Indie Rock"",
      ""Rock"",
      ""Folk""
    ],
    ""MAIN_GENRE"": ""Rock""
  }
]",2019-10-04,2019-10-17,2,4588.89004954,3795
MRELG90A4EF85A9EF4910A9F8FDBF8B693869,everything is a lot.,Wale,"[
  {
    ""CLIENT_DOMAIN"": ""Luminate"",
    ""GENRES"": [
      ""Rap"",
      ""R&B/Hip-Hop""
    ],
    ""MAIN_GENRE"": ""Rap""
  },
  {
    ""CLIENT_DOMAIN"": ""Billboard"",
    ""GENRES"": [
      ""R&B/Hip-Hop"",
      ""Rap""
    ],
    ""IS_APPROVED"": true,
    ""MAIN_GENRE"": ""Rap""
  }
]",2025-11-14,2025-11-20,1,22755.23453380,2264
MRELG90A4EF85A9EF4910A9F8FDBF8B693869,everything is a lot.,Wale,"[
  {
    ""CLIENT_DOMAIN"": ""Luminate"",
    ""GENRES"": [
      ""Rap"",
      ""R&B/Hip-Hop""
    ],
    ""MAIN_GENRE"": ""Rap""
  },
  {
    ""CLIENT_DOMAIN"": ""Billboard"",
    ""GENRES"": [
      ""R&B/Hip-Hop"",
      ""Rap""
    ],
    ""IS_APPROVED"": true,
    ""MAIN_GENRE"": ""Rap""
  }
]",2025-11-14,2025-11-27,2,16844.20350573,408
MRELG79F827018EAD414A94ABDBAE520B1199,Whiskey Myers,Whiskey Myers,"[
  {
    ""CLIENT_DOMAIN"": ""Luminate"",
    ""GENRES"": [
      ""Indie Rock"",
      ""Country & Folk"",
      ""Rock"",
      ""Country"",
      ""Folk""
    ],
    ""MAIN_GENRE"": ""Folk""
  },
  {
    ""CLIENT_DOMAIN"": ""Billboard"",
    ""GENRES"": [
      ""Rock"",
      ""Folk"",
      ""Country""
    ],
    ""IS_APPROVED"": true,
    ""MAIN_GENRE"": ""Folk""
  }
]",2019-09-27,2019-10-03,1,41623.83284854,38994
MRELG79F827018EAD414A94ABDBAE520B1199,Whiskey Myers,Whiskey Myers,"[
  {
    ""CLIENT_DOMAIN"": ""Luminate"",
    ""GENRES"": [
      ""Indie Rock"",
      ""Country & Folk"",
      ""Rock"",
      ""Country"",
      ""Folk""
    ],
    ""MAIN_GENRE"": ""Folk""
  },
  {
    ""CLIENT_DOMAIN"": ""Billboard"",
    ""GENRES"": [
      ""Rock"",
      ""Folk"",
      ""Country""
    ],
    ""IS_APPROVED"": true,
    ""MAIN_GENRE"": ""Folk""
  }
]",2019-09-27,2019-10-10,2,3211.53779424,1573
MRELG6BE9E4B878114DE5841F6BAF9AE69CE4,THE GOOD TIMES AND THE BAD ONES,Why Don't We,"[
  {
    ""CLIENT_DOMAIN"": ""Billboard"",
    ""GENRES"": [
      ""Pop""
    ],
    ""IS_APPROVED"": true,
    ""MAIN_GENRE"": ""Pop""
  },
  {
    ""CLIENT_DOMAIN"": ""Luminate"",
    ""GENRES"": [
      ""J-Pop"",
      ""Pop""
    ],
    ""MAIN_GENRE"": ""Pop""
  }
]",2021-01-15,2021-01-21,1,42091.56049621,34538
MRELG6BE9E4B878114DE5841F6BAF9AE69CE4,THE GOOD TIMES AND THE BAD ONES,Why Don't We,"[
  {
    ""CLIENT_DOMAIN"": ""Billboard"",
    ""GENRES"": [
      ""Pop""
    ],
    ""IS_APPROVED"": true,
    ""MAIN_GENRE"": ""Pop""
  },
  {
    ""CLIENT_DOMAIN"": ""Luminate"",
    ""GENRES"": [
      ""J-Pop"",
      ""Pop""
    ],
    ""MAIN_GENRE"": ""Pop""
  }
]",2021-01-15,2021-01-28,2,7049.68860464,2256
MRELG87CBB54757854304A7A380EF4D16782F,Rolling Papers 2,Wiz Khalifa,"[
  {
    ""CLIENT_DOMAIN"": ""Luminate"",
    ""GENRES"": [
      ""Rap"",
      ""R&B/Hip-Hop""
    ],
    ""MAIN_GENRE"": ""Rap""
  },
  {
    ""CLIENT_DOMAIN"": ""Billboard"",
    ""GENRES"": [
      ""R&B/Hip-Hop"",
      ""Rap""
    ],
    ""IS_APPROVED"": true,
    ""MAIN_GENRE"": ""Rap""
  }
]",2018-07-12,2018-07-19,1,81658.68864567,14017
MRELG87CBB54757854304A7A380EF4D16782F,Rolling Papers 2,Wiz Khalifa,"[
  {
    ""CLIENT_DOMAIN"": ""Luminate"",
    ""GENRES"": [
      ""Rap"",
      ""R&B/Hip-Hop""
    ],
    ""MAIN_GENRE"": ""Rap""
  },
  {
    ""CLIENT_DOMAIN"": ""Billboard"",
    ""GENRES"": [
      ""R&B/Hip-Hop"",
      ""Rap""
    ],
    ""IS_APPROVED"": true,
    ""MAIN_GENRE"": ""Rap""
  }
]",2018-07-12,2018-07-26,2,34929.22347144,1940
MRELGCF19D83ED6A94FF59285CBE1691CCF65,?,XXXTENTACION,"[
  {
    ""CLIENT_DOMAIN"": ""Luminate"",
    ""GENRES"": [
      ""Rap"",
      ""R&B/Hip-Hop""
    ],
    ""MAIN_GENRE"": ""Rap""
  },
  {
    ""CLIENT_DOMAIN"": ""Billboard"",
    ""GENRES"": [
      ""Rap"",
      ""R&B/Hip-Hop""
    ],
    ""IS_APPROVED"": true,
    ""MAIN_GENRE"": ""Rap""
  }
]",2018-03-16,2018-03-22,1,138776.48952068,19586
MRELGCF19D83ED6A94FF59285CBE1691CCF65,?,XXXTENTACION,"[
  {
    ""CLIENT_DOMAIN"": ""Luminate"",
    ""GENRES"": [
      ""Rap"",
      ""R&B/Hip-Hop""
    ],
    ""MAIN_GENRE"": ""Rap""
  },
  {
    ""CLIENT_DOMAIN"": ""Billboard"",
    ""GENRES"": [
      ""Rap"",
      ""R&B/Hip-Hop""
    ],
    ""IS_APPROVED"": true,
    ""MAIN_GENRE"": ""Rap""
  }
]",2018-03-16,2018-03-29,2,83335.40235300,4262
MRELGBE621D1527014943B250F33AE1E46FD5,YBN: The Mixtape,"YBN Nahmir, Cordae, Almighty Jay","[
  {
    ""CLIENT_DOMAIN"": ""Billboard"",
    ""GENRES"": [
      ""R&B/Hip-Hop"",
      ""Rap""
    ],
    ""IS_APPROVED"": true,
    ""MAIN_GENRE"": ""Rap""
  },
  {
    ""CLIENT_DOMAIN"": ""Luminate"",
    ""GENRES"": [
      ""Rap"",
      ""R&B/Hip-Hop""
    ],
    ""MAIN_GENRE"": ""Rap""
  }
]",2018-09-07,2018-09-13,1,22227.26523918,869
MRELGBE621D1527014943B250F33AE1E46FD5,YBN: The Mixtape,"YBN Nahmir, Cordae, Almighty Jay","[
  {
    ""CLIENT_DOMAIN"": ""Billboard"",
    ""GENRES"": [
      ""R&B/Hip-Hop"",
      ""Rap""
    ],
    ""IS_APPROVED"": true,
    ""MAIN_GENRE"": ""Rap""
  },
  {
    ""CLIENT_DOMAIN"": ""Luminate"",
    ""GENRES"": [
      ""Rap"",
      ""R&B/Hip-Hop""
    ],
    ""MAIN_GENRE"": ""Rap""
  }
]",2018-09-07,2018-09-20,2,15051.39452159,145
MRELG50B2117346F34692ACC2A595A0EEB886,NO LABELS: PART 01,YEONJUN,"[
  {
    ""CLIENT_DOMAIN"": ""Billboard"",
    ""GENRES"": [
      ""World Music"",
      ""K-Pop""
    ],
    ""IS_APPROVED"": true,
    ""MAIN_GENRE"": ""K-Pop""
  },
  {
    ""CLIENT_DOMAIN"": ""Luminate"",
    ""GENRES"": [
      ""K-Pop""
    ],
    ""MAIN_GENRE"": ""K-Pop""
  }
]",2025-11-07,2025-11-13,1,30400.57507371,28061
MRELG50B2117346F34692ACC2A595A0EEB886,NO LABELS: PART 01,YEONJUN,"[
  {
    ""CLIENT_DOMAIN"": ""Billboard"",
    ""GENRES"": [
      ""World Music"",
      ""K-Pop""
    ],
    ""IS_APPROVED"": true,
    ""MAIN_GENRE"": ""K-Pop""
  },
  {
    ""CLIENT_DOMAIN"": ""Luminate"",
    ""GENRES"": [
      ""K-Pop""
    ],
    ""MAIN_GENRE"": ""K-Pop""
  }
]",2025-11-07,2025-11-20,2,9553.25358707,8221
MRELG2FF1480391C847E78EC80F037F017F4E,RAY RAY FROM SUMMERHILL,YFN LUCCI,"[
  {
    ""CLIENT_DOMAIN"": ""Luminate"",
    ""GENRES"": [
      ""Rap"",
      ""R&B/Hip-Hop""
    ],
    ""MAIN_GENRE"": ""Rap""
  },
  {
    ""CLIENT_DOMAIN"": ""Billboard"",
    ""GENRES"": [
      ""Rap"",
      ""R&B/Hip-Hop""
    ],
    ""IS_APPROVED"": true,
    ""MAIN_GENRE"": ""Rap""
  }
]",2018-03-08,2018-03-15,1,27835.90362472,7708
MRELG2FF1480391C847E78EC80F037F017F4E,RAY RAY FROM SUMMERHILL,YFN LUCCI,"[
  {
    ""CLIENT_DOMAIN"": ""Luminate"",
    ""GENRES"": [
      ""Rap"",
      ""R&B/Hip-Hop""
    ],
    ""MAIN_GENRE"": ""Rap""
  },
  {
    ""CLIENT_DOMAIN"": ""Billboard"",
    ""GENRES"": [
      ""Rap"",
      ""R&B/Hip-Hop""
    ],
    ""IS_APPROVED"": true,
    ""MAIN_GENRE"": ""Rap""
  }
]",2018-03-08,2018-03-22,2,12562.13074255,1844
MRELG4E0D4A8D3C354BF283046ADD7EC5946E,ALREADY LEGEND.,YFN Lucci,"[
  {
    ""CLIENT_DOMAIN"": ""Luminate"",
    ""GENRES"": [
      ""Rap"",
      ""R&B/Hip-Hop"",
      ""Others""
    ],
    ""MAIN_GENRE"": ""Rap""
  },
  {
    ""CLIENT_DOMAIN"": ""Billboard"",
    ""GENRES"": [
      ""R&B/Hip-Hop"",
      ""Rap""
    ],
    ""IS_APPROVED"": true,
    ""MAIN_GENRE"": ""Rap""
  }
]",2025-09-25,2025-10-02,1,28840.33872016,2831
MRELG4E0D4A8D3C354BF283046ADD7EC5946E,ALREADY LEGEND.,YFN Lucci,"[
  {
    ""CLIENT_DOMAIN"": ""Luminate"",
    ""GENRES"": [
      ""Rap"",
      ""R&B/Hip-Hop"",
      ""Others""
    ],
    ""MAIN_GENRE"": ""Rap""
  },
  {
    ""CLIENT_DOMAIN"": ""Billboard"",
    ""GENRES"": [
      ""R&B/Hip-Hop"",
      ""Rap""
    ],
    ""IS_APPROVED"": true,
    ""MAIN_GENRE"": ""Rap""
  }
]",2025-09-25,2025-10-09,2,14238.81700721,130
MRELGC28BF965EE594569B72A875D495661F6,My Life 4Hunnid,YG,"[
  {
    ""CLIENT_DOMAIN"": ""Billboard"",
    ""GENRES"": [
      ""Rap"",
      ""R&B/Hip-Hop""
    ],
    ""IS_APPROVED"": true,
    ""MAIN_GENRE"": ""Rap""
  },
  {
    ""CLIENT_DOMAIN"": ""Luminate"",
    ""GENRES"": [
      ""Rap"",
      ""R&B/Hip-Hop""
    ],
    ""MAIN_GENRE"": ""Rap""
  }
]",2020-10-02,2020-10-08,1,63914.08443431,46578
MRELGC28BF965EE594569B72A875D495661F6,My Life 4Hunnid,YG,"[
  {
    ""CLIENT_DOMAIN"": ""Billboard"",
    ""GENRES"": [
      ""Rap"",
      ""R&B/Hip-Hop""
    ],
    ""IS_APPROVED"": true,
    ""MAIN_GENRE"": ""Rap""
  },
  {
    ""CLIENT_DOMAIN"": ""Luminate"",
    ""GENRES"": [
      ""Rap"",
      ""R&B/Hip-Hop""
    ],
    ""MAIN_GENRE"": ""Rap""
  }
]",2020-10-02,2020-10-15,2,8587.28398979,377
MRELG29ACDE2E39F4400D815E9406CB14A32C,STAY DANGEROUS,YG,"[
  {
    ""CLIENT_DOMAIN"": ""Billboard"",
    ""GENRES"": [
      ""R&B/Hip-Hop"",
      ""Rap""
    ],
    ""IS_APPROVED"": true,
    ""MAIN_GENRE"": ""Rap""
  },
  {
    ""CLIENT_DOMAIN"": ""Luminate"",
    ""GENRES"": [
      ""Rap"",
      ""R&B/Hip-Hop""
    ],
    ""MAIN_GENRE"": ""Rap""
  }
]",2018-08-03,2018-08-09,1,60585.74331009,11163
MRELG29ACDE2E39F4400D815E9406CB14A32C,STAY DANGEROUS,YG,"[
  {
    ""CLIENT_DOMAIN"": ""Billboard"",
    ""GENRES"": [
      ""R&B/Hip-Hop"",
      ""Rap""
    ],
    ""IS_APPROVED"": true,
    ""MAIN_GENRE"": ""Rap""
  },
  {
    ""CLIENT_DOMAIN"": ""Luminate"",
    ""GENRES"": [
      ""Rap"",
      ""R&B/Hip-Hop""
    ],
    ""MAIN_GENRE"": ""Rap""
  }
]",2018-08-03,2018-08-16,2,27744.47470869,1204
MRELG93A84CCE3A794FA9B925709615B42749,WE ALL SHINE,YNW MELLY,"[
  {
    ""CLIENT_DOMAIN"": ""Luminate"",
    ""GENRES"": [
      ""Rap"",
      ""R&B/Hip-Hop""
    ],
    ""MAIN_GENRE"": ""Rap""
  },
  {
    ""CLIENT_DOMAIN"": ""Billboard"",
    ""GENRES"": [
      ""R&B/Hip-Hop"",
      ""Rap""
    ],
    ""IS_APPROVED"": true,
    ""MAIN_GENRE"": ""Rap""
  }
]",2019-01-18,2019-01-24,1,20715.11491945,445
MRELG93A84CCE3A794FA9B925709615B42749,WE ALL SHINE,YNW MELLY,"[
  {
    ""CLIENT_DOMAIN"": ""Luminate"",
    ""GENRES"": [
      ""Rap"",
      ""R&B/Hip-Hop""
    ],
    ""MAIN_GENRE"": ""Rap""
  },
  {
    ""CLIENT_DOMAIN"": ""Billboard"",
    ""GENRES"": [
      ""R&B/Hip-Hop"",
      ""Rap""
    ],
    ""IS_APPROVED"": true,
    ""MAIN_GENRE"": ""Rap""
  }
]",2019-01-18,2019-01-31,2,15310.58860467,113
MRELGDF46817B39614704B7131617310EEFDB,Melly vs. Melvin,YNW Melly,"[
  {
    ""CLIENT_DOMAIN"": ""Luminate"",
    ""GENRES"": [
      ""Rap"",
      ""R&B/Hip-Hop""
    ],
    ""MAIN_GENRE"": ""Rap""
  },
  {
    ""CLIENT_DOMAIN"": ""Billboard"",
    ""GENRES"": [
      ""Rap"",
      ""R&B/Hip-Hop""
    ],
    ""IS_APPROVED"": true,
    ""MAIN_GENRE"": ""Rap""
  }
]",2019-11-22,2019-11-28,1,46515.65528502,1072
MRELGDF46817B39614704B7131617310EEFDB,Melly vs. Melvin,YNW Melly,"[
  {
    ""CLIENT_DOMAIN"": ""Luminate"",
    ""GENRES"": [
      ""Rap"",
      ""R&B/Hip-Hop""
    ],
    ""MAIN_GENRE"": ""Rap""
  },
  {
    ""CLIENT_DOMAIN"": ""Billboard"",
    ""GENRES"": [
      ""Rap"",
      ""R&B/Hip-Hop""
    ],
    ""IS_APPROVED"": true,
    ""MAIN_GENRE"": ""Rap""
  }
]",2019-11-22,2019-12-05,2,23716.09077361,153
MRELG9E38715F6B9343A988B942173AF6321C,Slime Language 2,"YOUNG STONER LIFE, YOUNG THUG & GUNNA","[
  {
    ""CLIENT_DOMAIN"": ""Luminate"",
    ""GENRES"": [
      ""Rap"",
      ""R&B/Hip-Hop"",
      ""K-Pop"",
      ""Pop""
    ],
    ""MAIN_GENRE"": ""Rap""
  },
  {
    ""CLIENT_DOMAIN"": ""Billboard"",
    ""GENRES"": [
      ""R&B/Hip-Hop"",
      ""Rap""
    ],
    ""IS_APPROVED"": true,
    ""MAIN_GENRE"": ""Rap""
  }
]",2021-04-15,2021-04-22,1,113256.85030860,6101
MRELG9E38715F6B9343A988B942173AF6321C,Slime Language 2,"YOUNG STONER LIFE, YOUNG THUG & GUNNA","[
  {
    ""CLIENT_DOMAIN"": ""Luminate"",
    ""GENRES"": [
      ""Rap"",
      ""R&B/Hip-Hop"",
      ""K-Pop"",
      ""Pop""
    ],
    ""MAIN_GENRE"": ""Rap""
  },
  {
    ""CLIENT_DOMAIN"": ""Billboard"",
    ""GENRES"": [
      ""R&B/Hip-Hop"",
      ""Rap""
    ],
    ""IS_APPROVED"": true,
    ""MAIN_GENRE"": ""Rap""
  }
]",2021-04-15,2021-04-29,2,61547.95473497,1327
MRELG8CDE7A1D2A21440F897845CB05B066D6,ON THE RUN,YOUNG THUG,"[
  {
    ""CLIENT_DOMAIN"": ""Billboard"",
    ""GENRES"": [
      ""R&B/Hip-Hop"",
      ""Rap""
    ],
    ""IS_APPROVED"": true,
    ""MAIN_GENRE"": ""Rap""
  },
  {
    ""CLIENT_DOMAIN"": ""Luminate"",
    ""GENRES"": [
      ""Rap"",
      ""R&B/Hip-Hop""
    ],
    ""MAIN_GENRE"": ""Rap""
  }
]",2018-09-24,2018-09-27,1,27747.27484356,2331
MRELG8CDE7A1D2A21440F897845CB05B066D6,ON THE RUN,YOUNG THUG,"[
  {
    ""CLIENT_DOMAIN"": ""Billboard"",
    ""GENRES"": [
      ""R&B/Hip-Hop"",
      ""Rap""
    ],
    ""IS_APPROVED"": true,
    ""MAIN_GENRE"": ""Rap""
  },
  {
    ""CLIENT_DOMAIN"": ""Luminate"",
    ""GENRES"": [
      ""Rap"",
      ""R&B/Hip-Hop""
    ],
    ""MAIN_GENRE"": ""Rap""
  }
]",2018-09-24,2018-10-04,2,21571.95192854,704
MRELG9FF133C6DFC448549F4A9631DFE59058,3800 Degrees,YOUNGBOY NEVER BROKE AGAIN,"[
  {
    ""CLIENT_DOMAIN"": ""Billboard"",
    ""GENRES"": [
      ""Rap"",
      ""R&B/Hip-Hop""
    ],
    ""IS_APPROVED"": true,
    ""MAIN_GENRE"": ""Rap""
  },
  {
    ""CLIENT_DOMAIN"": ""Luminate"",
    ""GENRES"": [
      ""Rap"",
      ""R&B/Hip-Hop""
    ],
    ""MAIN_GENRE"": ""Rap""
  }
]",2022-10-07,2022-10-13,1,23701.52725883,397
MRELG9FF133C6DFC448549F4A9631DFE59058,3800 Degrees,YOUNGBOY NEVER BROKE AGAIN,"[
  {
    ""CLIENT_DOMAIN"": ""Billboard"",
    ""GENRES"": [
      ""Rap"",
      ""R&B/Hip-Hop""
    ],
    ""IS_APPROVED"": true,
    ""MAIN_GENRE"": ""Rap""
  },
  {
    ""CLIENT_DOMAIN"": ""Luminate"",
    ""GENRES"": [
      ""Rap"",
      ""R&B/Hip-Hop""
    ],
    ""MAIN_GENRE"": ""Rap""
  }
]",2022-10-07,2022-10-20,2,10207.56562490,77
MRELGC43E2D1967374A06B733313A02F7FDA7,4RESPECT,YOUNGBOY NEVER BROKE AGAIN,"[
  {
    ""CLIENT_DOMAIN"": ""Luminate"",
    ""GENRES"": [
      ""Rap"",
      ""R&B/Hip-Hop""
    ],
    ""MAIN_GENRE"": ""Rap""
  },
  {
    ""CLIENT_DOMAIN"": ""Billboard"",
    ""GENRES"": [
      ""Rap"",
      ""R&B/Hip-Hop""
    ],
    ""IS_APPROVED"": true,
    ""MAIN_GENRE"": ""Rap""
  }
]",2018-08-24,2018-08-30,1,22425.01346712,3429
MRELGC43E2D1967374A06B733313A02F7FDA7,4RESPECT,YOUNGBOY NEVER BROKE AGAIN,"[
  {
    ""CLIENT_DOMAIN"": ""Luminate"",
    ""GENRES"": [
      ""Rap"",
      ""R&B/Hip-Hop""
    ],
    ""MAIN_GENRE"": ""Rap""
  },
  {
    ""CLIENT_DOMAIN"": ""Billboard"",
    ""GENRES"": [
      ""Rap"",
      ""R&B/Hip-Hop""
    ],
    ""IS_APPROVED"": true,
    ""MAIN_GENRE"": ""Rap""
  }
]",2018-08-24,2018-09-06,2,13188.04334318,481
MRELG57A489F37A524A60A7102000FDF9193A,MA’ I GOT A FAMILY (A GANGSTA GRILLZ SPE,YOUNGBOY NEVER BROKE AGAIN,"[
  {
    ""CLIENT_DOMAIN"": ""Luminate"",
    ""GENRES"": [
      ""Rap"",
      ""R&B/Hip-Hop""
    ],
    ""MAIN_GENRE"": ""Rap""
  },
  {
    ""CLIENT_DOMAIN"": ""Billboard"",
    ""GENRES"": [
      ""Rap"",
      ""R&B/Hip-Hop""
    ],
    ""IS_APPROVED"": true,
    ""MAIN_GENRE"": ""Rap""
  }
]",2022-10-21,2022-10-27,1,37093.77793387,389
MRELG57A489F37A524A60A7102000FDF9193A,MA’ I GOT A FAMILY (A GANGSTA GRILLZ SPE,YOUNGBOY NEVER BROKE AGAIN,"[
  {
    ""CLIENT_DOMAIN"": ""Luminate"",
    ""GENRES"": [
      ""Rap"",
      ""R&B/Hip-Hop""
    ],
    ""MAIN_GENRE"": ""Rap""
  },
  {
    ""CLIENT_DOMAIN"": ""Billboard"",
    ""GENRES"": [
      ""Rap"",
      ""R&B/Hip-Hop""
    ],
    ""IS_APPROVED"": true,
    ""MAIN_GENRE"": ""Rap""
  }
]",2022-10-21,2022-11-03,2,16237.36819422,44
MRELGAD502399F9AE4637BEB2628D449BADA2,"STILL FLEXIN, STILL STEPPIN",YOUNGBOY NEVER BROKE AGAIN,"[
  {
    ""CLIENT_DOMAIN"": ""Billboard"",
    ""GENRES"": [
      ""Rap"",
      ""R&B/Hip-Hop""
    ],
    ""IS_APPROVED"": true,
    ""MAIN_GENRE"": ""Rap""
  },
  {
    ""CLIENT_DOMAIN"": ""Luminate"",
    ""GENRES"": [
      ""Rap"",
      ""R&B/Hip-Hop""
    ],
    ""MAIN_GENRE"": ""Rap""
  }
]",2020-02-21,2020-02-27,1,96433.17114218,3206
MRELGAD502399F9AE4637BEB2628D449BADA2,"STILL FLEXIN, STILL STEPPIN",YOUNGBOY NEVER BROKE AGAIN,"[
  {
    ""CLIENT_DOMAIN"": ""Billboard"",
    ""GENRES"": [
      ""Rap"",
      ""R&B/Hip-Hop""
    ],
    ""IS_APPROVED"": true,
    ""MAIN_GENRE"": ""Rap""
  },
  {
    ""CLIENT_DOMAIN"": ""Luminate"",
    ""GENRES"": [
      ""Rap"",
      ""R&B/Hip-Hop""
    ],
    ""MAIN_GENRE"": ""Rap""
  }
]",2020-02-21,2020-03-05,2,44758.53981371,704
MRELG36BE28F224E44BCE957A3B4BE8DCE828,UNTIL I RETURN,YOUNGBOY NEVER BROKE AGAIN,"[
  {
    ""CLIENT_DOMAIN"": ""Billboard"",
    ""GENRES"": [
      ""R&B/Hip-Hop"",
      ""Rap""
    ],
    ""IS_APPROVED"": true,
    ""MAIN_GENRE"": ""Rap""
  },
  {
    ""CLIENT_DOMAIN"": ""Luminate"",
    ""GENRES"": [
      ""Rap"",
      ""R&B/Hip-Hop""
    ],
    ""MAIN_GENRE"": ""Rap""
  }
]",2020-11-12,2020-11-19,1,32192.72619068,522
MRELG36BE28F224E44BCE957A3B4BE8DCE828,UNTIL I RETURN,YOUNGBOY NEVER BROKE AGAIN,"[
  {
    ""CLIENT_DOMAIN"": ""Billboard"",
    ""GENRES"": [
      ""R&B/Hip-Hop"",
      ""Rap""
    ],
    ""IS_APPROVED"": true,
    ""MAIN_GENRE"": ""Rap""
  },
  {
    ""CLIENT_DOMAIN"": ""Luminate"",
    ""GENRES"": [
      ""Rap"",
      ""R&B/Hip-Hop""
    ],
    ""MAIN_GENRE"": ""Rap""
  }
]",2020-11-12,2020-11-26,2,19283.69309694,80
MRELG1D977EFBB5264379BE9A159A22F579B9,FROM THE BAYOU,YOUNGBOY NEVER BROKE AGAIN & BIRDMAN,"[
  {
    ""CLIENT_DOMAIN"": ""Luminate"",
    ""GENRES"": [
      ""Rap"",
      ""R&B/Hip-Hop""
    ],
    ""MAIN_GENRE"": ""Rap""
  },
  {
    ""CLIENT_DOMAIN"": ""Billboard"",
    ""GENRES"": [
      ""Rap"",
      ""R&B/Hip-Hop""
    ],
    ""IS_APPROVED"": true,
    ""MAIN_GENRE"": ""Rap""
  }
]",2021-12-10,2021-12-16,1,32490.94076549,1424
MRELG1D977EFBB5264379BE9A159A22F579B9,FROM THE BAYOU,YOUNGBOY NEVER BROKE AGAIN & BIRDMAN,"[
  {
    ""CLIENT_DOMAIN"": ""Luminate"",
    ""GENRES"": [
      ""Rap"",
      ""R&B/Hip-Hop""
    ],
    ""MAIN_GENRE"": ""Rap""
  },
  {
    ""CLIENT_DOMAIN"": ""Billboard"",
    ""GENRES"": [
      ""Rap"",
      ""R&B/Hip-Hop""
    ],
    ""IS_APPROVED"": true,
    ""MAIN_GENRE"": ""Rap""
  }
]",2021-12-10,2021-12-23,2,21971.59813756,154
MRELGB39BF4E7D45B41558504C4879E1FB96F,2 Alivë,Yeat,"[
  {
    ""CLIENT_DOMAIN"": ""Luminate"",
    ""GENRES"": [
      ""Rap"",
      ""R&B/Hip-Hop""
    ],
    ""MAIN_GENRE"": ""Rap""
  },
  {
    ""CLIENT_DOMAIN"": ""Billboard"",
    ""GENRES"": [
      ""Rap"",
      ""R&B/Hip-Hop""
    ],
    ""IS_APPROVED"": true,
    ""MAIN_GENRE"": ""Rap""
  }
]",2022-02-17,2022-02-24,1,31883.57831185,145
MRELGB39BF4E7D45B41558504C4879E1FB96F,2 Alivë,Yeat,"[
  {
    ""CLIENT_DOMAIN"": ""Luminate"",
    ""GENRES"": [
      ""Rap"",
      ""R&B/Hip-Hop""
    ],
    ""MAIN_GENRE"": ""Rap""
  },
  {
    ""CLIENT_DOMAIN"": ""Billboard"",
    ""GENRES"": [
      ""Rap"",
      ""R&B/Hip-Hop""
    ],
    ""IS_APPROVED"": true,
    ""MAIN_GENRE"": ""Rap""
  }
]",2022-02-17,2022-03-03,2,17449.70553064,30
MRELGBBFD42D970104797B0916EED6B77D520,2093,Yeat,"[
  {
    ""CLIENT_DOMAIN"": ""Luminate"",
    ""GENRES"": [
      ""Rap"",
      ""R&B/Hip-Hop""
    ],
    ""MAIN_GENRE"": ""Rap""
  },
  {
    ""CLIENT_DOMAIN"": ""Billboard"",
    ""GENRES"": [
      ""Rap"",
      ""R&B/Hip-Hop""
    ],
    ""IS_APPROVED"": true,
    ""MAIN_GENRE"": ""Rap""
  }
]",2024-02-15,2024-02-22,1,69839.38897598,11643
MRELGBBFD42D970104797B0916EED6B77D520,2093,Yeat,"[
  {
    ""CLIENT_DOMAIN"": ""Luminate"",
    ""GENRES"": [
      ""Rap"",
      ""R&B/Hip-Hop""
    ],
    ""MAIN_GENRE"": ""Rap""
  },
  {
    ""CLIENT_DOMAIN"": ""Billboard"",
    ""GENRES"": [
      ""Rap"",
      ""R&B/Hip-Hop""
    ],
    ""IS_APPROVED"": true,
    ""MAIN_GENRE"": ""Rap""
  }
]",2024-02-15,2024-02-29,2,28896.27200423,767
MRELGA884E9BDCBD84E959B6C47FD0CFD689B,AftërLyfe,Yeat,"[
  {
    ""CLIENT_DOMAIN"": ""Billboard"",
    ""GENRES"": [
      ""Rap"",
      ""R&B/Hip-Hop""
    ],
    ""IS_APPROVED"": true,
    ""MAIN_GENRE"": ""Rap""
  },
  {
    ""CLIENT_DOMAIN"": ""Luminate"",
    ""GENRES"": [
      ""Rap"",
      ""R&B/Hip-Hop""
    ],
    ""MAIN_GENRE"": ""Rap""
  }
]",2023-02-24,2023-03-02,1,54739.28199026,255
MRELGA884E9BDCBD84E959B6C47FD0CFD689B,AftërLyfe,Yeat,"[
  {
    ""CLIENT_DOMAIN"": ""Billboard"",
    ""GENRES"": [
      ""Rap"",
      ""R&B/Hip-Hop""
    ],
    ""IS_APPROVED"": true,
    ""MAIN_GENRE"": ""Rap""
  },
  {
    ""CLIENT_DOMAIN"": ""Luminate"",
    ""GENRES"": [
      ""Rap"",
      ""R&B/Hip-Hop""
    ],
    ""MAIN_GENRE"": ""Rap""
  }
]",2023-02-24,2023-03-09,2,21760.05011599,33
MRELG74345EBA6E5D4E0ABB418F7E5B43BAB6,DANGEROUS SUMMER,Yeat,"[
  {
    ""CLIENT_DOMAIN"": ""Billboard"",
    ""GENRES"": [
      ""Rap"",
      ""R&B/Hip-Hop""
    ],
    ""IS_APPROVED"": true,
    ""MAIN_GENRE"": ""Rap""
  },
  {
    ""CLIENT_DOMAIN"": ""Luminate"",
    ""GENRES"": [
      ""Rap"",
      ""R&B/Hip-Hop""
    ],
    ""MAIN_GENRE"": ""Rap""
  }
]",2025-08-01,2025-08-07,1,33988.37016821,15777
MRELG74345EBA6E5D4E0ABB418F7E5B43BAB6,DANGEROUS SUMMER,Yeat,"[
  {
    ""CLIENT_DOMAIN"": ""Billboard"",
    ""GENRES"": [
      ""Rap"",
      ""R&B/Hip-Hop""
    ],
    ""IS_APPROVED"": true,
    ""MAIN_GENRE"": ""Rap""
  },
  {
    ""CLIENT_DOMAIN"": ""Luminate"",
    ""GENRES"": [
      ""Rap"",
      ""R&B/Hip-Hop""
    ],
    ""MAIN_GENRE"": ""Rap""
  }
]",2025-08-01,2025-08-14,2,10262.62494679,516
MRELG8F3F701C6738418B8F10FD6848A40DDF,LYFESTYLE,Yeat,"[
  {
    ""CLIENT_DOMAIN"": ""Billboard"",
    ""GENRES"": [
      ""R&B/Hip-Hop"",
      ""Rap""
    ],
    ""IS_APPROVED"": true,
    ""MAIN_GENRE"": ""Rap""
  },
  {
    ""CLIENT_DOMAIN"": ""Luminate"",
    ""GENRES"": [
      ""Rap"",
      ""R&B/Hip-Hop""
    ],
    ""MAIN_GENRE"": ""Rap""
  }
]",2024-10-17,2024-10-24,1,88633.81317259,59929
MRELG8F3F701C6738418B8F10FD6848A40DDF,LYFESTYLE,Yeat,"[
  {
    ""CLIENT_DOMAIN"": ""Billboard"",
    ""GENRES"": [
      ""R&B/Hip-Hop"",
      ""Rap""
    ],
    ""IS_APPROVED"": true,
    ""MAIN_GENRE"": ""Rap""
  },
  {
    ""CLIENT_DOMAIN"": ""Luminate"",
    ""GENRES"": [
      ""Rap"",
      ""R&B/Hip-Hop""
    ],
    ""MAIN_GENRE"": ""Rap""
  }
]",2024-10-17,2024-10-31,2,13934.99584308,1026
MRELG4E64EE3B23BA4B23B6C3C083BE389F20,Lyfë,Yeat,"[
  {
    ""CLIENT_DOMAIN"": ""Luminate"",
    ""GENRES"": [
      ""Rap"",
      ""R&B/Hip-Hop""
    ],
    ""MAIN_GENRE"": ""Rap""
  },
  {
    ""CLIENT_DOMAIN"": ""Billboard"",
    ""GENRES"": [
      ""Rap"",
      ""R&B/Hip-Hop""
    ],
    ""IS_APPROVED"": true,
    ""MAIN_GENRE"": ""Rap""
  }
]",2022-09-08,2022-09-15,1,29652.91985476,140
MRELG4E64EE3B23BA4B23B6C3C083BE389F20,Lyfë,Yeat,"[
  {
    ""CLIENT_DOMAIN"": ""Luminate"",
    ""GENRES"": [
      ""Rap"",
      ""R&B/Hip-Hop""
    ],
    ""MAIN_GENRE"": ""Rap""
  },
  {
    ""CLIENT_DOMAIN"": ""Billboard"",
    ""GENRES"": [
      ""Rap"",
      ""R&B/Hip-Hop""
    ],
    ""IS_APPROVED"": true,
    ""MAIN_GENRE"": ""Rap""
  }
]",2022-09-08,2022-09-22,2,15901.22523742,31
MRELGF45673674DA449E9AE7B93B0258E533C,Six Jewels 23,Yng Lvcas,"[
  {
    ""CLIENT_DOMAIN"": ""Billboard"",
    ""GENRES"": [
      ""Latin""
    ],
    ""IS_APPROVED"": false,
    ""MAIN_GENRE"": ""Latin""
  },
  {
    ""CLIENT_DOMAIN"": ""Luminate"",
    ""GENRES"": [
      ""Reggaeton""
    ],
    ""MAIN_GENRE"": ""Reggaeton""
  }
]",2023-05-25,2023-06-01,1,11010.25188725,0
MRELGF45673674DA449E9AE7B93B0258E533C,Six Jewels 23,Yng Lvcas,"[
  {
    ""CLIENT_DOMAIN"": ""Billboard"",
    ""GENRES"": [
      ""Latin""
    ],
    ""IS_APPROVED"": false,
    ""MAIN_GENRE"": ""Latin""
  },
  {
    ""CLIENT_DOMAIN"": ""Luminate"",
    ""GENRES"": [
      ""Reggaeton""
    ],
    ""MAIN_GENRE"": ""Reggaeton""
  }
]",2023-05-25,2023-06-08,2,9846.81182608,0
MRELG4C6A7EB6B512472AB6318270213A4541,Untrapped,Yo Gotti,"[
  {
    ""CLIENT_DOMAIN"": ""Billboard"",
    ""GENRES"": [
      ""R&B/Hip-Hop"",
      ""Rap""
    ],
    ""IS_APPROVED"": true,
    ""MAIN_GENRE"": ""Rap""
  },
  {
    ""CLIENT_DOMAIN"": ""Luminate"",
    ""GENRES"": [
      ""Rap"",
      ""R&B/Hip-Hop""
    ],
    ""MAIN_GENRE"": ""Rap""
  }
]",2020-01-31,2020-02-06,1,35997.07405546,7403
MRELG4C6A7EB6B512472AB6318270213A4541,Untrapped,Yo Gotti,"[
  {
    ""CLIENT_DOMAIN"": ""Billboard"",
    ""GENRES"": [
      ""R&B/Hip-Hop"",
      ""Rap""
    ],
    ""IS_APPROVED"": true,
    ""MAIN_GENRE"": ""Rap""
  },
  {
    ""CLIENT_DOMAIN"": ""Luminate"",
    ""GENRES"": [
      ""Rap"",
      ""R&B/Hip-Hop""
    ],
    ""MAIN_GENRE"": ""Rap""
  }
]",2020-01-31,2020-02-13,2,20120.00980307,2796
MRELG8AA209B8D01B4EDDBBE50F9044BEF2EB,I Showed U So,"Yo Gotti, DJ Drama","[
  {
    ""CLIENT_DOMAIN"": ""Luminate"",
    ""GENRES"": [
      ""Rap"",
      ""R&B/Hip-Hop""
    ],
    ""MAIN_GENRE"": ""Rap""
  },
  {
    ""CLIENT_DOMAIN"": ""Billboard"",
    ""GENRES"": [
      ""Rap"",
      ""R&B/Hip-Hop""
    ],
    ""IS_APPROVED"": true,
    ""MAIN_GENRE"": ""Rap""
  }
]",2023-08-03,2023-08-10,1,22496.13962367,6872
MRELG8AA209B8D01B4EDDBBE50F9044BEF2EB,I Showed U So,"Yo Gotti, DJ Drama","[
  {
    ""CLIENT_DOMAIN"": ""Luminate"",
    ""GENRES"": [
      ""Rap"",
      ""R&B/Hip-Hop""
    ],
    ""MAIN_GENRE"": ""Rap""
  },
  {
    ""CLIENT_DOMAIN"": ""Billboard"",
    ""GENRES"": [
      ""Rap"",
      ""R&B/Hip-Hop""
    ],
    ""IS_APPROVED"": true,
    ""MAIN_GENRE"": ""Rap""
  }
]",2023-08-03,2023-08-17,2,7233.34172330,77
MRELG4E66790E613C48A4B1A81F72A71A8A03,Herstory In The Making,Young M.A,"[
  {
    ""CLIENT_DOMAIN"": ""Billboard"",
    ""GENRES"": [
      ""R&B/Hip-Hop"",
      ""Rap""
    ],
    ""IS_APPROVED"": true,
    ""MAIN_GENRE"": ""Rap""
  },
  {
    ""CLIENT_DOMAIN"": ""Luminate"",
    ""GENRES"": [
      ""Rap"",
      ""R&B/Hip-Hop""
    ],
    ""MAIN_GENRE"": ""Rap""
  }
]",2019-09-27,2019-10-03,1,25362.18471322,5379
MRELG4E66790E613C48A4B1A81F72A71A8A03,Herstory In The Making,Young M.A,"[
  {
    ""CLIENT_DOMAIN"": ""Billboard"",
    ""GENRES"": [
      ""R&B/Hip-Hop"",
      ""Rap""
    ],
    ""IS_APPROVED"": true,
    ""MAIN_GENRE"": ""Rap""
  },
  {
    ""CLIENT_DOMAIN"": ""Luminate"",
    ""GENRES"": [
      ""Rap"",
      ""R&B/Hip-Hop""
    ],
    ""MAIN_GENRE"": ""Rap""
  }
]",2019-09-27,2019-10-10,2,13149.33068809,2144
MRELG19556CE05E36469F9037AABD5D9C6258,BUSINESS IS BUSINESS,Young Thug,"[
  {
    ""CLIENT_DOMAIN"": ""Billboard"",
    ""GENRES"": [
      ""Rap"",
      ""R&B/Hip-Hop""
    ],
    ""IS_APPROVED"": true,
    ""MAIN_GENRE"": ""Rap""
  },
  {
    ""CLIENT_DOMAIN"": ""Luminate"",
    ""GENRES"": [
      ""Rap"",
      ""R&B/Hip-Hop""
    ],
    ""MAIN_GENRE"": ""Rap""
  }
]",2023-06-22,2023-06-29,1,88552.35257880,8014
MRELG19556CE05E36469F9037AABD5D9C6258,BUSINESS IS BUSINESS,Young Thug,"[
  {
    ""CLIENT_DOMAIN"": ""Billboard"",
    ""GENRES"": [
      ""Rap"",
      ""R&B/Hip-Hop""
    ],
    ""IS_APPROVED"": true,
    ""MAIN_GENRE"": ""Rap""
  },
  {
    ""CLIENT_DOMAIN"": ""Luminate"",
    ""GENRES"": [
      ""Rap"",
      ""R&B/Hip-Hop""
    ],
    ""MAIN_GENRE"": ""Rap""
  }
]",2023-06-22,2023-07-06,2,30402.25110843,1014
MRELGD293991053DF4663A76C223FA5583781,Punk,Young Thug,"[
  {
    ""CLIENT_DOMAIN"": ""Billboard"",
    ""GENRES"": [
      ""Rap"",
      ""R&B/Hip-Hop""
    ],
    ""IS_APPROVED"": true,
    ""MAIN_GENRE"": ""Rap""
  },
  {
    ""CLIENT_DOMAIN"": ""Luminate"",
    ""GENRES"": [
      ""Rap"",
      ""R&B/Hip-Hop""
    ],
    ""MAIN_GENRE"": ""Rap""
  }
]",2021-10-14,2021-10-21,1,89883.27953081,11795
MRELGD293991053DF4663A76C223FA5583781,Punk,Young Thug,"[
  {
    ""CLIENT_DOMAIN"": ""Billboard"",
    ""GENRES"": [
      ""Rap"",
      ""R&B/Hip-Hop""
    ],
    ""IS_APPROVED"": true,
    ""MAIN_GENRE"": ""Rap""
  },
  {
    ""CLIENT_DOMAIN"": ""Luminate"",
    ""GENRES"": [
      ""Rap"",
      ""R&B/Hip-Hop""
    ],
    ""MAIN_GENRE"": ""Rap""
  }
]",2021-10-14,2021-10-28,2,33799.73439588,1436
MRELG0E4319FA744C46FAB013BC97748EC87E,So Much Fun,Young Thug,"[
  {
    ""CLIENT_DOMAIN"": ""Luminate"",
    ""GENRES"": [
      ""Rap"",
      ""R&B/Hip-Hop""
    ],
    ""MAIN_GENRE"": ""Rap""
  },
  {
    ""CLIENT_DOMAIN"": ""Billboard"",
    ""GENRES"": [
      ""R&B/Hip-Hop"",
      ""Rap""
    ],
    ""IS_APPROVED"": true,
    ""MAIN_GENRE"": ""Rap""
  }
]",2019-08-15,2019-08-22,1,137930.09415986,4806
MRELG0E4319FA744C46FAB013BC97748EC87E,So Much Fun,Young Thug,"[
  {
    ""CLIENT_DOMAIN"": ""Luminate"",
    ""GENRES"": [
      ""Rap"",
      ""R&B/Hip-Hop""
    ],
    ""MAIN_GENRE"": ""Rap""
  },
  {
    ""CLIENT_DOMAIN"": ""Billboard"",
    ""GENRES"": [
      ""R&B/Hip-Hop"",
      ""Rap""
    ],
    ""IS_APPROVED"": true,
    ""MAIN_GENRE"": ""Rap""
  }
]",2019-08-15,2019-08-29,2,82481.64708913,2134
MRELGE97E30B4F2A44F6EB101F79BB1EE1214,UY SCUTI,Young Thug,"[
  {
    ""CLIENT_DOMAIN"": ""Billboard"",
    ""GENRES"": [
      ""Rap"",
      ""R&B/Hip-Hop""
    ],
    ""IS_APPROVED"": true,
    ""MAIN_GENRE"": ""Rap""
  },
  {
    ""CLIENT_DOMAIN"": ""Luminate"",
    ""GENRES"": [
      ""R&B/Hip-Hop"",
      ""Rap""
    ],
    ""MAIN_GENRE"": ""Rap""
  }
]",2025-09-26,2025-10-02,1,52467.31982528,13392
MRELGE97E30B4F2A44F6EB101F79BB1EE1214,UY SCUTI,Young Thug,"[
  {
    ""CLIENT_DOMAIN"": ""Billboard"",
    ""GENRES"": [
      ""Rap"",
      ""R&B/Hip-Hop""
    ],
    ""IS_APPROVED"": true,
    ""MAIN_GENRE"": ""Rap""
  },
  {
    ""CLIENT_DOMAIN"": ""Luminate"",
    ""GENRES"": [
      ""R&B/Hip-Hop"",
      ""Rap""
    ],
    ""MAIN_GENRE"": ""Rap""
  }
]",2025-09-26,2025-10-09,2,19553.01128833,1532
MRELG88D63C7A859642A2B38FBA0D0C747FBA,38 Baby 2,YoungBoy Never Broke Again,"[
  {
    ""CLIENT_DOMAIN"": ""Billboard"",
    ""GENRES"": [
      ""Rap"",
      ""R&B/Hip-Hop""
    ],
    ""IS_APPROVED"": true,
    ""MAIN_GENRE"": ""Rap""
  },
  {
    ""CLIENT_DOMAIN"": ""Luminate"",
    ""GENRES"": [
      ""Rap"",
      ""R&B/Hip-Hop""
    ],
    ""MAIN_GENRE"": ""Rap""
  }
]",2020-04-23,2020-04-30,1,73994.69093010,3813
MRELG88D63C7A859642A2B38FBA0D0C747FBA,38 Baby 2,YoungBoy Never Broke Again,"[
  {
    ""CLIENT_DOMAIN"": ""Billboard"",
    ""GENRES"": [
      ""Rap"",
      ""R&B/Hip-Hop""
    ],
    ""IS_APPROVED"": true,
    ""MAIN_GENRE"": ""Rap""
  },
  {
    ""CLIENT_DOMAIN"": ""Luminate"",
    ""GENRES"": [
      ""Rap"",
      ""R&B/Hip-Hop""
    ],
    ""MAIN_GENRE"": ""Rap""
  }
]",2020-04-23,2020-05-07,2,32641.65357316,966
MRELG77049BA4405A43FDB756523502E69581,4Respect 4Freedom 4Loyalty 4WhatImportant,YoungBoy Never Broke Again,"[
  {
    ""CLIENT_DOMAIN"": ""Billboard"",
    ""GENRES"": [
      ""Rap"",
      ""R&B/Hip-Hop""
    ],
    ""IS_APPROVED"": true,
    ""MAIN_GENRE"": ""Rap""
  },
  {
    ""CLIENT_DOMAIN"": ""Luminate"",
    ""GENRES"": [
      ""Rap"",
      ""R&B/Hip-Hop""
    ],
    ""MAIN_GENRE"": ""Rap""
  }
]",2018-09-14,2018-09-20,1,36114.12795411,795
MRELG77049BA4405A43FDB756523502E69581,4Respect 4Freedom 4Loyalty 4WhatImportant,YoungBoy Never Broke Again,"[
  {
    ""CLIENT_DOMAIN"": ""Billboard"",
    ""GENRES"": [
      ""Rap"",
      ""R&B/Hip-Hop""
    ],
    ""IS_APPROVED"": true,
    ""MAIN_GENRE"": ""Rap""
  },
  {
    ""CLIENT_DOMAIN"": ""Luminate"",
    ""GENRES"": [
      ""Rap"",
      ""R&B/Hip-Hop""
    ],
    ""MAIN_GENRE"": ""Rap""
  }
]",2018-09-14,2018-09-27,2,27675.64557266,349
MRELG5010271EEC67498D9A4D7F52A6D268F1,AI YoungBoy 2,YoungBoy Never Broke Again,"[
  {
    ""CLIENT_DOMAIN"": ""Luminate"",
    ""GENRES"": [
      ""Rap"",
      ""R&B/Hip-Hop""
    ],
    ""MAIN_GENRE"": ""Rap""
  },
  {
    ""CLIENT_DOMAIN"": ""Billboard"",
    ""GENRES"": [
      ""R&B/Hip-Hop"",
      ""Rap""
    ],
    ""IS_APPROVED"": true,
    ""MAIN_GENRE"": ""Rap""
  }
]",2019-10-10,2019-10-17,1,121853.01856872,2990
MRELG5010271EEC67498D9A4D7F52A6D268F1,AI YoungBoy 2,YoungBoy Never Broke Again,"[
  {
    ""CLIENT_DOMAIN"": ""Luminate"",
    ""GENRES"": [
      ""Rap"",
      ""R&B/Hip-Hop""
    ],
    ""MAIN_GENRE"": ""Rap""
  },
  {
    ""CLIENT_DOMAIN"": ""Billboard"",
    ""GENRES"": [
      ""R&B/Hip-Hop"",
      ""Rap""
    ],
    ""IS_APPROVED"": true,
    ""MAIN_GENRE"": ""Rap""
  }
]",2019-10-10,2019-10-24,2,90719.27138940,1183
MRELG79663EA5A7D44FE990AB72B63E81B372,Decided 2,YoungBoy Never Broke Again,"[
  {
    ""CLIENT_DOMAIN"": ""Billboard"",
    ""GENRES"": [
      ""Rap"",
      ""R&B/Hip-Hop""
    ],
    ""IS_APPROVED"": true,
    ""MAIN_GENRE"": ""Rap""
  },
  {
    ""CLIENT_DOMAIN"": ""Luminate"",
    ""GENRES"": [
      ""Rap"",
      ""R&B/Hip-Hop""
    ],
    ""MAIN_GENRE"": ""Rap""
  }
]",2023-11-10,2023-11-16,1,36911.15272020,493
MRELG79663EA5A7D44FE990AB72B63E81B372,Decided 2,YoungBoy Never Broke Again,"[
  {
    ""CLIENT_DOMAIN"": ""Billboard"",
    ""GENRES"": [
      ""Rap"",
      ""R&B/Hip-Hop""
    ],
    ""IS_APPROVED"": true,
    ""MAIN_GENRE"": ""Rap""
  },
  {
    ""CLIENT_DOMAIN"": ""Luminate"",
    ""GENRES"": [
      ""Rap"",
      ""R&B/Hip-Hop""
    ],
    ""MAIN_GENRE"": ""Rap""
  }
]",2023-11-10,2023-11-23,2,18401.09158375,28
MRELGCC2D6839EDA8485BBD117466C9FB2F50,Don't Try This At Home,YoungBoy Never Broke Again,"[
  {
    ""CLIENT_DOMAIN"": ""Luminate"",
    ""GENRES"": [
      ""Rap"",
      ""R&B/Hip-Hop""
    ],
    ""MAIN_GENRE"": ""Rap""
  },
  {
    ""CLIENT_DOMAIN"": ""Billboard"",
    ""GENRES"": [
      ""R&B/Hip-Hop"",
      ""Rap""
    ],
    ""IS_APPROVED"": true,
    ""MAIN_GENRE"": ""Rap""
  }
]",2023-04-21,2023-04-27,1,60446.25791967,1135
MRELGCC2D6839EDA8485BBD117466C9FB2F50,Don't Try This At Home,YoungBoy Never Broke Again,"[
  {
    ""CLIENT_DOMAIN"": ""Luminate"",
    ""GENRES"": [
      ""Rap"",
      ""R&B/Hip-Hop""
    ],
    ""MAIN_GENRE"": ""Rap""
  },
  {
    ""CLIENT_DOMAIN"": ""Billboard"",
    ""GENRES"": [
      ""R&B/Hip-Hop"",
      ""Rap""
    ],
    ""IS_APPROVED"": true,
    ""MAIN_GENRE"": ""Rap""
  }
]",2023-04-21,2023-05-04,2,33305.36239992,73
MRELG573A193836954A0C9ABD5E14E7B860AA,I Rest My Case,YoungBoy Never Broke Again,"[
  {
    ""CLIENT_DOMAIN"": ""Luminate"",
    ""GENRES"": [
      ""Rap"",
      ""R&B/Hip-Hop""
    ],
    ""MAIN_GENRE"": ""Rap""
  },
  {
    ""CLIENT_DOMAIN"": ""Billboard"",
    ""GENRES"": [
      ""Rap"",
      ""R&B/Hip-Hop""
    ],
    ""IS_APPROVED"": true,
    ""MAIN_GENRE"": ""Rap""
  }
]",2023-01-06,2023-01-12,1,28935.24063994,1094
MRELG573A193836954A0C9ABD5E14E7B860AA,I Rest My Case,YoungBoy Never Broke Again,"[
  {
    ""CLIENT_DOMAIN"": ""Luminate"",
    ""GENRES"": [
      ""Rap"",
      ""R&B/Hip-Hop""
    ],
    ""MAIN_GENRE"": ""Rap""
  },
  {
    ""CLIENT_DOMAIN"": ""Billboard"",
    ""GENRES"": [
      ""Rap"",
      ""R&B/Hip-Hop""
    ],
    ""IS_APPROVED"": true,
    ""MAIN_GENRE"": ""Rap""
  }
]",2023-01-06,2023-01-19,2,11634.93134328,52
MRELGCFA4A8448F574AB3809FA26BC0727D6A,MASA,YoungBoy Never Broke Again,"[
  {
    ""CLIENT_DOMAIN"": ""Luminate"",
    ""GENRES"": [
      ""Rap""
    ],
    ""MAIN_GENRE"": ""Rap""
  },
  {
    ""CLIENT_DOMAIN"": ""Billboard"",
    ""GENRES"": [
      ""Rap"",
      ""R&B/Hip-Hop""
    ],
    ""IS_APPROVED"": true,
    ""MAIN_GENRE"": ""Rap""
  }
]",2025-07-25,2025-07-31,1,48613.09401949,528
MRELGCFA4A8448F574AB3809FA26BC0727D6A,MASA,YoungBoy Never Broke Again,"[
  {
    ""CLIENT_DOMAIN"": ""Luminate"",
    ""GENRES"": [
      ""Rap""
    ],
    ""MAIN_GENRE"": ""Rap""
  },
  {
    ""CLIENT_DOMAIN"": ""Billboard"",
    ""GENRES"": [
      ""Rap"",
      ""R&B/Hip-Hop""
    ],
    ""IS_APPROVED"": true,
    ""MAIN_GENRE"": ""Rap""
  }
]",2025-07-25,2025-08-07,2,26992.84310311,48
MRELGAEBFA33C5A144AF582F027587A47A8D4,More Leaks,YoungBoy Never Broke Again,"[
  {
    ""CLIENT_DOMAIN"": ""Billboard"",
    ""GENRES"": [
      ""Rap"",
      ""R&B/Hip-Hop""
    ],
    ""IS_APPROVED"": true,
    ""MAIN_GENRE"": ""Rap""
  },
  {
    ""CLIENT_DOMAIN"": ""Luminate"",
    ""GENRES"": [
      ""Rap"",
      ""R&B/Hip-Hop""
    ],
    ""MAIN_GENRE"": ""Rap""
  }
]",2025-03-06,2025-03-13,1,21107.67920303,125
MRELGAEBFA33C5A144AF582F027587A47A8D4,More Leaks,YoungBoy Never Broke Again,"[
  {
    ""CLIENT_DOMAIN"": ""Billboard"",
    ""GENRES"": [
      ""Rap"",
      ""R&B/Hip-Hop""
    ],
    ""IS_APPROVED"": true,
    ""MAIN_GENRE"": ""Rap""
  },
  {
    ""CLIENT_DOMAIN"": ""Luminate"",
    ""GENRES"": [
      ""Rap"",
      ""R&B/Hip-Hop""
    ],
    ""MAIN_GENRE"": ""Rap""
  }
]",2025-03-06,2025-03-20,2,11201.26572580,15
MRELG4BED6A4E159D4A319EBE1B93625E374B,Realer,YoungBoy Never Broke Again,"[
  {
    ""CLIENT_DOMAIN"": ""Luminate"",
    ""GENRES"": [
      ""Rap"",
      ""R&B/Hip-Hop""
    ],
    ""MAIN_GENRE"": ""Rap""
  },
  {
    ""CLIENT_DOMAIN"": ""Billboard"",
    ""GENRES"": [
      ""Rap"",
      ""R&B/Hip-Hop""
    ],
    ""IS_APPROVED"": true,
    ""MAIN_GENRE"": ""Rap""
  }
]",2018-12-20,2018-12-27,1,47336.99166849,3034
MRELG4BED6A4E159D4A319EBE1B93625E374B,Realer,YoungBoy Never Broke Again,"[
  {
    ""CLIENT_DOMAIN"": ""Luminate"",
    ""GENRES"": [
      ""Rap"",
      ""R&B/Hip-Hop""
    ],
    ""MAIN_GENRE"": ""Rap""
  },
  {
    ""CLIENT_DOMAIN"": ""Billboard"",
    ""GENRES"": [
      ""Rap"",
      ""R&B/Hip-Hop""
    ],
    ""IS_APPROVED"": true,
    ""MAIN_GENRE"": ""Rap""
  }
]",2018-12-20,2019-01-03,2,30735.12546467,771
MRELG95E45401A1EF4D478B59C988D754DFC2,Richest Opp,YoungBoy Never Broke Again,"[
  {
    ""CLIENT_DOMAIN"": ""Billboard"",
    ""GENRES"": [
      ""R&B/Hip-Hop"",
      ""Rap""
    ],
    ""IS_APPROVED"": true,
    ""MAIN_GENRE"": ""Rap""
  },
  {
    ""CLIENT_DOMAIN"": ""Luminate"",
    ""GENRES"": [
      ""Rap"",
      ""R&B/Hip-Hop""
    ],
    ""MAIN_GENRE"": ""Rap""
  }
]",2023-05-12,2023-05-18,1,50958.93642465,500
MRELG95E45401A1EF4D478B59C988D754DFC2,Richest Opp,YoungBoy Never Broke Again,"[
  {
    ""CLIENT_DOMAIN"": ""Billboard"",
    ""GENRES"": [
      ""R&B/Hip-Hop"",
      ""Rap""
    ],
    ""IS_APPROVED"": true,
    ""MAIN_GENRE"": ""Rap""
  },
  {
    ""CLIENT_DOMAIN"": ""Luminate"",
    ""GENRES"": [
      ""Rap"",
      ""R&B/Hip-Hop""
    ],
    ""MAIN_GENRE"": ""Rap""
  }
]",2023-05-12,2023-05-25,2,27085.28693549,110
MRELGB2E8A6277D6F4FE88447116372EA2628,"Sincerely, Kentrell",YoungBoy Never Broke Again,"[
  {
    ""CLIENT_DOMAIN"": ""Billboard"",
    ""GENRES"": [
      ""Rap"",
      ""R&B/Hip-Hop""
    ],
    ""IS_APPROVED"": true,
    ""MAIN_GENRE"": ""Rap""
  },
  {
    ""CLIENT_DOMAIN"": ""Luminate"",
    ""GENRES"": [
      ""Rap"",
      ""R&B/Hip-Hop""
    ],
    ""MAIN_GENRE"": ""Rap""
  }
]",2021-09-23,2021-09-30,1,137254.98923076,10373
MRELGB2E8A6277D6F4FE88447116372EA2628,"Sincerely, Kentrell",YoungBoy Never Broke Again,"[
  {
    ""CLIENT_DOMAIN"": ""Billboard"",
    ""GENRES"": [
      ""Rap"",
      ""R&B/Hip-Hop""
    ],
    ""IS_APPROVED"": true,
    ""MAIN_GENRE"": ""Rap""
  },
  {
    ""CLIENT_DOMAIN"": ""Luminate"",
    ""GENRES"": [
      ""Rap"",
      ""R&B/Hip-Hop""
    ],
    ""MAIN_GENRE"": ""Rap""
  }
]",2021-09-23,2021-10-07,2,70780.40996571,4406
MRELG7FB185FC52F346998DBCF0BE78ED38CF,The Last Slimeto Sampler,YoungBoy Never Broke Again,"[
  {
    ""CLIENT_DOMAIN"": ""Luminate"",
    ""GENRES"": [
      ""Rap"",
      ""R&B/Hip-Hop""
    ],
    ""MAIN_GENRE"": ""Rap""
  },
  {
    ""CLIENT_DOMAIN"": ""Billboard"",
    ""GENRES"": [
      ""R&B/Hip-Hop"",
      ""Rap""
    ],
    ""IS_APPROVED"": false,
    ""MAIN_GENRE"": ""Rap""
  }
]",2022-04-01,2022-04-07,1,31617.73663481,0
MRELG7FB185FC52F346998DBCF0BE78ED38CF,The Last Slimeto Sampler,YoungBoy Never Broke Again,"[
  {
    ""CLIENT_DOMAIN"": ""Luminate"",
    ""GENRES"": [
      ""Rap"",
      ""R&B/Hip-Hop""
    ],
    ""MAIN_GENRE"": ""Rap""
  },
  {
    ""CLIENT_DOMAIN"": ""Billboard"",
    ""GENRES"": [
      ""R&B/Hip-Hop"",
      ""Rap""
    ],
    ""IS_APPROVED"": false,
    ""MAIN_GENRE"": ""Rap""
  }
]",2022-04-01,2022-04-14,2,19637.23325977,0
MRELGBB3AA70BBA5540FCAEF1B7174D311453,BETTER THAN YOU,"YoungBoy Never Broke Again, DaBaby","[
  {
    ""CLIENT_DOMAIN"": ""Billboard"",
    ""GENRES"": [
      ""Rap"",
      ""R&B/Hip-Hop""
    ],
    ""IS_APPROVED"": true,
    ""MAIN_GENRE"": ""Rap""
  },
  {
    ""CLIENT_DOMAIN"": ""Luminate"",
    ""GENRES"": [
      ""Rap"",
      ""R&B/Hip-Hop""
    ],
    ""MAIN_GENRE"": ""Rap""
  }
]",2022-03-04,2022-03-10,1,28294.78232819,665
MRELGBB3AA70BBA5540FCAEF1B7174D311453,BETTER THAN YOU,"YoungBoy Never Broke Again, DaBaby","[
  {
    ""CLIENT_DOMAIN"": ""Billboard"",
    ""GENRES"": [
      ""Rap"",
      ""R&B/Hip-Hop""
    ],
    ""IS_APPROVED"": true,
    ""MAIN_GENRE"": ""Rap""
  },
  {
    ""CLIENT_DOMAIN"": ""Luminate"",
    ""GENRES"": [
      ""Rap"",
      ""R&B/Hip-Hop""
    ],
    ""MAIN_GENRE"": ""Rap""
  }
]",2022-03-04,2022-03-17,2,14190.52286125,114
MRELGE586316239F44EE8A9324AB40F729A14,Bandit,"YoungBoy Never Broke Again, Juice WRLD","[
  {
    ""CLIENT_DOMAIN"": ""Luminate"",
    ""GENRES"": [
      ""Rap"",
      ""R&B/Hip-Hop""
    ],
    ""MAIN_GENRE"": ""Rap""
  },
  {
    ""CLIENT_DOMAIN"": ""Billboard"",
    ""GENRES"": [
      ""Rap"",
      ""R&B/Hip-Hop""
    ],
    ""IS_APPROVED"": true,
    ""MAIN_GENRE"": ""Rap""
  }
]",2019-10-04,2019-10-10,1,21512.36648029,257
MRELGE586316239F44EE8A9324AB40F729A14,Bandit,"YoungBoy Never Broke Again, Juice WRLD","[
  {
    ""CLIENT_DOMAIN"": ""Luminate"",
    ""GENRES"": [
      ""Rap"",
      ""R&B/Hip-Hop""
    ],
    ""MAIN_GENRE"": ""Rap""
  },
  {
    ""CLIENT_DOMAIN"": ""Billboard"",
    ""GENRES"": [
      ""Rap"",
      ""R&B/Hip-Hop""
    ],
    ""IS_APPROVED"": true,
    ""MAIN_GENRE"": ""Rap""
  }
]",2019-10-04,2019-10-17,2,18608.43276909,251
MRELG5E04375E4D514044B61D91F56E581ABA,Colors,Youngboy Never Broke Again,"[
  {
    ""CLIENT_DOMAIN"": ""Billboard"",
    ""GENRES"": [
      ""Rap"",
      ""R&B/Hip-Hop""
    ],
    ""IS_APPROVED"": true,
    ""MAIN_GENRE"": ""Rap""
  },
  {
    ""CLIENT_DOMAIN"": ""Luminate"",
    ""GENRES"": [
      ""Rap"",
      ""R&B/Hip-Hop""
    ],
    ""MAIN_GENRE"": ""Rap""
  }
]",2022-01-21,2022-01-27,1,73772.53908261,1515
MRELG5E04375E4D514044B61D91F56E581ABA,Colors,Youngboy Never Broke Again,"[
  {
    ""CLIENT_DOMAIN"": ""Billboard"",
    ""GENRES"": [
      ""Rap"",
      ""R&B/Hip-Hop""
    ],
    ""IS_APPROVED"": true,
    ""MAIN_GENRE"": ""Rap""
  },
  {
    ""CLIENT_DOMAIN"": ""Luminate"",
    ""GENRES"": [
      ""Rap"",
      ""R&B/Hip-Hop""
    ],
    ""MAIN_GENRE"": ""Rap""
  }
]",2022-01-21,2022-02-03,2,37660.28799519,173
MRELG2E4FD38B924A469382E8DC3EC50765C9,THE OWL,ZAC BROWN BAND,"[
  {
    ""CLIENT_DOMAIN"": ""Billboard"",
    ""GENRES"": [
      ""Country""
    ],
    ""IS_APPROVED"": true,
    ""MAIN_GENRE"": ""Country""
  },
  {
    ""CLIENT_DOMAIN"": ""Luminate"",
    ""GENRES"": [
      ""Rock"",
      ""Country""
    ],
    ""MAIN_GENRE"": ""Country""
  }
]",2019-09-20,2019-09-26,1,105468.50116753,99282
MRELG2E4FD38B924A469382E8DC3EC50765C9,THE OWL,ZAC BROWN BAND,"[
  {
    ""CLIENT_DOMAIN"": ""Billboard"",
    ""GENRES"": [
      ""Country""
    ],
    ""IS_APPROVED"": true,
    ""MAIN_GENRE"": ""Country""
  },
  {
    ""CLIENT_DOMAIN"": ""Luminate"",
    ""GENRES"": [
      ""Rock"",
      ""Country""
    ],
    ""MAIN_GENRE"": ""Country""
  }
]",2019-09-20,2019-10-03,2,9006.93688412,5624
MRELG989C8DA753E244888FD8C637686290A1,I REMEMBER EVERYTHING (FEAT. KACEY MUSGR,ZACH BRYAN,"[
  {
    ""CLIENT_DOMAIN"": ""Luminate"",
    ""GENRES"": [
      ""Rock"",
      ""Country"",
      ""Folk""
    ],
    ""MAIN_GENRE"": ""Folk""
  },
  {
    ""CLIENT_DOMAIN"": ""Billboard"",
    ""GENRES"": [
      ""Country"",
      ""Folk"",
      ""Rock""
    ],
    ""IS_APPROVED"": true,
    ""MAIN_GENRE"": ""Folk""
  }
]",2023-08-24,2023-08-31,1,25530.30388408,25
MRELG989C8DA753E244888FD8C637686290A1,I REMEMBER EVERYTHING (FEAT. KACEY MUSGR,ZACH BRYAN,"[
  {
    ""CLIENT_DOMAIN"": ""Luminate"",
    ""GENRES"": [
      ""Rock"",
      ""Country"",
      ""Folk""
    ],
    ""MAIN_GENRE"": ""Folk""
  },
  {
    ""CLIENT_DOMAIN"": ""Billboard"",
    ""GENRES"": [
      ""Country"",
      ""Folk"",
      ""Rock""
    ],
    ""IS_APPROVED"": true,
    ""MAIN_GENRE"": ""Folk""
  }
]",2023-08-24,2023-09-07,2,21936.28431786,5
MRELGA2D0395F0B684816B424F5D390636C0B,ROOM UNDER THE STAIRS,ZAYN,"[
  {
    ""CLIENT_DOMAIN"": ""Billboard"",
    ""GENRES"": [
      ""Rock"",
      ""Folk""
    ],
    ""IS_APPROVED"": true,
    ""MAIN_GENRE"": ""Rock""
  },
  {
    ""CLIENT_DOMAIN"": ""Luminate"",
    ""GENRES"": [
      ""Rock"",
      ""R&B/Hip-Hop"",
      ""Folk"",
      ""Pop""
    ],
    ""MAIN_GENRE"": ""Rock""
  }
]",2024-05-17,2024-05-23,1,29706.98165601,24119
MRELGA2D0395F0B684816B424F5D390636C0B,ROOM UNDER THE STAIRS,ZAYN,"[
  {
    ""CLIENT_DOMAIN"": ""Billboard"",
    ""GENRES"": [
      ""Rock"",
      ""Folk""
    ],
    ""IS_APPROVED"": true,
    ""MAIN_GENRE"": ""Rock""
  },
  {
    ""CLIENT_DOMAIN"": ""Luminate"",
    ""GENRES"": [
      ""Rock"",
      ""R&B/Hip-Hop"",
      ""Folk"",
      ""Pop""
    ],
    ""MAIN_GENRE"": ""Rock""
  }
]",2024-05-17,2024-05-30,2,4999.97994175,2369
MRELG5115DF8255D248E69058DA8D725D0D91,RAW ('THAT LITTLE OL' BAND FROM TEXAS',ZZ TOP,"[
  {
    ""CLIENT_DOMAIN"": ""Billboard"",
    ""GENRES"": [
      ""Hard Rock"",
      ""Soundtrack"",
      ""Rock""
    ],
    ""IS_APPROVED"": true,
    ""MAIN_GENRE"": ""Hard Rock""
  },
  {
    ""CLIENT_DOMAIN"": ""Luminate"",
    ""GENRES"": [
      ""Soundtrack"",
      ""Rock""
    ],
    ""MAIN_GENRE"": ""Rock""
  }
]",2022-07-22,2022-07-28,1,8517.85883207,5614
MRELG5115DF8255D248E69058DA8D725D0D91,RAW ('THAT LITTLE OL' BAND FROM TEXAS',ZZ TOP,"[
  {
    ""CLIENT_DOMAIN"": ""Billboard"",
    ""GENRES"": [
      ""Hard Rock"",
      ""Soundtrack"",
      ""Rock""
    ],
    ""IS_APPROVED"": true,
    ""MAIN_GENRE"": ""Hard Rock""
  },
  {
    ""CLIENT_DOMAIN"": ""Luminate"",
    ""GENRES"": [
      ""Soundtrack"",
      ""Rock""
    ],
    ""MAIN_GENRE"": ""Rock""
  }
]",2022-07-22,2022-08-04,2,4324.04518011,1534
MRELGA3114676383D4641B29A61A9EF61B7AA,24 (Live),Zach Bryan,"[
  {
    ""CLIENT_DOMAIN"": ""Billboard"",
    ""GENRES"": [
      ""Folk"",
      ""Rock"",
      ""Country""
    ],
    ""IS_APPROVED"": true,
    ""MAIN_GENRE"": ""Folk""
  },
  {
    ""CLIENT_DOMAIN"": ""Luminate"",
    ""GENRES"": [
      ""Country & Folk"",
      ""Rock"",
      ""Country"",
      ""Folk""
    ],
    ""MAIN_GENRE"": ""Country""
  }
]",2024-12-20,2024-12-26,1,42073.91696505,806
MRELGA3114676383D4641B29A61A9EF61B7AA,24 (Live),Zach Bryan,"[
  {
    ""CLIENT_DOMAIN"": ""Billboard"",
    ""GENRES"": [
      ""Folk"",
      ""Rock"",
      ""Country""
    ],
    ""IS_APPROVED"": true,
    ""MAIN_GENRE"": ""Folk""
  },
  {
    ""CLIENT_DOMAIN"": ""Luminate"",
    ""GENRES"": [
      ""Country & Folk"",
      ""Rock"",
      ""Country"",
      ""Folk""
    ],
    ""MAIN_GENRE"": ""Country""
  }
]",2024-12-20,2025-01-02,2,41326.13601761,182
MRELG0CA7AD27FE9E4CC696153722E882D575,All My Homies Hate Ticketmaster (Live from Red Rocks),Zach Bryan,"[
  {
    ""CLIENT_DOMAIN"": ""Billboard"",
    ""GENRES"": [
      ""Folk"",
      ""Rock"",
      ""Country""
    ],
    ""IS_APPROVED"": true,
    ""MAIN_GENRE"": ""Folk""
  },
  {
    ""CLIENT_DOMAIN"": ""Luminate"",
    ""GENRES"": [
      ""Country & Folk"",
      ""Rock"",
      ""Country"",
      ""Folk""
    ],
    ""MAIN_GENRE"": ""Country""
  }
]",2022-12-25,2022-12-29,1,43372.73660770,1922
MRELG0CA7AD27FE9E4CC696153722E882D575,All My Homies Hate Ticketmaster (Live from Red Rocks),Zach Bryan,"[
  {
    ""CLIENT_DOMAIN"": ""Billboard"",
    ""GENRES"": [
      ""Folk"",
      ""Rock"",
      ""Country""
    ],
    ""IS_APPROVED"": true,
    ""MAIN_GENRE"": ""Folk""
  },
  {
    ""CLIENT_DOMAIN"": ""Luminate"",
    ""GENRES"": [
      ""Country & Folk"",
      ""Rock"",
      ""Country"",
      ""Folk""
    ],
    ""MAIN_GENRE"": ""Country""
  }
]",2022-12-25,2023-01-05,2,43505.90106775,742
MRELG48D8A29B90F0448E920CCA73A0D2F299,American Heartbreak,Zach Bryan,"[
  {
    ""CLIENT_DOMAIN"": ""Billboard"",
    ""GENRES"": [
      ""Rock"",
      ""Country"",
      ""Folk""
    ],
    ""IS_APPROVED"": true,
    ""MAIN_GENRE"": ""Folk""
  },
  {
    ""CLIENT_DOMAIN"": ""Luminate"",
    ""GENRES"": [
      ""Rock"",
      ""Country"",
      ""Folk""
    ],
    ""MAIN_GENRE"": ""Folk""
  }
]",2022-05-20,2022-05-26,1,70982.49125212,6030
MRELG48D8A29B90F0448E920CCA73A0D2F299,American Heartbreak,Zach Bryan,"[
  {
    ""CLIENT_DOMAIN"": ""Billboard"",
    ""GENRES"": [
      ""Rock"",
      ""Country"",
      ""Folk""
    ],
    ""IS_APPROVED"": true,
    ""MAIN_GENRE"": ""Folk""
  },
  {
    ""CLIENT_DOMAIN"": ""Luminate"",
    ""GENRES"": [
      ""Rock"",
      ""Country"",
      ""Folk""
    ],
    ""MAIN_GENRE"": ""Folk""
  }
]",2022-05-20,2022-06-02,2,40363.68025004,1298
MRELG732E1779A851437BACD45253641A4357,Boys Of Faith,Zach Bryan,"[
  {
    ""CLIENT_DOMAIN"": ""Luminate"",
    ""GENRES"": [
      ""Country & Folk"",
      ""Rock"",
      ""Country"",
      ""Folk""
    ],
    ""MAIN_GENRE"": ""Country""
  },
  {
    ""CLIENT_DOMAIN"": ""Billboard"",
    ""GENRES"": [
      ""Country"",
      ""Folk"",
      ""Rock""
    ],
    ""IS_APPROVED"": true,
    ""MAIN_GENRE"": ""Folk""
  }
]",2023-09-22,2023-09-28,1,43706.64263821,4150
MRELG732E1779A851437BACD45253641A4357,Boys Of Faith,Zach Bryan,"[
  {
    ""CLIENT_DOMAIN"": ""Luminate"",
    ""GENRES"": [
      ""Country & Folk"",
      ""Rock"",
      ""Country"",
      ""Folk""
    ],
    ""MAIN_GENRE"": ""Country""
  },
  {
    ""CLIENT_DOMAIN"": ""Billboard"",
    ""GENRES"": [
      ""Country"",
      ""Folk"",
      ""Rock""
    ],
    ""IS_APPROVED"": true,
    ""MAIN_GENRE"": ""Folk""
  }
]",2023-09-22,2023-10-05,2,18705.73878359,655
MRELG75FC413FFEE74D27B0A7F443085EE90E,Pink Skies,Zach Bryan,"[
  {
    ""CLIENT_DOMAIN"": ""Luminate"",
    ""GENRES"": [
      ""Rock"",
      ""Country"",
      ""Folk""
    ],
    ""MAIN_GENRE"": ""Folk""
  },
  {
    ""CLIENT_DOMAIN"": ""Billboard"",
    ""GENRES"": [
      ""Country"",
      ""Folk"",
      ""Rock""
    ],
    ""IS_APPROVED"": true,
    ""MAIN_GENRE"": ""Folk""
  }
]",2024-05-24,2024-05-30,1,24529.11236469,27
MRELG75FC413FFEE74D27B0A7F443085EE90E,Pink Skies,Zach Bryan,"[
  {
    ""CLIENT_DOMAIN"": ""Luminate"",
    ""GENRES"": [
      ""Rock"",
      ""Country"",
      ""Folk""
    ],
    ""MAIN_GENRE"": ""Folk""
  },
  {
    ""CLIENT_DOMAIN"": ""Billboard"",
    ""GENRES"": [
      ""Country"",
      ""Folk"",
      ""Rock""
    ],
    ""IS_APPROVED"": true,
    ""MAIN_GENRE"": ""Folk""
  }
]",2024-05-24,2024-06-06,2,21325.65544246,17
MRELG67CBBF705F104C969B0A4B11EF687EDA,The Great American Bar Scene,Zach Bryan,"[
  {
    ""CLIENT_DOMAIN"": ""Billboard"",
    ""GENRES"": [
      ""Folk"",
      ""Country"",
      ""Rock""
    ],
    ""IS_APPROVED"": true,
    ""MAIN_GENRE"": ""Folk""
  },
  {
    ""CLIENT_DOMAIN"": ""Luminate"",
    ""GENRES"": [
      ""Country & Folk"",
      ""Rock"",
      ""Country"",
      ""Folk""
    ],
    ""MAIN_GENRE"": ""Country""
  }
]",2024-07-04,2024-07-11,1,137214.90533786,8504
MRELG67CBBF705F104C969B0A4B11EF687EDA,The Great American Bar Scene,Zach Bryan,"[
  {
    ""CLIENT_DOMAIN"": ""Billboard"",
    ""GENRES"": [
      ""Folk"",
      ""Country"",
      ""Rock""
    ],
    ""IS_APPROVED"": true,
    ""MAIN_GENRE"": ""Folk""
  },
  {
    ""CLIENT_DOMAIN"": ""Luminate"",
    ""GENRES"": [
      ""Country & Folk"",
      ""Rock"",
      ""Country"",
      ""Folk""
    ],
    ""MAIN_GENRE"": ""Country""
  }
]",2024-07-04,2024-07-18,2,88307.17561584,2744
MRELGD4E5B4A2E25A46ED8317759717F43BDD,Zach Bryan,Zach Bryan,"[
  {
    ""CLIENT_DOMAIN"": ""Billboard"",
    ""GENRES"": [
      ""Rock"",
      ""Folk"",
      ""Country""
    ],
    ""IS_APPROVED"": true,
    ""MAIN_GENRE"": ""Folk""
  },
  {
    ""CLIENT_DOMAIN"": ""Luminate"",
    ""GENRES"": [
      ""Rock"",
      ""Country"",
      ""Folk""
    ],
    ""MAIN_GENRE"": ""Folk""
  }
]",2023-08-25,2023-08-31,1,199429.98697122,16802
MRELGD4E5B4A2E25A46ED8317759717F43BDD,Zach Bryan,Zach Bryan,"[
  {
    ""CLIENT_DOMAIN"": ""Billboard"",
    ""GENRES"": [
      ""Rock"",
      ""Folk"",
      ""Country""
    ],
    ""IS_APPROVED"": true,
    ""MAIN_GENRE"": ""Folk""
  },
  {
    ""CLIENT_DOMAIN"": ""Luminate"",
    ""GENRES"": [
      ""Rock"",
      ""Country"",
      ""Folk""
    ],
    ""MAIN_GENRE"": ""Folk""
  }
]",2023-08-25,2023-09-07,2,115361.26950359,3424
MRELGC7C5964E6260404291674B9B57D69F4D,Rich Man (The 6th Mini Album),aespa,"[
  {
    ""CLIENT_DOMAIN"": ""Luminate"",
    ""GENRES"": [
      ""K-Pop"",
      ""Pop""
    ],
    ""MAIN_GENRE"": ""Pop""
  },
  {
    ""CLIENT_DOMAIN"": ""Billboard"",
    ""GENRES"": [
      ""Pop"",
      ""K-Pop""
    ],
    ""IS_APPROVED"": true,
    ""MAIN_GENRE"": ""Pop""
  }
]",2025-09-04,2025-09-11,1,25112.05064688,22813
MRELGC7C5964E6260404291674B9B57D69F4D,Rich Man (The 6th Mini Album),aespa,"[
  {
    ""CLIENT_DOMAIN"": ""Luminate"",
    ""GENRES"": [
      ""K-Pop"",
      ""Pop""
    ],
    ""MAIN_GENRE"": ""Pop""
  },
  {
    ""CLIENT_DOMAIN"": ""Billboard"",
    ""GENRES"": [
      ""Pop"",
      ""K-Pop""
    ],
    ""IS_APPROVED"": true,
    ""MAIN_GENRE"": ""Pop""
  }
]",2025-09-04,2025-09-18,2,5441.50171217,4115
MRELG929D7989598D45D08B44A4AE4BCAEC85,misery lake,blackbear,"[
  {
    ""CLIENT_DOMAIN"": ""Luminate"",
    ""GENRES"": [
      ""Rap"",
      ""R&B/Hip-Hop"",
      ""Pop""
    ],
    ""MAIN_GENRE"": ""Rap""
  },
  {
    ""CLIENT_DOMAIN"": ""Billboard"",
    ""GENRES"": [
      ""Pop""
    ],
    ""IS_APPROVED"": false,
    ""MAIN_GENRE"": ""Pop""
  }
]",2021-08-13,2021-08-19,1,9656.94809215,1363
MRELG929D7989598D45D08B44A4AE4BCAEC85,misery lake,blackbear,"[
  {
    ""CLIENT_DOMAIN"": ""Luminate"",
    ""GENRES"": [
      ""Rap"",
      ""R&B/Hip-Hop"",
      ""Pop""
    ],
    ""MAIN_GENRE"": ""Rap""
  },
  {
    ""CLIENT_DOMAIN"": ""Billboard"",
    ""GENRES"": [
      ""Pop""
    ],
    ""IS_APPROVED"": false,
    ""MAIN_GENRE"": ""Pop""
  }
]",2021-08-13,2021-08-26,2,5250.45964791,113
MRELGFF303379A09349BC911E6F31B2B4A470,WITHERED,d4vd,"[
  {
    ""CLIENT_DOMAIN"": ""Luminate"",
    ""GENRES"": [
      ""Rock"",
      ""Alternative"",
      ""R&B/Hip-Hop"",
      ""Pop""
    ],
    ""MAIN_GENRE"": ""Pop""
  },
  {
    ""CLIENT_DOMAIN"": ""Billboard"",
    ""GENRES"": [
      ""Alt. Rock"",
      ""Pop""
    ],
    ""IS_APPROVED"": true,
    ""MAIN_GENRE"": ""Pop""
  }
]",2025-04-25,2025-05-01,1,30276.49556591,14405
MRELGFF303379A09349BC911E6F31B2B4A470,WITHERED,d4vd,"[
  {
    ""CLIENT_DOMAIN"": ""Luminate"",
    ""GENRES"": [
      ""Rock"",
      ""Alternative"",
      ""R&B/Hip-Hop"",
      ""Pop""
    ],
    ""MAIN_GENRE"": ""Pop""
  },
  {
    ""CLIENT_DOMAIN"": ""Billboard"",
    ""GENRES"": [
      ""Alt. Rock"",
      ""Pop""
    ],
    ""IS_APPROVED"": true,
    ""MAIN_GENRE"": ""Pop""
  }
]",2025-04-25,2025-05-08,2,11185.33882844,1116
MRELG4CB2AC7FEB114CCE96CDEBE45ACD454A,GABRIEL,keshi,"[
  {
    ""CLIENT_DOMAIN"": ""Luminate"",
    ""GENRES"": [
      ""Indie Rock"",
      ""Rock"",
      ""R&B/Hip-Hop"",
      ""Pop""
    ],
    ""MAIN_GENRE"": ""Pop""
  },
  {
    ""CLIENT_DOMAIN"": ""Billboard"",
    ""GENRES"": [
      ""Pop""
    ],
    ""IS_APPROVED"": true,
    ""MAIN_GENRE"": ""Pop""
  }
]",2022-03-25,2022-03-31,1,22967.58953403,16978
MRELG4CB2AC7FEB114CCE96CDEBE45ACD454A,GABRIEL,keshi,"[
  {
    ""CLIENT_DOMAIN"": ""Luminate"",
    ""GENRES"": [
      ""Indie Rock"",
      ""Rock"",
      ""R&B/Hip-Hop"",
      ""Pop""
    ],
    ""MAIN_GENRE"": ""Pop""
  },
  {
    ""CLIENT_DOMAIN"": ""Billboard"",
    ""GENRES"": [
      ""Pop""
    ],
    ""IS_APPROVED"": true,
    ""MAIN_GENRE"": ""Pop""
  }
]",2022-03-25,2022-04-07,2,4139.59504313,943
MRELG844DC878729A446D92079DD896BAB1DF,BINGE,mgk,"[
  {
    ""CLIENT_DOMAIN"": ""Billboard"",
    ""GENRES"": [
      ""R&B/Hip-Hop"",
      ""Rap""
    ],
    ""IS_APPROVED"": true,
    ""MAIN_GENRE"": ""Rap""
  },
  {
    ""CLIENT_DOMAIN"": ""Luminate"",
    ""GENRES"": [
      ""Rap"",
      ""R&B/Hip-Hop"",
      ""Metal""
    ],
    ""MAIN_GENRE"": ""Rap""
  }
]",2018-09-21,2018-09-27,1,24014.26693619,8284
MRELG844DC878729A446D92079DD896BAB1DF,BINGE,mgk,"[
  {
    ""CLIENT_DOMAIN"": ""Billboard"",
    ""GENRES"": [
      ""R&B/Hip-Hop"",
      ""Rap""
    ],
    ""IS_APPROVED"": true,
    ""MAIN_GENRE"": ""Rap""
  },
  {
    ""CLIENT_DOMAIN"": ""Luminate"",
    ""GENRES"": [
      ""Rap"",
      ""R&B/Hip-Hop"",
      ""Metal""
    ],
    ""MAIN_GENRE"": ""Rap""
  }
]",2018-09-21,2018-10-04,2,9740.65615736,846
MRELGC42B8F0748A74485BDFF589678094213,Tickets To My Downfall,mgk,"[
  {
    ""CLIENT_DOMAIN"": ""Billboard"",
    ""GENRES"": [
      ""Rock"",
      ""Alt. Rock""
    ],
    ""IS_APPROVED"": true,
    ""MAIN_GENRE"": ""Alt. Rock""
  },
  {
    ""CLIENT_DOMAIN"": ""Luminate"",
    ""GENRES"": [
      ""Latin"",
      ""Rock"",
      ""Rap"",
      ""Metal""
    ],
    ""MAIN_GENRE"": ""Rock""
  }
]",2020-09-25,2020-10-01,1,124746.68726122,63118
MRELGC42B8F0748A74485BDFF589678094213,Tickets To My Downfall,mgk,"[
  {
    ""CLIENT_DOMAIN"": ""Billboard"",
    ""GENRES"": [
      ""Rock"",
      ""Alt. Rock""
    ],
    ""IS_APPROVED"": true,
    ""MAIN_GENRE"": ""Alt. Rock""
  },
  {
    ""CLIENT_DOMAIN"": ""Luminate"",
    ""GENRES"": [
      ""Latin"",
      ""Rock"",
      ""Rap"",
      ""Metal""
    ],
    ""MAIN_GENRE"": ""Rock""
  }
]",2020-09-25,2020-10-08,2,55749.09516047,11195
MRELG8FA47985912446A6B2971C6FEAB1BD16,lost americana,mgk,"[
  {
    ""CLIENT_DOMAIN"": ""Luminate"",
    ""GENRES"": [
      ""Rock"",
      ""Rap"",
      ""Metal""
    ],
    ""MAIN_GENRE"": ""Rock""
  },
  {
    ""CLIENT_DOMAIN"": ""Billboard"",
    ""GENRES"": [
      ""Alt. Rock"",
      ""Rock""
    ],
    ""IS_APPROVED"": true,
    ""MAIN_GENRE"": ""Alt. Rock""
  }
]",2025-08-07,2025-08-14,1,62307.75006706,40300
MRELG8FA47985912446A6B2971C6FEAB1BD16,lost americana,mgk,"[
  {
    ""CLIENT_DOMAIN"": ""Luminate"",
    ""GENRES"": [
      ""Rock"",
      ""Rap"",
      ""Metal""
    ],
    ""MAIN_GENRE"": ""Rock""
  },
  {
    ""CLIENT_DOMAIN"": ""Billboard"",
    ""GENRES"": [
      ""Alt. Rock"",
      ""Rock""
    ],
    ""IS_APPROVED"": true,
    ""MAIN_GENRE"": ""Alt. Rock""
  }
]",2025-08-07,2025-08-21,2,17368.52604391,4665
MRELG244347CDC467468F919749166D6AB86A,I Barely Know Her,sombr,"[
  {
    ""CLIENT_DOMAIN"": ""Billboard"",
    ""GENRES"": [
      ""Alt. Rock"",
      ""Rock""
    ],
    ""IS_APPROVED"": true,
    ""MAIN_GENRE"": ""Alt. Rock""
  },
  {
    ""CLIENT_DOMAIN"": ""Luminate"",
    ""GENRES"": [
      ""Indie Rock"",
      ""Rock"",
      ""R&B/Hip-Hop"",
      ""Others""
    ],
    ""MAIN_GENRE"": ""Rock""
  }
]",2025-08-21,2025-08-28,1,30468.01038937,507
MRELG244347CDC467468F919749166D6AB86A,I Barely Know Her,sombr,"[
  {
    ""CLIENT_DOMAIN"": ""Billboard"",
    ""GENRES"": [
      ""Alt. Rock"",
      ""Rock""
    ],
    ""IS_APPROVED"": true,
    ""MAIN_GENRE"": ""Alt. Rock""
  },
  {
    ""CLIENT_DOMAIN"": ""Luminate"",
    ""GENRES"": [
      ""Indie Rock"",
      ""Rock"",
      ""R&B/Hip-Hop"",
      ""Others""
    ],
    ""MAIN_GENRE"": ""Rock""
  }
]",2025-08-21,2025-09-04,2,27126.93668209,111
MRELG8FEB9F28B1424BDD8B29DDD5EECE48BF,SEVEN (D2C SINGLE CD,정국,"[
  {
    ""CLIENT_DOMAIN"": ""Luminate"",
    ""GENRES"": [
      ""K-Pop"",
      ""Pop""
    ],
    ""MAIN_GENRE"": ""K-Pop""
  },
  {
    ""CLIENT_DOMAIN"": ""Billboard"",
    ""GENRES"": [
      ""Pop""
    ],
    ""IS_APPROVED"": true,
    ""MAIN_GENRE"": ""Pop""
  }
]",2023-07-14,2023-07-20,1,27995.62731527,15640
MRELG8FEB9F28B1424BDD8B29DDD5EECE48BF,SEVEN (D2C SINGLE CD,정국,"[
  {
    ""CLIENT_DOMAIN"": ""Luminate"",
    ""GENRES"": [
      ""K-Pop"",
      ""Pop""
    ],
    ""MAIN_GENRE"": ""K-Pop""
  },
  {
    ""CLIENT_DOMAIN"": ""Billboard"",
    ""GENRES"": [
      ""Pop""
    ],
    ""IS_APPROVED"": true,
    ""MAIN_GENRE"": ""Pop""
  }
]",2023-07-14,2023-07-27,2,15486.54506530,17119
